0 info it worked if it ends with ok
1 verbose cli [
1 verbose cli   '/home/ahmed-wael/node_modules/.pnpm/node@22.21.0/node_modules/node/bin/node',
1 verbose cli   '/home/ahmed-wael/node_modules/npm/bin/npm-cli.js',
1 verbose cli   'install',
1 verbose cli   '-D',
1 verbose cli   'eslint',
1 verbose cli   '@eslint/js',
1 verbose cli   'globals'
1 verbose cli ]
2 info using npm@2.15.12
3 info using node@v22.21.0
4 verbose install initial load of /home/ahmed-wael/ITI/Courses/Node/Tasks/4/package.json
5 warn package.json 4@1.0.0 No description
6 warn package.json 4@1.0.0 No repository field.
7 warn package.json 4@1.0.0 No README data
8 verbose installManyTop reading scoped package data from /home/ahmed-wael/ITI/Courses/Node/Tasks/4/node_modules/accepts/package.json
9 verbose installManyTop reading scoped package data from /home/ahmed-wael/ITI/Courses/Node/Tasks/4/node_modules/acorn/package.json
10 verbose installManyTop reading scoped package data from /home/ahmed-wael/ITI/Courses/Node/Tasks/4/node_modules/acorn-jsx/package.json
11 verbose installManyTop reading scoped package data from /home/ahmed-wael/ITI/Courses/Node/Tasks/4/node_modules/ajv/package.json
12 verbose installManyTop reading scoped package data from /home/ahmed-wael/ITI/Courses/Node/Tasks/4/node_modules/ansi-styles/package.json
13 verbose installManyTop reading scoped package data from /home/ahmed-wael/ITI/Courses/Node/Tasks/4/node_modules/ansis/package.json
14 verbose installManyTop reading scoped package data from /home/ahmed-wael/ITI/Courses/Node/Tasks/4/node_modules/anymatch/package.json
15 verbose installManyTop reading scoped package data from /home/ahmed-wael/ITI/Courses/Node/Tasks/4/node_modules/are-docs-informative/package.json
16 verbose installManyTop reading scoped package data from /home/ahmed-wael/ITI/Courses/Node/Tasks/4/node_modules/argparse/package.json
17 verbose installManyTop reading scoped package data from /home/ahmed-wael/ITI/Courses/Node/Tasks/4/node_modules/balanced-match/package.json
18 verbose installManyTop reading scoped package data from /home/ahmed-wael/ITI/Courses/Node/Tasks/4/node_modules/baseline-browser-mapping/package.json
19 verbose installManyTop reading scoped package data from /home/ahmed-wael/ITI/Courses/Node/Tasks/4/node_modules/binary-extensions/package.json
20 verbose installManyTop reading scoped package data from /home/ahmed-wael/ITI/Courses/Node/Tasks/4/node_modules/body-parser/package.json
21 verbose installManyTop reading scoped package data from /home/ahmed-wael/ITI/Courses/Node/Tasks/4/node_modules/boolbase/package.json
22 verbose installManyTop reading scoped package data from /home/ahmed-wael/ITI/Courses/Node/Tasks/4/node_modules/brace-expansion/package.json
23 verbose installManyTop reading scoped package data from /home/ahmed-wael/ITI/Courses/Node/Tasks/4/node_modules/braces/package.json
24 verbose installManyTop reading scoped package data from /home/ahmed-wael/ITI/Courses/Node/Tasks/4/node_modules/browserslist/package.json
25 verbose installManyTop reading scoped package data from /home/ahmed-wael/ITI/Courses/Node/Tasks/4/node_modules/bson/package.json
26 verbose installManyTop reading scoped package data from /home/ahmed-wael/ITI/Courses/Node/Tasks/4/node_modules/builtin-modules/package.json
27 verbose installManyTop reading scoped package data from /home/ahmed-wael/ITI/Courses/Node/Tasks/4/node_modules/bytes/package.json
28 verbose installManyTop reading scoped package data from /home/ahmed-wael/ITI/Courses/Node/Tasks/4/node_modules/cac/package.json
29 verbose installManyTop reading scoped package data from /home/ahmed-wael/ITI/Courses/Node/Tasks/4/node_modules/call-bind-apply-helpers/package.json
30 verbose installManyTop reading scoped package data from /home/ahmed-wael/ITI/Courses/Node/Tasks/4/node_modules/call-bound/package.json
31 verbose installManyTop reading scoped package data from /home/ahmed-wael/ITI/Courses/Node/Tasks/4/node_modules/callsites/package.json
32 verbose installManyTop reading scoped package data from /home/ahmed-wael/ITI/Courses/Node/Tasks/4/node_modules/caniuse-lite/package.json
33 verbose installManyTop reading scoped package data from /home/ahmed-wael/ITI/Courses/Node/Tasks/4/node_modules/ccount/package.json
34 verbose installManyTop reading scoped package data from /home/ahmed-wael/ITI/Courses/Node/Tasks/4/node_modules/chalk/package.json
35 verbose installManyTop reading scoped package data from /home/ahmed-wael/ITI/Courses/Node/Tasks/4/node_modules/change-case/package.json
36 verbose installManyTop reading scoped package data from /home/ahmed-wael/ITI/Courses/Node/Tasks/4/node_modules/character-entities/package.json
37 verbose installManyTop reading scoped package data from /home/ahmed-wael/ITI/Courses/Node/Tasks/4/node_modules/chokidar/package.json
38 verbose installManyTop reading scoped package data from /home/ahmed-wael/ITI/Courses/Node/Tasks/4/node_modules/ci-info/package.json
39 verbose installManyTop reading scoped package data from /home/ahmed-wael/ITI/Courses/Node/Tasks/4/node_modules/clean-regexp/package.json
40 verbose installManyTop reading scoped package data from /home/ahmed-wael/ITI/Courses/Node/Tasks/4/node_modules/color-convert/package.json
41 verbose installManyTop reading scoped package data from /home/ahmed-wael/ITI/Courses/Node/Tasks/4/node_modules/color-name/package.json
42 verbose installManyTop reading scoped package data from /home/ahmed-wael/ITI/Courses/Node/Tasks/4/node_modules/comment-parser/package.json
43 verbose installManyTop reading scoped package data from /home/ahmed-wael/ITI/Courses/Node/Tasks/4/node_modules/concat-map/package.json
44 verbose installManyTop reading scoped package data from /home/ahmed-wael/ITI/Courses/Node/Tasks/4/node_modules/confbox/package.json
45 verbose installManyTop reading scoped package data from /home/ahmed-wael/ITI/Courses/Node/Tasks/4/node_modules/content-disposition/package.json
46 verbose installManyTop reading scoped package data from /home/ahmed-wael/ITI/Courses/Node/Tasks/4/node_modules/content-type/package.json
47 verbose installManyTop reading scoped package data from /home/ahmed-wael/ITI/Courses/Node/Tasks/4/node_modules/cookie/package.json
48 verbose installManyTop reading scoped package data from /home/ahmed-wael/ITI/Courses/Node/Tasks/4/node_modules/cookie-signature/package.json
49 verbose installManyTop reading scoped package data from /home/ahmed-wael/ITI/Courses/Node/Tasks/4/node_modules/core-js-compat/package.json
50 verbose installManyTop reading scoped package data from /home/ahmed-wael/ITI/Courses/Node/Tasks/4/node_modules/cross-spawn/package.json
51 verbose installManyTop reading scoped package data from /home/ahmed-wael/ITI/Courses/Node/Tasks/4/node_modules/cssesc/package.json
52 verbose installManyTop reading scoped package data from /home/ahmed-wael/ITI/Courses/Node/Tasks/4/node_modules/debug/package.json
53 verbose installManyTop reading scoped package data from /home/ahmed-wael/ITI/Courses/Node/Tasks/4/node_modules/decode-named-character-reference/package.json
54 verbose installManyTop reading scoped package data from /home/ahmed-wael/ITI/Courses/Node/Tasks/4/node_modules/deep-is/package.json
55 verbose installManyTop reading scoped package data from /home/ahmed-wael/ITI/Courses/Node/Tasks/4/node_modules/depd/package.json
56 verbose installManyTop reading scoped package data from /home/ahmed-wael/ITI/Courses/Node/Tasks/4/node_modules/dequal/package.json
57 verbose installManyTop reading scoped package data from /home/ahmed-wael/ITI/Courses/Node/Tasks/4/node_modules/devlop/package.json
58 verbose installManyTop reading scoped package data from /home/ahmed-wael/ITI/Courses/Node/Tasks/4/node_modules/diff-sequences/package.json
59 verbose installManyTop reading scoped package data from /home/ahmed-wael/ITI/Courses/Node/Tasks/4/node_modules/dunder-proto/package.json
60 verbose installManyTop reading scoped package data from /home/ahmed-wael/ITI/Courses/Node/Tasks/4/node_modules/ee-first/package.json
61 verbose installManyTop reading scoped package data from /home/ahmed-wael/ITI/Courses/Node/Tasks/4/node_modules/electron-to-chromium/package.json
62 verbose installManyTop reading scoped package data from /home/ahmed-wael/ITI/Courses/Node/Tasks/4/node_modules/empathic/package.json
63 verbose installManyTop reading scoped package data from /home/ahmed-wael/ITI/Courses/Node/Tasks/4/node_modules/encodeurl/package.json
64 verbose installManyTop reading scoped package data from /home/ahmed-wael/ITI/Courses/Node/Tasks/4/node_modules/enhanced-resolve/package.json
65 verbose installManyTop reading scoped package data from /home/ahmed-wael/ITI/Courses/Node/Tasks/4/node_modules/entities/package.json
66 verbose installManyTop reading scoped package data from /home/ahmed-wael/ITI/Courses/Node/Tasks/4/node_modules/es-define-property/package.json
67 verbose installManyTop reading scoped package data from /home/ahmed-wael/ITI/Courses/Node/Tasks/4/node_modules/es-errors/package.json
68 verbose installManyTop reading scoped package data from /home/ahmed-wael/ITI/Courses/Node/Tasks/4/node_modules/es-object-atoms/package.json
69 verbose installManyTop reading scoped package data from /home/ahmed-wael/ITI/Courses/Node/Tasks/4/node_modules/escalade/package.json
70 verbose installManyTop reading scoped package data from /home/ahmed-wael/ITI/Courses/Node/Tasks/4/node_modules/escape-html/package.json
71 verbose installManyTop reading scoped package data from /home/ahmed-wael/ITI/Courses/Node/Tasks/4/node_modules/escape-string-regexp/package.json
72 verbose installManyTop reading scoped package data from /home/ahmed-wael/ITI/Courses/Node/Tasks/4/node_modules/eslint/package.json
73 verbose installManyTop reading scoped package data from /home/ahmed-wael/ITI/Courses/Node/Tasks/4/node_modules/eslint-compat-utils/package.json
74 verbose installManyTop reading scoped package data from /home/ahmed-wael/ITI/Courses/Node/Tasks/4/node_modules/eslint-config-flat-gitignore/package.json
75 verbose installManyTop reading scoped package data from /home/ahmed-wael/ITI/Courses/Node/Tasks/4/node_modules/eslint-flat-config-utils/package.json
76 verbose installManyTop reading scoped package data from /home/ahmed-wael/ITI/Courses/Node/Tasks/4/node_modules/eslint-json-compat-utils/package.json
77 verbose installManyTop reading scoped package data from /home/ahmed-wael/ITI/Courses/Node/Tasks/4/node_modules/eslint-merge-processors/package.json
78 verbose installManyTop reading scoped package data from /home/ahmed-wael/ITI/Courses/Node/Tasks/4/node_modules/eslint-plugin-antfu/package.json
79 verbose installManyTop reading scoped package data from /home/ahmed-wael/ITI/Courses/Node/Tasks/4/node_modules/eslint-plugin-command/package.json
80 verbose installManyTop reading scoped package data from /home/ahmed-wael/ITI/Courses/Node/Tasks/4/node_modules/eslint-plugin-es-x/package.json
81 verbose installManyTop reading scoped package data from /home/ahmed-wael/ITI/Courses/Node/Tasks/4/node_modules/eslint-plugin-import-lite/package.json
82 verbose installManyTop reading scoped package data from /home/ahmed-wael/ITI/Courses/Node/Tasks/4/node_modules/eslint-plugin-jsdoc/package.json
83 verbose installManyTop reading scoped package data from /home/ahmed-wael/ITI/Courses/Node/Tasks/4/node_modules/eslint-plugin-jsonc/package.json
84 verbose installManyTop reading scoped package data from /home/ahmed-wael/ITI/Courses/Node/Tasks/4/node_modules/eslint-plugin-n/package.json
85 verbose installManyTop reading scoped package data from /home/ahmed-wael/ITI/Courses/Node/Tasks/4/node_modules/eslint-plugin-no-only-tests/package.json
86 verbose installManyTop reading scoped package data from /home/ahmed-wael/ITI/Courses/Node/Tasks/4/node_modules/eslint-plugin-perfectionist/package.json
87 verbose installManyTop reading scoped package data from /home/ahmed-wael/ITI/Courses/Node/Tasks/4/node_modules/eslint-plugin-pnpm/package.json
88 verbose installManyTop reading scoped package data from /home/ahmed-wael/ITI/Courses/Node/Tasks/4/node_modules/eslint-plugin-regexp/package.json
89 verbose installManyTop reading scoped package data from /home/ahmed-wael/ITI/Courses/Node/Tasks/4/node_modules/eslint-plugin-toml/package.json
90 verbose installManyTop reading scoped package data from /home/ahmed-wael/ITI/Courses/Node/Tasks/4/node_modules/eslint-plugin-unicorn/package.json
91 verbose installManyTop reading scoped package data from /home/ahmed-wael/ITI/Courses/Node/Tasks/4/node_modules/eslint-plugin-unused-imports/package.json
92 verbose installManyTop reading scoped package data from /home/ahmed-wael/ITI/Courses/Node/Tasks/4/node_modules/eslint-plugin-vue/package.json
93 verbose installManyTop reading scoped package data from /home/ahmed-wael/ITI/Courses/Node/Tasks/4/node_modules/eslint-plugin-yml/package.json
94 verbose installManyTop reading scoped package data from /home/ahmed-wael/ITI/Courses/Node/Tasks/4/node_modules/eslint-processor-vue-blocks/package.json
95 verbose installManyTop reading scoped package data from /home/ahmed-wael/ITI/Courses/Node/Tasks/4/node_modules/eslint-scope/package.json
96 verbose installManyTop reading scoped package data from /home/ahmed-wael/ITI/Courses/Node/Tasks/4/node_modules/eslint-visitor-keys/package.json
97 verbose installManyTop reading scoped package data from /home/ahmed-wael/ITI/Courses/Node/Tasks/4/node_modules/espree/package.json
98 verbose installManyTop reading scoped package data from /home/ahmed-wael/ITI/Courses/Node/Tasks/4/node_modules/esquery/package.json
99 verbose installManyTop reading scoped package data from /home/ahmed-wael/ITI/Courses/Node/Tasks/4/node_modules/esrecurse/package.json
100 verbose installManyTop reading scoped package data from /home/ahmed-wael/ITI/Courses/Node/Tasks/4/node_modules/estraverse/package.json
101 verbose installManyTop reading scoped package data from /home/ahmed-wael/ITI/Courses/Node/Tasks/4/node_modules/estree-walker/package.json
102 verbose installManyTop reading scoped package data from /home/ahmed-wael/ITI/Courses/Node/Tasks/4/node_modules/esutils/package.json
103 verbose installManyTop reading scoped package data from /home/ahmed-wael/ITI/Courses/Node/Tasks/4/node_modules/etag/package.json
104 verbose installManyTop reading scoped package data from /home/ahmed-wael/ITI/Courses/Node/Tasks/4/node_modules/express/package.json
105 verbose installManyTop reading scoped package data from /home/ahmed-wael/ITI/Courses/Node/Tasks/4/node_modules/exsolve/package.json
106 verbose installManyTop reading scoped package data from /home/ahmed-wael/ITI/Courses/Node/Tasks/4/node_modules/fast-deep-equal/package.json
107 verbose installManyTop reading scoped package data from /home/ahmed-wael/ITI/Courses/Node/Tasks/4/node_modules/fast-json-stable-stringify/package.json
108 verbose installManyTop reading scoped package data from /home/ahmed-wael/ITI/Courses/Node/Tasks/4/node_modules/fast-levenshtein/package.json
109 verbose installManyTop reading scoped package data from /home/ahmed-wael/ITI/Courses/Node/Tasks/4/node_modules/fault/package.json
110 verbose installManyTop reading scoped package data from /home/ahmed-wael/ITI/Courses/Node/Tasks/4/node_modules/fdir/package.json
111 verbose installManyTop reading scoped package data from /home/ahmed-wael/ITI/Courses/Node/Tasks/4/node_modules/file-entry-cache/package.json
112 verbose installManyTop reading scoped package data from /home/ahmed-wael/ITI/Courses/Node/Tasks/4/node_modules/fill-range/package.json
113 verbose installManyTop reading scoped package data from /home/ahmed-wael/ITI/Courses/Node/Tasks/4/node_modules/finalhandler/package.json
114 verbose installManyTop reading scoped package data from /home/ahmed-wael/ITI/Courses/Node/Tasks/4/node_modules/find-up/package.json
115 verbose installManyTop reading scoped package data from /home/ahmed-wael/ITI/Courses/Node/Tasks/4/node_modules/find-up-simple/package.json
116 verbose installManyTop reading scoped package data from /home/ahmed-wael/ITI/Courses/Node/Tasks/4/node_modules/flat-cache/package.json
117 verbose installManyTop reading scoped package data from /home/ahmed-wael/ITI/Courses/Node/Tasks/4/node_modules/flatted/package.json
118 verbose installManyTop reading scoped package data from /home/ahmed-wael/ITI/Courses/Node/Tasks/4/node_modules/format/package.json
119 verbose installManyTop reading scoped package data from /home/ahmed-wael/ITI/Courses/Node/Tasks/4/node_modules/forwarded/package.json
120 verbose installManyTop reading scoped package data from /home/ahmed-wael/ITI/Courses/Node/Tasks/4/node_modules/fresh/package.json
121 verbose installManyTop reading scoped package data from /home/ahmed-wael/ITI/Courses/Node/Tasks/4/node_modules/function-bind/package.json
122 verbose installManyTop reading scoped package data from /home/ahmed-wael/ITI/Courses/Node/Tasks/4/node_modules/get-intrinsic/package.json
123 verbose installManyTop reading scoped package data from /home/ahmed-wael/ITI/Courses/Node/Tasks/4/node_modules/get-proto/package.json
124 verbose installManyTop reading scoped package data from /home/ahmed-wael/ITI/Courses/Node/Tasks/4/node_modules/get-tsconfig/package.json
125 verbose installManyTop reading scoped package data from /home/ahmed-wael/ITI/Courses/Node/Tasks/4/node_modules/github-slugger/package.json
126 verbose installManyTop reading scoped package data from /home/ahmed-wael/ITI/Courses/Node/Tasks/4/node_modules/glob-parent/package.json
127 verbose installManyTop reading scoped package data from /home/ahmed-wael/ITI/Courses/Node/Tasks/4/node_modules/globals/package.json
128 verbose installManyTop reading scoped package data from /home/ahmed-wael/ITI/Courses/Node/Tasks/4/node_modules/globrex/package.json
129 verbose installManyTop reading scoped package data from /home/ahmed-wael/ITI/Courses/Node/Tasks/4/node_modules/gopd/package.json
130 verbose installManyTop reading scoped package data from /home/ahmed-wael/ITI/Courses/Node/Tasks/4/node_modules/graceful-fs/package.json
131 verbose installManyTop reading scoped package data from /home/ahmed-wael/ITI/Courses/Node/Tasks/4/node_modules/graphemer/package.json
132 verbose installManyTop reading scoped package data from /home/ahmed-wael/ITI/Courses/Node/Tasks/4/node_modules/has-flag/package.json
133 verbose installManyTop reading scoped package data from /home/ahmed-wael/ITI/Courses/Node/Tasks/4/node_modules/has-symbols/package.json
134 verbose installManyTop reading scoped package data from /home/ahmed-wael/ITI/Courses/Node/Tasks/4/node_modules/hasown/package.json
135 verbose installManyTop reading scoped package data from /home/ahmed-wael/ITI/Courses/Node/Tasks/4/node_modules/html-entities/package.json
136 verbose installManyTop reading scoped package data from /home/ahmed-wael/ITI/Courses/Node/Tasks/4/node_modules/http-errors/package.json
137 verbose installManyTop reading scoped package data from /home/ahmed-wael/ITI/Courses/Node/Tasks/4/node_modules/iconv-lite/package.json
138 verbose installManyTop reading scoped package data from /home/ahmed-wael/ITI/Courses/Node/Tasks/4/node_modules/ignore/package.json
139 verbose installManyTop reading scoped package data from /home/ahmed-wael/ITI/Courses/Node/Tasks/4/node_modules/ignore-by-default/package.json
140 verbose installManyTop reading scoped package data from /home/ahmed-wael/ITI/Courses/Node/Tasks/4/node_modules/import-fresh/package.json
141 verbose installManyTop reading scoped package data from /home/ahmed-wael/ITI/Courses/Node/Tasks/4/node_modules/imurmurhash/package.json
142 verbose installManyTop reading scoped package data from /home/ahmed-wael/ITI/Courses/Node/Tasks/4/node_modules/indent-string/package.json
143 verbose installManyTop reading scoped package data from /home/ahmed-wael/ITI/Courses/Node/Tasks/4/node_modules/inherits/package.json
144 verbose installManyTop reading scoped package data from /home/ahmed-wael/ITI/Courses/Node/Tasks/4/node_modules/ipaddr.js/package.json
145 verbose installManyTop reading scoped package data from /home/ahmed-wael/ITI/Courses/Node/Tasks/4/node_modules/is-binary-path/package.json
146 verbose installManyTop reading scoped package data from /home/ahmed-wael/ITI/Courses/Node/Tasks/4/node_modules/is-builtin-module/package.json
147 verbose installManyTop reading scoped package data from /home/ahmed-wael/ITI/Courses/Node/Tasks/4/node_modules/is-extglob/package.json
148 verbose installManyTop reading scoped package data from /home/ahmed-wael/ITI/Courses/Node/Tasks/4/node_modules/is-glob/package.json
149 verbose installManyTop reading scoped package data from /home/ahmed-wael/ITI/Courses/Node/Tasks/4/node_modules/is-number/package.json
150 verbose installManyTop reading scoped package data from /home/ahmed-wael/ITI/Courses/Node/Tasks/4/node_modules/is-promise/package.json
151 verbose installManyTop reading scoped package data from /home/ahmed-wael/ITI/Courses/Node/Tasks/4/node_modules/isexe/package.json
152 verbose installManyTop reading scoped package data from /home/ahmed-wael/ITI/Courses/Node/Tasks/4/node_modules/js-yaml/package.json
153 verbose installManyTop reading scoped package data from /home/ahmed-wael/ITI/Courses/Node/Tasks/4/node_modules/jsdoc-type-pratt-parser/package.json
154 verbose installManyTop reading scoped package data from /home/ahmed-wael/ITI/Courses/Node/Tasks/4/node_modules/jsesc/package.json
155 verbose installManyTop reading scoped package data from /home/ahmed-wael/ITI/Courses/Node/Tasks/4/node_modules/json-buffer/package.json
156 verbose installManyTop reading scoped package data from /home/ahmed-wael/ITI/Courses/Node/Tasks/4/node_modules/json-schema-traverse/package.json
157 verbose installManyTop reading scoped package data from /home/ahmed-wael/ITI/Courses/Node/Tasks/4/node_modules/json-stable-stringify-without-jsonify/package.json
158 verbose installManyTop reading scoped package data from /home/ahmed-wael/ITI/Courses/Node/Tasks/4/node_modules/jsonc-eslint-parser/package.json
159 verbose installManyTop reading scoped package data from /home/ahmed-wael/ITI/Courses/Node/Tasks/4/node_modules/kareem/package.json
160 verbose installManyTop reading scoped package data from /home/ahmed-wael/ITI/Courses/Node/Tasks/4/node_modules/keyv/package.json
161 verbose installManyTop reading scoped package data from /home/ahmed-wael/ITI/Courses/Node/Tasks/4/node_modules/levn/package.json
162 verbose installManyTop reading scoped package data from /home/ahmed-wael/ITI/Courses/Node/Tasks/4/node_modules/local-pkg/package.json
163 verbose installManyTop reading scoped package data from /home/ahmed-wael/ITI/Courses/Node/Tasks/4/node_modules/locate-path/package.json
164 verbose installManyTop reading scoped package data from /home/ahmed-wael/ITI/Courses/Node/Tasks/4/node_modules/lodash.merge/package.json
165 verbose installManyTop reading scoped package data from /home/ahmed-wael/ITI/Courses/Node/Tasks/4/node_modules/longest-streak/package.json
166 verbose installManyTop reading scoped package data from /home/ahmed-wael/ITI/Courses/Node/Tasks/4/node_modules/magic-string/package.json
167 verbose installManyTop reading scoped package data from /home/ahmed-wael/ITI/Courses/Node/Tasks/4/node_modules/markdown-table/package.json
168 verbose installManyTop reading scoped package data from /home/ahmed-wael/ITI/Courses/Node/Tasks/4/node_modules/math-intrinsics/package.json
169 verbose installManyTop reading scoped package data from /home/ahmed-wael/ITI/Courses/Node/Tasks/4/node_modules/mdast-util-find-and-replace/package.json
170 verbose installManyTop reading scoped package data from /home/ahmed-wael/ITI/Courses/Node/Tasks/4/node_modules/mdast-util-from-markdown/package.json
171 verbose installManyTop reading scoped package data from /home/ahmed-wael/ITI/Courses/Node/Tasks/4/node_modules/mdast-util-frontmatter/package.json
172 verbose installManyTop reading scoped package data from /home/ahmed-wael/ITI/Courses/Node/Tasks/4/node_modules/mdast-util-gfm/package.json
173 verbose installManyTop reading scoped package data from /home/ahmed-wael/ITI/Courses/Node/Tasks/4/node_modules/mdast-util-gfm-autolink-literal/package.json
174 verbose installManyTop reading scoped package data from /home/ahmed-wael/ITI/Courses/Node/Tasks/4/node_modules/mdast-util-gfm-footnote/package.json
175 verbose installManyTop reading scoped package data from /home/ahmed-wael/ITI/Courses/Node/Tasks/4/node_modules/mdast-util-gfm-strikethrough/package.json
176 verbose installManyTop reading scoped package data from /home/ahmed-wael/ITI/Courses/Node/Tasks/4/node_modules/mdast-util-gfm-table/package.json
177 verbose installManyTop reading scoped package data from /home/ahmed-wael/ITI/Courses/Node/Tasks/4/node_modules/mdast-util-gfm-task-list-item/package.json
178 verbose installManyTop reading scoped package data from /home/ahmed-wael/ITI/Courses/Node/Tasks/4/node_modules/mdast-util-phrasing/package.json
179 verbose installManyTop reading scoped package data from /home/ahmed-wael/ITI/Courses/Node/Tasks/4/node_modules/mdast-util-to-markdown/package.json
180 verbose installManyTop reading scoped package data from /home/ahmed-wael/ITI/Courses/Node/Tasks/4/node_modules/mdast-util-to-string/package.json
181 verbose installManyTop reading scoped package data from /home/ahmed-wael/ITI/Courses/Node/Tasks/4/node_modules/media-typer/package.json
182 verbose installManyTop reading scoped package data from /home/ahmed-wael/ITI/Courses/Node/Tasks/4/node_modules/memory-pager/package.json
183 verbose installManyTop reading scoped package data from /home/ahmed-wael/ITI/Courses/Node/Tasks/4/node_modules/merge-descriptors/package.json
184 verbose installManyTop reading scoped package data from /home/ahmed-wael/ITI/Courses/Node/Tasks/4/node_modules/micromark/package.json
185 verbose installManyTop reading scoped package data from /home/ahmed-wael/ITI/Courses/Node/Tasks/4/node_modules/micromark-core-commonmark/package.json
186 verbose installManyTop reading scoped package data from /home/ahmed-wael/ITI/Courses/Node/Tasks/4/node_modules/micromark-extension-frontmatter/package.json
187 verbose installManyTop reading scoped package data from /home/ahmed-wael/ITI/Courses/Node/Tasks/4/node_modules/micromark-extension-gfm/package.json
188 verbose installManyTop reading scoped package data from /home/ahmed-wael/ITI/Courses/Node/Tasks/4/node_modules/micromark-extension-gfm-autolink-literal/package.json
189 verbose installManyTop reading scoped package data from /home/ahmed-wael/ITI/Courses/Node/Tasks/4/node_modules/micromark-extension-gfm-footnote/package.json
190 verbose installManyTop reading scoped package data from /home/ahmed-wael/ITI/Courses/Node/Tasks/4/node_modules/micromark-extension-gfm-strikethrough/package.json
191 verbose installManyTop reading scoped package data from /home/ahmed-wael/ITI/Courses/Node/Tasks/4/node_modules/micromark-extension-gfm-table/package.json
192 verbose installManyTop reading scoped package data from /home/ahmed-wael/ITI/Courses/Node/Tasks/4/node_modules/micromark-extension-gfm-tagfilter/package.json
193 verbose installManyTop reading scoped package data from /home/ahmed-wael/ITI/Courses/Node/Tasks/4/node_modules/micromark-extension-gfm-task-list-item/package.json
194 verbose installManyTop reading scoped package data from /home/ahmed-wael/ITI/Courses/Node/Tasks/4/node_modules/micromark-factory-destination/package.json
195 verbose installManyTop reading scoped package data from /home/ahmed-wael/ITI/Courses/Node/Tasks/4/node_modules/micromark-factory-label/package.json
196 verbose installManyTop reading scoped package data from /home/ahmed-wael/ITI/Courses/Node/Tasks/4/node_modules/micromark-factory-space/package.json
197 verbose installManyTop reading scoped package data from /home/ahmed-wael/ITI/Courses/Node/Tasks/4/node_modules/micromark-factory-title/package.json
198 verbose installManyTop reading scoped package data from /home/ahmed-wael/ITI/Courses/Node/Tasks/4/node_modules/micromark-factory-whitespace/package.json
199 verbose installManyTop reading scoped package data from /home/ahmed-wael/ITI/Courses/Node/Tasks/4/node_modules/micromark-util-character/package.json
200 verbose installManyTop reading scoped package data from /home/ahmed-wael/ITI/Courses/Node/Tasks/4/node_modules/micromark-util-chunked/package.json
201 verbose installManyTop reading scoped package data from /home/ahmed-wael/ITI/Courses/Node/Tasks/4/node_modules/micromark-util-classify-character/package.json
202 verbose installManyTop reading scoped package data from /home/ahmed-wael/ITI/Courses/Node/Tasks/4/node_modules/micromark-util-combine-extensions/package.json
203 verbose installManyTop reading scoped package data from /home/ahmed-wael/ITI/Courses/Node/Tasks/4/node_modules/micromark-util-decode-numeric-character-reference/package.json
204 verbose installManyTop reading scoped package data from /home/ahmed-wael/ITI/Courses/Node/Tasks/4/node_modules/micromark-util-decode-string/package.json
205 verbose installManyTop reading scoped package data from /home/ahmed-wael/ITI/Courses/Node/Tasks/4/node_modules/micromark-util-encode/package.json
206 verbose installManyTop reading scoped package data from /home/ahmed-wael/ITI/Courses/Node/Tasks/4/node_modules/micromark-util-html-tag-name/package.json
207 verbose installManyTop reading scoped package data from /home/ahmed-wael/ITI/Courses/Node/Tasks/4/node_modules/micromark-util-normalize-identifier/package.json
208 verbose installManyTop reading scoped package data from /home/ahmed-wael/ITI/Courses/Node/Tasks/4/node_modules/micromark-util-resolve-all/package.json
209 verbose installManyTop reading scoped package data from /home/ahmed-wael/ITI/Courses/Node/Tasks/4/node_modules/micromark-util-sanitize-uri/package.json
210 verbose installManyTop reading scoped package data from /home/ahmed-wael/ITI/Courses/Node/Tasks/4/node_modules/micromark-util-subtokenize/package.json
211 verbose installManyTop reading scoped package data from /home/ahmed-wael/ITI/Courses/Node/Tasks/4/node_modules/micromark-util-symbol/package.json
212 verbose installManyTop reading scoped package data from /home/ahmed-wael/ITI/Courses/Node/Tasks/4/node_modules/micromark-util-types/package.json
213 verbose installManyTop reading scoped package data from /home/ahmed-wael/ITI/Courses/Node/Tasks/4/node_modules/mime-db/package.json
214 verbose installManyTop reading scoped package data from /home/ahmed-wael/ITI/Courses/Node/Tasks/4/node_modules/mime-types/package.json
215 verbose installManyTop reading scoped package data from /home/ahmed-wael/ITI/Courses/Node/Tasks/4/node_modules/minimatch/package.json
216 verbose installManyTop reading scoped package data from /home/ahmed-wael/ITI/Courses/Node/Tasks/4/node_modules/mlly/package.json
217 verbose installManyTop reading scoped package data from /home/ahmed-wael/ITI/Courses/Node/Tasks/4/node_modules/mongodb/package.json
218 verbose installManyTop reading scoped package data from /home/ahmed-wael/ITI/Courses/Node/Tasks/4/node_modules/mongodb-connection-string-url/package.json
219 verbose installManyTop reading scoped package data from /home/ahmed-wael/ITI/Courses/Node/Tasks/4/node_modules/mongoose/package.json
220 verbose installManyTop reading scoped package data from /home/ahmed-wael/ITI/Courses/Node/Tasks/4/node_modules/mpath/package.json
221 verbose installManyTop reading scoped package data from /home/ahmed-wael/ITI/Courses/Node/Tasks/4/node_modules/mquery/package.json
222 verbose installManyTop reading scoped package data from /home/ahmed-wael/ITI/Courses/Node/Tasks/4/node_modules/ms/package.json
223 verbose installManyTop reading scoped package data from /home/ahmed-wael/ITI/Courses/Node/Tasks/4/node_modules/nanoid/package.json
224 verbose installManyTop reading scoped package data from /home/ahmed-wael/ITI/Courses/Node/Tasks/4/node_modules/natural-compare/package.json
225 verbose installManyTop reading scoped package data from /home/ahmed-wael/ITI/Courses/Node/Tasks/4/node_modules/natural-orderby/package.json
226 verbose installManyTop reading scoped package data from /home/ahmed-wael/ITI/Courses/Node/Tasks/4/node_modules/negotiator/package.json
227 verbose installManyTop reading scoped package data from /home/ahmed-wael/ITI/Courses/Node/Tasks/4/node_modules/node-releases/package.json
228 verbose installManyTop reading scoped package data from /home/ahmed-wael/ITI/Courses/Node/Tasks/4/node_modules/nodemon/package.json
229 verbose installManyTop reading scoped package data from /home/ahmed-wael/ITI/Courses/Node/Tasks/4/node_modules/normalize-path/package.json
230 verbose installManyTop reading scoped package data from /home/ahmed-wael/ITI/Courses/Node/Tasks/4/node_modules/nth-check/package.json
231 verbose installManyTop reading scoped package data from /home/ahmed-wael/ITI/Courses/Node/Tasks/4/node_modules/object-deep-merge/package.json
232 verbose installManyTop reading scoped package data from /home/ahmed-wael/ITI/Courses/Node/Tasks/4/node_modules/object-inspect/package.json
233 verbose installManyTop reading scoped package data from /home/ahmed-wael/ITI/Courses/Node/Tasks/4/node_modules/on-finished/package.json
234 verbose installManyTop reading scoped package data from /home/ahmed-wael/ITI/Courses/Node/Tasks/4/node_modules/once/package.json
235 verbose installManyTop reading scoped package data from /home/ahmed-wael/ITI/Courses/Node/Tasks/4/node_modules/optionator/package.json
236 verbose installManyTop reading scoped package data from /home/ahmed-wael/ITI/Courses/Node/Tasks/4/node_modules/p-limit/package.json
237 verbose installManyTop reading scoped package data from /home/ahmed-wael/ITI/Courses/Node/Tasks/4/node_modules/p-locate/package.json
238 verbose installManyTop reading scoped package data from /home/ahmed-wael/ITI/Courses/Node/Tasks/4/node_modules/package-manager-detector/package.json
239 verbose installManyTop reading scoped package data from /home/ahmed-wael/ITI/Courses/Node/Tasks/4/node_modules/parent-module/package.json
240 verbose installManyTop reading scoped package data from /home/ahmed-wael/ITI/Courses/Node/Tasks/4/node_modules/parse-gitignore/package.json
241 verbose installManyTop reading scoped package data from /home/ahmed-wael/ITI/Courses/Node/Tasks/4/node_modules/parse-imports-exports/package.json
242 verbose installManyTop reading scoped package data from /home/ahmed-wael/ITI/Courses/Node/Tasks/4/node_modules/parse-statements/package.json
243 verbose installManyTop reading scoped package data from /home/ahmed-wael/ITI/Courses/Node/Tasks/4/node_modules/parseurl/package.json
244 verbose installManyTop reading scoped package data from /home/ahmed-wael/ITI/Courses/Node/Tasks/4/node_modules/path-exists/package.json
245 verbose installManyTop reading scoped package data from /home/ahmed-wael/ITI/Courses/Node/Tasks/4/node_modules/path-key/package.json
246 verbose installManyTop reading scoped package data from /home/ahmed-wael/ITI/Courses/Node/Tasks/4/node_modules/path-to-regexp/package.json
247 verbose installManyTop reading scoped package data from /home/ahmed-wael/ITI/Courses/Node/Tasks/4/node_modules/pathe/package.json
248 verbose installManyTop reading scoped package data from /home/ahmed-wael/ITI/Courses/Node/Tasks/4/node_modules/picocolors/package.json
249 verbose installManyTop reading scoped package data from /home/ahmed-wael/ITI/Courses/Node/Tasks/4/node_modules/picomatch/package.json
250 verbose installManyTop reading scoped package data from /home/ahmed-wael/ITI/Courses/Node/Tasks/4/node_modules/pkg-types/package.json
251 verbose installManyTop reading scoped package data from /home/ahmed-wael/ITI/Courses/Node/Tasks/4/node_modules/pluralize/package.json
252 verbose installManyTop reading scoped package data from /home/ahmed-wael/ITI/Courses/Node/Tasks/4/node_modules/pnpm-workspace-yaml/package.json
253 verbose installManyTop reading scoped package data from /home/ahmed-wael/ITI/Courses/Node/Tasks/4/node_modules/postcss/package.json
254 verbose installManyTop reading scoped package data from /home/ahmed-wael/ITI/Courses/Node/Tasks/4/node_modules/postcss-selector-parser/package.json
255 verbose installManyTop reading scoped package data from /home/ahmed-wael/ITI/Courses/Node/Tasks/4/node_modules/prelude-ls/package.json
256 verbose installManyTop reading scoped package data from /home/ahmed-wael/ITI/Courses/Node/Tasks/4/node_modules/proxy-addr/package.json
257 verbose installManyTop reading scoped package data from /home/ahmed-wael/ITI/Courses/Node/Tasks/4/node_modules/pstree.remy/package.json
258 verbose installManyTop reading scoped package data from /home/ahmed-wael/ITI/Courses/Node/Tasks/4/node_modules/punycode/package.json
259 verbose installManyTop reading scoped package data from /home/ahmed-wael/ITI/Courses/Node/Tasks/4/node_modules/qs/package.json
260 verbose installManyTop reading scoped package data from /home/ahmed-wael/ITI/Courses/Node/Tasks/4/node_modules/quansync/package.json
261 verbose installManyTop reading scoped package data from /home/ahmed-wael/ITI/Courses/Node/Tasks/4/node_modules/range-parser/package.json
262 verbose installManyTop reading scoped package data from /home/ahmed-wael/ITI/Courses/Node/Tasks/4/node_modules/raw-body/package.json
263 verbose installManyTop reading scoped package data from /home/ahmed-wael/ITI/Courses/Node/Tasks/4/node_modules/readdirp/package.json
264 verbose installManyTop reading scoped package data from /home/ahmed-wael/ITI/Courses/Node/Tasks/4/node_modules/refa/package.json
265 verbose installManyTop reading scoped package data from /home/ahmed-wael/ITI/Courses/Node/Tasks/4/node_modules/regexp-ast-analysis/package.json
266 verbose installManyTop reading scoped package data from /home/ahmed-wael/ITI/Courses/Node/Tasks/4/node_modules/regexp-tree/package.json
267 verbose installManyTop reading scoped package data from /home/ahmed-wael/ITI/Courses/Node/Tasks/4/node_modules/regjsparser/package.json
268 verbose installManyTop reading scoped package data from /home/ahmed-wael/ITI/Courses/Node/Tasks/4/node_modules/reserved-identifiers/package.json
269 verbose installManyTop reading scoped package data from /home/ahmed-wael/ITI/Courses/Node/Tasks/4/node_modules/resolve-from/package.json
270 verbose installManyTop reading scoped package data from /home/ahmed-wael/ITI/Courses/Node/Tasks/4/node_modules/resolve-pkg-maps/package.json
271 verbose installManyTop reading scoped package data from /home/ahmed-wael/ITI/Courses/Node/Tasks/4/node_modules/router/package.json
272 verbose installManyTop reading scoped package data from /home/ahmed-wael/ITI/Courses/Node/Tasks/4/node_modules/safer-buffer/package.json
273 verbose installManyTop reading scoped package data from /home/ahmed-wael/ITI/Courses/Node/Tasks/4/node_modules/scslre/package.json
274 verbose installManyTop reading scoped package data from /home/ahmed-wael/ITI/Courses/Node/Tasks/4/node_modules/semver/package.json
275 verbose installManyTop reading scoped package data from /home/ahmed-wael/ITI/Courses/Node/Tasks/4/node_modules/send/package.json
276 verbose installManyTop reading scoped package data from /home/ahmed-wael/ITI/Courses/Node/Tasks/4/node_modules/serve-static/package.json
277 verbose installManyTop reading scoped package data from /home/ahmed-wael/ITI/Courses/Node/Tasks/4/node_modules/setprototypeof/package.json
278 verbose installManyTop reading scoped package data from /home/ahmed-wael/ITI/Courses/Node/Tasks/4/node_modules/shebang-command/package.json
279 verbose installManyTop reading scoped package data from /home/ahmed-wael/ITI/Courses/Node/Tasks/4/node_modules/shebang-regex/package.json
280 verbose installManyTop reading scoped package data from /home/ahmed-wael/ITI/Courses/Node/Tasks/4/node_modules/side-channel/package.json
281 verbose installManyTop reading scoped package data from /home/ahmed-wael/ITI/Courses/Node/Tasks/4/node_modules/side-channel-list/package.json
282 verbose installManyTop reading scoped package data from /home/ahmed-wael/ITI/Courses/Node/Tasks/4/node_modules/side-channel-map/package.json
283 verbose installManyTop reading scoped package data from /home/ahmed-wael/ITI/Courses/Node/Tasks/4/node_modules/side-channel-weakmap/package.json
284 verbose installManyTop reading scoped package data from /home/ahmed-wael/ITI/Courses/Node/Tasks/4/node_modules/sift/package.json
285 verbose installManyTop reading scoped package data from /home/ahmed-wael/ITI/Courses/Node/Tasks/4/node_modules/simple-update-notifier/package.json
286 verbose installManyTop reading scoped package data from /home/ahmed-wael/ITI/Courses/Node/Tasks/4/node_modules/sisteransi/package.json
287 verbose installManyTop reading scoped package data from /home/ahmed-wael/ITI/Courses/Node/Tasks/4/node_modules/source-map-js/package.json
288 verbose installManyTop reading scoped package data from /home/ahmed-wael/ITI/Courses/Node/Tasks/4/node_modules/sparse-bitfield/package.json
289 verbose installManyTop reading scoped package data from /home/ahmed-wael/ITI/Courses/Node/Tasks/4/node_modules/spdx-exceptions/package.json
290 verbose installManyTop reading scoped package data from /home/ahmed-wael/ITI/Courses/Node/Tasks/4/node_modules/spdx-expression-parse/package.json
291 verbose installManyTop reading scoped package data from /home/ahmed-wael/ITI/Courses/Node/Tasks/4/node_modules/spdx-license-ids/package.json
292 verbose installManyTop reading scoped package data from /home/ahmed-wael/ITI/Courses/Node/Tasks/4/node_modules/statuses/package.json
293 verbose installManyTop reading scoped package data from /home/ahmed-wael/ITI/Courses/Node/Tasks/4/node_modules/strip-indent/package.json
294 verbose installManyTop reading scoped package data from /home/ahmed-wael/ITI/Courses/Node/Tasks/4/node_modules/strip-json-comments/package.json
295 verbose installManyTop reading scoped package data from /home/ahmed-wael/ITI/Courses/Node/Tasks/4/node_modules/supports-color/package.json
296 verbose installManyTop reading scoped package data from /home/ahmed-wael/ITI/Courses/Node/Tasks/4/node_modules/synckit/package.json
297 verbose installManyTop reading scoped package data from /home/ahmed-wael/ITI/Courses/Node/Tasks/4/node_modules/tapable/package.json
298 verbose installManyTop reading scoped package data from /home/ahmed-wael/ITI/Courses/Node/Tasks/4/node_modules/tinyexec/package.json
299 verbose installManyTop reading scoped package data from /home/ahmed-wael/ITI/Courses/Node/Tasks/4/node_modules/tinyglobby/package.json
300 verbose installManyTop reading scoped package data from /home/ahmed-wael/ITI/Courses/Node/Tasks/4/node_modules/to-regex-range/package.json
301 verbose installManyTop reading scoped package data from /home/ahmed-wael/ITI/Courses/Node/Tasks/4/node_modules/to-valid-identifier/package.json
302 verbose installManyTop reading scoped package data from /home/ahmed-wael/ITI/Courses/Node/Tasks/4/node_modules/toidentifier/package.json
303 verbose installManyTop reading scoped package data from /home/ahmed-wael/ITI/Courses/Node/Tasks/4/node_modules/toml-eslint-parser/package.json
304 verbose installManyTop reading scoped package data from /home/ahmed-wael/ITI/Courses/Node/Tasks/4/node_modules/touch/package.json
305 verbose installManyTop reading scoped package data from /home/ahmed-wael/ITI/Courses/Node/Tasks/4/node_modules/tr46/package.json
306 verbose installManyTop reading scoped package data from /home/ahmed-wael/ITI/Courses/Node/Tasks/4/node_modules/ts-api-utils/package.json
307 verbose installManyTop reading scoped package data from /home/ahmed-wael/ITI/Courses/Node/Tasks/4/node_modules/ts-declaration-location/package.json
308 verbose installManyTop reading scoped package data from /home/ahmed-wael/ITI/Courses/Node/Tasks/4/node_modules/type-check/package.json
309 verbose installManyTop reading scoped package data from /home/ahmed-wael/ITI/Courses/Node/Tasks/4/node_modules/type-is/package.json
310 verbose installManyTop reading scoped package data from /home/ahmed-wael/ITI/Courses/Node/Tasks/4/node_modules/typescript/package.json
311 verbose installManyTop reading scoped package data from /home/ahmed-wael/ITI/Courses/Node/Tasks/4/node_modules/ufo/package.json
312 verbose installManyTop reading scoped package data from /home/ahmed-wael/ITI/Courses/Node/Tasks/4/node_modules/undefsafe/package.json
313 verbose installManyTop reading scoped package data from /home/ahmed-wael/ITI/Courses/Node/Tasks/4/node_modules/unist-util-is/package.json
314 verbose installManyTop reading scoped package data from /home/ahmed-wael/ITI/Courses/Node/Tasks/4/node_modules/unist-util-stringify-position/package.json
315 verbose installManyTop reading scoped package data from /home/ahmed-wael/ITI/Courses/Node/Tasks/4/node_modules/unist-util-visit/package.json
316 verbose installManyTop reading scoped package data from /home/ahmed-wael/ITI/Courses/Node/Tasks/4/node_modules/unist-util-visit-parents/package.json
317 verbose installManyTop reading scoped package data from /home/ahmed-wael/ITI/Courses/Node/Tasks/4/node_modules/unpipe/package.json
318 verbose installManyTop reading scoped package data from /home/ahmed-wael/ITI/Courses/Node/Tasks/4/node_modules/update-browserslist-db/package.json
319 verbose installManyTop reading scoped package data from /home/ahmed-wael/ITI/Courses/Node/Tasks/4/node_modules/uri-js/package.json
320 verbose installManyTop reading scoped package data from /home/ahmed-wael/ITI/Courses/Node/Tasks/4/node_modules/util-deprecate/package.json
321 verbose installManyTop reading scoped package data from /home/ahmed-wael/ITI/Courses/Node/Tasks/4/node_modules/vary/package.json
322 verbose installManyTop reading scoped package data from /home/ahmed-wael/ITI/Courses/Node/Tasks/4/node_modules/vue-eslint-parser/package.json
323 verbose installManyTop reading scoped package data from /home/ahmed-wael/ITI/Courses/Node/Tasks/4/node_modules/webidl-conversions/package.json
324 verbose installManyTop reading scoped package data from /home/ahmed-wael/ITI/Courses/Node/Tasks/4/node_modules/whatwg-url/package.json
325 verbose installManyTop reading scoped package data from /home/ahmed-wael/ITI/Courses/Node/Tasks/4/node_modules/which/package.json
326 verbose installManyTop reading scoped package data from /home/ahmed-wael/ITI/Courses/Node/Tasks/4/node_modules/word-wrap/package.json
327 verbose installManyTop reading scoped package data from /home/ahmed-wael/ITI/Courses/Node/Tasks/4/node_modules/wrappy/package.json
328 verbose installManyTop reading scoped package data from /home/ahmed-wael/ITI/Courses/Node/Tasks/4/node_modules/xml-name-validator/package.json
329 verbose installManyTop reading scoped package data from /home/ahmed-wael/ITI/Courses/Node/Tasks/4/node_modules/yaml/package.json
330 verbose installManyTop reading scoped package data from /home/ahmed-wael/ITI/Courses/Node/Tasks/4/node_modules/yaml-eslint-parser/package.json
331 verbose installManyTop reading scoped package data from /home/ahmed-wael/ITI/Courses/Node/Tasks/4/node_modules/yocto-queue/package.json
332 verbose installManyTop reading scoped package data from /home/ahmed-wael/ITI/Courses/Node/Tasks/4/node_modules/zwitch/package.json
333 verbose installManyTop reading scoped package data from /home/ahmed-wael/ITI/Courses/Node/Tasks/4/node_modules/@antfu/eslint-config/package.json
334 verbose installManyTop reading scoped package data from /home/ahmed-wael/ITI/Courses/Node/Tasks/4/node_modules/@antfu/install-pkg/package.json
335 verbose installManyTop reading scoped package data from /home/ahmed-wael/ITI/Courses/Node/Tasks/4/node_modules/@clack/core/package.json
336 verbose installManyTop reading scoped package data from /home/ahmed-wael/ITI/Courses/Node/Tasks/4/node_modules/@clack/prompts/package.json
337 verbose installManyTop reading scoped package data from /home/ahmed-wael/ITI/Courses/Node/Tasks/4/node_modules/@es-joy/jsdoccomment/package.json
338 verbose installManyTop reading scoped package data from /home/ahmed-wael/ITI/Courses/Node/Tasks/4/node_modules/@es-joy/resolve.exports/package.json
339 verbose installManyTop reading scoped package data from /home/ahmed-wael/ITI/Courses/Node/Tasks/4/node_modules/@eslint/compat/package.json
340 verbose installManyTop reading scoped package data from /home/ahmed-wael/ITI/Courses/Node/Tasks/4/node_modules/@eslint/config-array/package.json
341 verbose installManyTop reading scoped package data from /home/ahmed-wael/ITI/Courses/Node/Tasks/4/node_modules/@eslint/config-helpers/package.json
342 verbose installManyTop reading scoped package data from /home/ahmed-wael/ITI/Courses/Node/Tasks/4/node_modules/@eslint/core/package.json
343 verbose installManyTop reading scoped package data from /home/ahmed-wael/ITI/Courses/Node/Tasks/4/node_modules/@eslint/eslintrc/package.json
344 verbose installManyTop reading scoped package data from /home/ahmed-wael/ITI/Courses/Node/Tasks/4/node_modules/@eslint/js/package.json
345 verbose installManyTop reading scoped package data from /home/ahmed-wael/ITI/Courses/Node/Tasks/4/node_modules/@eslint/markdown/package.json
346 verbose installManyTop reading scoped package data from /home/ahmed-wael/ITI/Courses/Node/Tasks/4/node_modules/@eslint/object-schema/package.json
347 verbose installManyTop reading scoped package data from /home/ahmed-wael/ITI/Courses/Node/Tasks/4/node_modules/@eslint/plugin-kit/package.json
348 verbose installManyTop reading scoped package data from /home/ahmed-wael/ITI/Courses/Node/Tasks/4/node_modules/@humanfs/core/package.json
349 verbose installManyTop reading scoped package data from /home/ahmed-wael/ITI/Courses/Node/Tasks/4/node_modules/@humanfs/node/package.json
350 verbose installManyTop reading scoped package data from /home/ahmed-wael/ITI/Courses/Node/Tasks/4/node_modules/@eslint-community/eslint-plugin-eslint-comments/package.json
351 verbose installManyTop reading scoped package data from /home/ahmed-wael/ITI/Courses/Node/Tasks/4/node_modules/@eslint-community/eslint-utils/package.json
352 verbose installManyTop reading scoped package data from /home/ahmed-wael/ITI/Courses/Node/Tasks/4/node_modules/@eslint-community/regexpp/package.json
353 verbose installManyTop reading scoped package data from /home/ahmed-wael/ITI/Courses/Node/Tasks/4/node_modules/@humanwhocodes/module-importer/package.json
354 verbose installManyTop reading scoped package data from /home/ahmed-wael/ITI/Courses/Node/Tasks/4/node_modules/@humanwhocodes/retry/package.json
355 verbose installManyTop reading scoped package data from /home/ahmed-wael/ITI/Courses/Node/Tasks/4/node_modules/@pkgr/core/package.json
356 verbose installManyTop reading scoped package data from /home/ahmed-wael/ITI/Courses/Node/Tasks/4/node_modules/@jridgewell/sourcemap-codec/package.json
357 verbose installManyTop reading scoped package data from /home/ahmed-wael/ITI/Courses/Node/Tasks/4/node_modules/@mongodb-js/saslprep/package.json
358 verbose installManyTop reading scoped package data from /home/ahmed-wael/ITI/Courses/Node/Tasks/4/node_modules/@babel/helper-string-parser/package.json
359 verbose installManyTop reading scoped package data from /home/ahmed-wael/ITI/Courses/Node/Tasks/4/node_modules/@babel/helper-validator-identifier/package.json
360 verbose installManyTop reading scoped package data from /home/ahmed-wael/ITI/Courses/Node/Tasks/4/node_modules/@babel/parser/package.json
361 verbose installManyTop reading scoped package data from /home/ahmed-wael/ITI/Courses/Node/Tasks/4/node_modules/@babel/types/package.json
362 verbose installManyTop reading scoped package data from /home/ahmed-wael/ITI/Courses/Node/Tasks/4/node_modules/@sindresorhus/base62/package.json
363 verbose installManyTop reading scoped package data from /home/ahmed-wael/ITI/Courses/Node/Tasks/4/node_modules/@stylistic/eslint-plugin/package.json
364 verbose installManyTop reading scoped package data from /home/ahmed-wael/ITI/Courses/Node/Tasks/4/node_modules/@vitest/eslint-plugin/package.json
365 verbose installManyTop reading scoped package data from /home/ahmed-wael/ITI/Courses/Node/Tasks/4/node_modules/@typescript-eslint/eslint-plugin/package.json
366 verbose installManyTop reading scoped package data from /home/ahmed-wael/ITI/Courses/Node/Tasks/4/node_modules/@typescript-eslint/parser/package.json
367 verbose installManyTop reading scoped package data from /home/ahmed-wael/ITI/Courses/Node/Tasks/4/node_modules/@typescript-eslint/project-service/package.json
368 verbose installManyTop reading scoped package data from /home/ahmed-wael/ITI/Courses/Node/Tasks/4/node_modules/@typescript-eslint/scope-manager/package.json
369 verbose installManyTop reading scoped package data from /home/ahmed-wael/ITI/Courses/Node/Tasks/4/node_modules/@typescript-eslint/tsconfig-utils/package.json
370 verbose installManyTop reading scoped package data from /home/ahmed-wael/ITI/Courses/Node/Tasks/4/node_modules/@typescript-eslint/type-utils/package.json
371 verbose installManyTop reading scoped package data from /home/ahmed-wael/ITI/Courses/Node/Tasks/4/node_modules/@typescript-eslint/types/package.json
372 verbose installManyTop reading scoped package data from /home/ahmed-wael/ITI/Courses/Node/Tasks/4/node_modules/@typescript-eslint/typescript-estree/package.json
373 verbose installManyTop reading scoped package data from /home/ahmed-wael/ITI/Courses/Node/Tasks/4/node_modules/@typescript-eslint/utils/package.json
374 verbose installManyTop reading scoped package data from /home/ahmed-wael/ITI/Courses/Node/Tasks/4/node_modules/@typescript-eslint/visitor-keys/package.json
375 verbose installManyTop reading scoped package data from /home/ahmed-wael/ITI/Courses/Node/Tasks/4/node_modules/@types/debug/package.json
376 verbose installManyTop reading scoped package data from /home/ahmed-wael/ITI/Courses/Node/Tasks/4/node_modules/@types/estree/package.json
377 verbose installManyTop reading scoped package data from /home/ahmed-wael/ITI/Courses/Node/Tasks/4/node_modules/@types/json-schema/package.json
378 verbose installManyTop reading scoped package data from /home/ahmed-wael/ITI/Courses/Node/Tasks/4/node_modules/@types/mdast/package.json
379 verbose installManyTop reading scoped package data from /home/ahmed-wael/ITI/Courses/Node/Tasks/4/node_modules/@types/ms/package.json
380 verbose installManyTop reading scoped package data from /home/ahmed-wael/ITI/Courses/Node/Tasks/4/node_modules/@types/unist/package.json
381 verbose installManyTop reading scoped package data from /home/ahmed-wael/ITI/Courses/Node/Tasks/4/node_modules/@types/webidl-conversions/package.json
382 verbose installManyTop reading scoped package data from /home/ahmed-wael/ITI/Courses/Node/Tasks/4/node_modules/@types/whatwg-url/package.json
383 verbose installManyTop reading scoped package data from /home/ahmed-wael/ITI/Courses/Node/Tasks/4/node_modules/@vue/compiler-core/package.json
384 verbose installManyTop reading scoped package data from /home/ahmed-wael/ITI/Courses/Node/Tasks/4/node_modules/@vue/compiler-dom/package.json
385 verbose installManyTop reading scoped package data from /home/ahmed-wael/ITI/Courses/Node/Tasks/4/node_modules/@vue/compiler-sfc/package.json
386 verbose installManyTop reading scoped package data from /home/ahmed-wael/ITI/Courses/Node/Tasks/4/node_modules/@vue/compiler-ssr/package.json
387 verbose installManyTop reading scoped package data from /home/ahmed-wael/ITI/Courses/Node/Tasks/4/node_modules/@vue/shared/package.json
388 info package.json pnpm-workspace-yaml@1.5.0 No README data
389 info package.json @pkgr/core@0.2.9 No README data
390 info package.json @stylistic/eslint-plugin@5.8.0 No description
391 info package.json @stylistic/eslint-plugin@5.8.0 No README data
392 info package.json format@0.2.2 No license field.
393 info package.json object-deep-merge@2.0.0 No repository field.
394 info package.json punycode@2.3.1 punycode is also the name of a node core module.
395 verbose readDependencies loading dependencies from /home/ahmed-wael/ITI/Courses/Node/Tasks/4/package.json
396 verbose install eslint is installed as 9.39.2
397 silly cache add args [ 'eslint', null ]
398 verbose cache add spec eslint
399 verbose install @eslint/js is installed as 9.39.2
400 silly cache add args [ '@eslint/js', null ]
401 verbose cache add spec @eslint/js
402 verbose install globals is installed as 17.3.0
403 silly cache add args [ 'globals', null ]
404 verbose cache add spec globals
405 silly cache add parsed spec Result {
405 silly cache add   raw: 'eslint',
405 silly cache add   scope: null,
405 silly cache add   name: 'eslint',
405 silly cache add   rawSpec: '',
405 silly cache add   spec: 'latest',
405 silly cache add   type: 'tag'
405 silly cache add }
406 silly addNamed eslint@latest
407 verbose addNamed "latest" is being treated as a dist-tag for eslint
408 info addNameTag [ 'eslint', 'latest' ]
409 silly mapToRegistry name eslint
410 silly mapToRegistry using default registry
411 silly mapToRegistry registry https://registry.npmjs.org/
412 silly mapToRegistry data Result {
412 silly mapToRegistry   raw: 'eslint',
412 silly mapToRegistry   scope: null,
412 silly mapToRegistry   name: 'eslint',
412 silly mapToRegistry   rawSpec: '',
412 silly mapToRegistry   spec: 'latest',
412 silly mapToRegistry   type: 'tag'
412 silly mapToRegistry }
413 silly mapToRegistry uri https://registry.npmjs.org/eslint
414 verbose addNameTag registry:https://registry.npmjs.org/eslint not in flight; fetching
415 silly cache add parsed spec Result {
415 silly cache add   raw: '@eslint/js',
415 silly cache add   scope: '@eslint',
415 silly cache add   name: '@eslint/js',
415 silly cache add   rawSpec: '',
415 silly cache add   spec: 'latest',
415 silly cache add   type: 'tag'
415 silly cache add }
416 silly addNamed @eslint/js@latest
417 verbose addNamed "latest" is being treated as a dist-tag for @eslint/js
418 info addNameTag [ '@eslint/js', 'latest' ]
419 silly mapToRegistry name @eslint/js
420 silly mapToRegistry scope (from package name) @eslint
421 verbose mapToRegistry no registry URL found in name for scope @eslint
422 silly mapToRegistry using default registry
423 silly mapToRegistry registry https://registry.npmjs.org/
424 silly mapToRegistry data Result {
424 silly mapToRegistry   raw: '@eslint/js',
424 silly mapToRegistry   scope: '@eslint',
424 silly mapToRegistry   name: '@eslint/js',
424 silly mapToRegistry   rawSpec: '',
424 silly mapToRegistry   spec: 'latest',
424 silly mapToRegistry   type: 'tag'
424 silly mapToRegistry }
425 silly mapToRegistry uri https://registry.npmjs.org/@eslint%2fjs
426 verbose addNameTag registry:https://registry.npmjs.org/@eslint%2fjs not in flight; fetching
427 silly cache add parsed spec Result {
427 silly cache add   raw: 'globals',
427 silly cache add   scope: null,
427 silly cache add   name: 'globals',
427 silly cache add   rawSpec: '',
427 silly cache add   spec: 'latest',
427 silly cache add   type: 'tag'
427 silly cache add }
428 silly addNamed globals@latest
429 verbose addNamed "latest" is being treated as a dist-tag for globals
430 info addNameTag [ 'globals', 'latest' ]
431 silly mapToRegistry name globals
432 silly mapToRegistry using default registry
433 silly mapToRegistry registry https://registry.npmjs.org/
434 silly mapToRegistry data Result {
434 silly mapToRegistry   raw: 'globals',
434 silly mapToRegistry   scope: null,
434 silly mapToRegistry   name: 'globals',
434 silly mapToRegistry   rawSpec: '',
434 silly mapToRegistry   spec: 'latest',
434 silly mapToRegistry   type: 'tag'
434 silly mapToRegistry }
435 silly mapToRegistry uri https://registry.npmjs.org/globals
436 verbose addNameTag registry:https://registry.npmjs.org/globals not in flight; fetching
437 verbose request uri https://registry.npmjs.org/eslint
438 verbose request no auth needed
439 info attempt registry request try #1 at 2:42:30 PM
440 verbose request id 9358c239eca46859
441 http request GET https://registry.npmjs.org/eslint
442 verbose request uri https://registry.npmjs.org/@eslint%2fjs
443 verbose request no auth needed
444 info attempt registry request try #1 at 2:42:30 PM
445 http request GET https://registry.npmjs.org/@eslint%2fjs
446 verbose request uri https://registry.npmjs.org/globals
447 verbose request no auth needed
448 info attempt registry request try #1 at 2:42:30 PM
449 http request GET https://registry.npmjs.org/globals
450 http 200 https://registry.npmjs.org/eslint
451 verbose headers {
451 verbose headers   date: 'Sun, 15 Feb 2026 12:42:30 GMT',
451 verbose headers   'content-type': 'application/json',
451 verbose headers   'transfer-encoding': 'chunked',
451 verbose headers   connection: 'keep-alive',
451 verbose headers   'content-encoding': 'gzip',
451 verbose headers   'cf-ray': '9ce4e2b71935baa6-MXP',
451 verbose headers   'cf-cache-status': 'HIT',
451 verbose headers   'access-control-allow-origin': '*',
451 verbose headers   age: '99',
451 verbose headers   'cache-control': 'public, max-age=300',
451 verbose headers   etag: 'W/"f050dcfacaecab7a61f9fc0bdbbc6f97"',
451 verbose headers   'last-modified': 'Fri, 06 Feb 2026 22:30:49 GMT',
451 verbose headers   vary: 'accept-encoding, accept',
451 verbose headers   'set-cookie': [
451 verbose headers     '_cfuvid=rjYZxwNpUBthFMN8ZZ7RuwdFIUgOWTrlZNDaqflZSFE-1771159350949-0.0.1.1-604800000; path=/; domain=.npmjs.org; HttpOnly; Secure; SameSite=None'
451 verbose headers   ],
451 verbose headers   server: 'cloudflare'
451 verbose headers }
452 silly get cb [
452 silly get   200,
452 silly get   {
452 silly get     date: 'Sun, 15 Feb 2026 12:42:30 GMT',
452 silly get     'content-type': 'application/json',
452 silly get     'transfer-encoding': 'chunked',
452 silly get     connection: 'keep-alive',
452 silly get     'content-encoding': 'gzip',
452 silly get     'cf-ray': '9ce4e2b71935baa6-MXP',
452 silly get     'cf-cache-status': 'HIT',
452 silly get     'access-control-allow-origin': '*',
452 silly get     age: '99',
452 silly get     'cache-control': 'public, max-age=300',
452 silly get     etag: 'W/"f050dcfacaecab7a61f9fc0bdbbc6f97"',
452 silly get     'last-modified': 'Fri, 06 Feb 2026 22:30:49 GMT',
452 silly get     vary: 'accept-encoding, accept',
452 silly get     'set-cookie': [
452 silly get       '_cfuvid=rjYZxwNpUBthFMN8ZZ7RuwdFIUgOWTrlZNDaqflZSFE-1771159350949-0.0.1.1-604800000; path=/; domain=.npmjs.org; HttpOnly; Secure; SameSite=None'
452 silly get     ],
452 silly get     server: 'cloudflare'
452 silly get   }
452 silly get ]
453 verbose get saving eslint to /home/ahmed-wael/.npm/registry.npmjs.org/eslint/.cache.json
454 verbose correctMkdir /home/ahmed-wael/.npm correctMkdir not in flight; initializing
455 http 200 https://registry.npmjs.org/@eslint%2fjs
456 verbose headers {
456 verbose headers   date: 'Sun, 15 Feb 2026 12:42:31 GMT',
456 verbose headers   'content-type': 'application/json',
456 verbose headers   'transfer-encoding': 'chunked',
456 verbose headers   connection: 'keep-alive',
456 verbose headers   'content-encoding': 'gzip',
456 verbose headers   'cf-ray': '9ce4e2b8a8bbee9f-MXP',
456 verbose headers   'cf-cache-status': 'HIT',
456 verbose headers   'access-control-allow-origin': '*',
456 verbose headers   age: '227',
456 verbose headers   'cache-control': 'public, max-age=300',
456 verbose headers   etag: 'W/"5310257349ee58db53e762a63c2e971b"',
456 verbose headers   'last-modified': 'Fri, 06 Feb 2026 22:34:57 GMT',
456 verbose headers   vary: 'accept-encoding, accept',
456 verbose headers   'set-cookie': [
456 verbose headers     '_cfuvid=mWnoC5oLrOk8y1t9KIukjpS.ucNjWhZosryQZgOJyQo-1771159351176-0.0.1.1-604800000; path=/; domain=.npmjs.org; HttpOnly; Secure; SameSite=None'
456 verbose headers   ],
456 verbose headers   server: 'cloudflare'
456 verbose headers }
457 silly get cb [
457 silly get   200,
457 silly get   {
457 silly get     date: 'Sun, 15 Feb 2026 12:42:31 GMT',
457 silly get     'content-type': 'application/json',
457 silly get     'transfer-encoding': 'chunked',
457 silly get     connection: 'keep-alive',
457 silly get     'content-encoding': 'gzip',
457 silly get     'cf-ray': '9ce4e2b8a8bbee9f-MXP',
457 silly get     'cf-cache-status': 'HIT',
457 silly get     'access-control-allow-origin': '*',
457 silly get     age: '227',
457 silly get     'cache-control': 'public, max-age=300',
457 silly get     etag: 'W/"5310257349ee58db53e762a63c2e971b"',
457 silly get     'last-modified': 'Fri, 06 Feb 2026 22:34:57 GMT',
457 silly get     vary: 'accept-encoding, accept',
457 silly get     'set-cookie': [
457 silly get       '_cfuvid=mWnoC5oLrOk8y1t9KIukjpS.ucNjWhZosryQZgOJyQo-1771159351176-0.0.1.1-604800000; path=/; domain=.npmjs.org; HttpOnly; Secure; SameSite=None'
457 silly get     ],
457 silly get     server: 'cloudflare'
457 silly get   }
457 silly get ]
458 verbose get saving @eslint/js to /home/ahmed-wael/.npm/registry.npmjs.org/_40eslint_252fjs/.cache.json
459 verbose correctMkdir /home/ahmed-wael/.npm correctMkdir not in flight; initializing
460 silly addNameTag next cb for eslint with tag latest
461 silly addNamed eslint@10.0.0
462 verbose addNamed "10.0.0" is a plain semver version for eslint
463 silly mapToRegistry name eslint
464 silly mapToRegistry using default registry
465 silly mapToRegistry registry https://registry.npmjs.org/
466 silly mapToRegistry data Result {
466 silly mapToRegistry   raw: 'eslint',
466 silly mapToRegistry   scope: null,
466 silly mapToRegistry   name: 'eslint',
466 silly mapToRegistry   rawSpec: '',
466 silly mapToRegistry   spec: 'latest',
466 silly mapToRegistry   type: 'tag'
466 silly mapToRegistry }
467 silly mapToRegistry uri https://registry.npmjs.org/eslint
468 verbose addRemoteTarball https://registry.npmjs.org/eslint/-/eslint-10.0.0.tgz not in flight; adding
469 verbose addRemoteTarball [
469 verbose addRemoteTarball   'https://registry.npmjs.org/eslint/-/eslint-10.0.0.tgz',
469 verbose addRemoteTarball   'c93c36a96d91621d0fbb680db848ea11af56ab1e'
469 verbose addRemoteTarball ]
470 silly addNameTag next cb for @eslint/js with tag latest
471 silly addNamed @eslint/js@10.0.1
472 verbose addNamed "10.0.1" is a plain semver version for @eslint/js
473 silly mapToRegistry name @eslint/js
474 silly mapToRegistry scope (from package name) @eslint
475 verbose mapToRegistry no registry URL found in name for scope @eslint
476 silly mapToRegistry using default registry
477 silly mapToRegistry registry https://registry.npmjs.org/
478 silly mapToRegistry data Result {
478 silly mapToRegistry   raw: '@eslint/js',
478 silly mapToRegistry   scope: '@eslint',
478 silly mapToRegistry   name: '@eslint/js',
478 silly mapToRegistry   rawSpec: '',
478 silly mapToRegistry   spec: 'latest',
478 silly mapToRegistry   type: 'tag'
478 silly mapToRegistry }
479 silly mapToRegistry uri https://registry.npmjs.org/@eslint%2fjs
480 verbose addRemoteTarball https://registry.npmjs.org/@eslint/js/-/js-10.0.1.tgz not in flight; adding
481 verbose addRemoteTarball [
481 verbose addRemoteTarball   'https://registry.npmjs.org/@eslint/js/-/js-10.0.1.tgz',
481 verbose addRemoteTarball   '1e8a876f50117af8ab67e47d5ad94d38d6622583'
481 verbose addRemoteTarball ]
482 info retry fetch attempt 1 at 2:42:31 PM
483 info attempt registry request try #1 at 2:42:31 PM
484 http fetch GET https://registry.npmjs.org/eslint/-/eslint-10.0.0.tgz
485 info retry fetch attempt 1 at 2:42:31 PM
486 info attempt registry request try #1 at 2:42:31 PM
487 http fetch GET https://registry.npmjs.org/@eslint/js/-/js-10.0.1.tgz
488 http 200 https://registry.npmjs.org/globals
489 verbose headers {
489 verbose headers   date: 'Sun, 15 Feb 2026 12:42:31 GMT',
489 verbose headers   'content-type': 'application/json',
489 verbose headers   'transfer-encoding': 'chunked',
489 verbose headers   connection: 'keep-alive',
489 verbose headers   'content-encoding': 'gzip',
489 verbose headers   'cf-ray': '9ce4e2b8ace4a972-MXP',
489 verbose headers   'cf-cache-status': 'HIT',
489 verbose headers   'access-control-allow-origin': '*',
489 verbose headers   age: '95',
489 verbose headers   'cache-control': 'public, max-age=300',
489 verbose headers   etag: 'W/"ff260d60e6b8c27772c47323e897f8b2"',
489 verbose headers   'last-modified': 'Sun, 01 Feb 2026 00:50:00 GMT',
489 verbose headers   vary: 'accept-encoding, accept',
489 verbose headers   'set-cookie': [
489 verbose headers     '_cfuvid=PEwAq6ni_36SU_cDErvCuyfWTRk.fRBIsiVswtF78hQ-1771159351165-0.0.1.1-604800000; path=/; domain=.npmjs.org; HttpOnly; Secure; SameSite=None'
489 verbose headers   ],
489 verbose headers   server: 'cloudflare'
489 verbose headers }
490 silly get cb [
490 silly get   200,
490 silly get   {
490 silly get     date: 'Sun, 15 Feb 2026 12:42:31 GMT',
490 silly get     'content-type': 'application/json',
490 silly get     'transfer-encoding': 'chunked',
490 silly get     connection: 'keep-alive',
490 silly get     'content-encoding': 'gzip',
490 silly get     'cf-ray': '9ce4e2b8ace4a972-MXP',
490 silly get     'cf-cache-status': 'HIT',
490 silly get     'access-control-allow-origin': '*',
490 silly get     age: '95',
490 silly get     'cache-control': 'public, max-age=300',
490 silly get     etag: 'W/"ff260d60e6b8c27772c47323e897f8b2"',
490 silly get     'last-modified': 'Sun, 01 Feb 2026 00:50:00 GMT',
490 silly get     vary: 'accept-encoding, accept',
490 silly get     'set-cookie': [
490 silly get       '_cfuvid=PEwAq6ni_36SU_cDErvCuyfWTRk.fRBIsiVswtF78hQ-1771159351165-0.0.1.1-604800000; path=/; domain=.npmjs.org; HttpOnly; Secure; SameSite=None'
490 silly get     ],
490 silly get     server: 'cloudflare'
490 silly get   }
490 silly get ]
491 verbose get saving globals to /home/ahmed-wael/.npm/registry.npmjs.org/globals/.cache.json
492 verbose correctMkdir /home/ahmed-wael/.npm correctMkdir not in flight; initializing
493 http fetch 200 https://registry.npmjs.org/eslint/-/eslint-10.0.0.tgz
494 silly addNameTag next cb for globals with tag latest
495 silly addNamed globals@17.3.0
496 verbose addNamed "17.3.0" is a plain semver version for globals
497 silly mapToRegistry name globals
498 silly mapToRegistry using default registry
499 silly mapToRegistry registry https://registry.npmjs.org/
500 silly mapToRegistry data Result {
500 silly mapToRegistry   raw: 'globals',
500 silly mapToRegistry   scope: null,
500 silly mapToRegistry   name: 'globals',
500 silly mapToRegistry   rawSpec: '',
500 silly mapToRegistry   spec: 'latest',
500 silly mapToRegistry   type: 'tag'
500 silly mapToRegistry }
501 silly mapToRegistry uri https://registry.npmjs.org/globals
502 verbose addRemoteTarball https://registry.npmjs.org/globals/-/globals-17.3.0.tgz not in flight; adding
503 verbose addRemoteTarball [
503 verbose addRemoteTarball   'https://registry.npmjs.org/globals/-/globals-17.3.0.tgz',
503 verbose addRemoteTarball   '8b96544c2fa91afada02747cc9731c002a96f3b9'
503 verbose addRemoteTarball ]
504 info retry fetch attempt 1 at 2:42:31 PM
505 info attempt registry request try #1 at 2:42:31 PM
506 http fetch GET https://registry.npmjs.org/globals/-/globals-17.3.0.tgz
507 http fetch 200 https://registry.npmjs.org/globals/-/globals-17.3.0.tgz
508 silly fetchAndShaCheck shasum 8b96544c2fa91afada02747cc9731c002a96f3b9
509 verbose addTmpTarball /tmp/npm-9435-555b3955/registry.npmjs.org/globals/-/globals-17.3.0.tgz not in flight; adding
510 verbose addTmpTarball already have metadata; skipping unpack for globals@17.3.0
511 verbose correctMkdir /home/ahmed-wael/.npm correctMkdir not in flight; initializing
512 silly cache afterAdd globals@17.3.0
513 verbose afterAdd /home/ahmed-wael/.npm/globals/17.3.0/package/package.json not in flight; writing
514 verbose correctMkdir /home/ahmed-wael/.npm correctMkdir not in flight; initializing
515 verbose afterAdd /home/ahmed-wael/.npm/globals/17.3.0/package/package.json written
516 http fetch 200 https://registry.npmjs.org/@eslint/js/-/js-10.0.1.tgz
517 silly fetchAndShaCheck shasum 1e8a876f50117af8ab67e47d5ad94d38d6622583
518 verbose addTmpTarball /tmp/npm-9435-555b3955/registry.npmjs.org/_40eslint/js/-/js-10.0.1.tgz not in flight; adding
519 verbose addTmpTarball already have metadata; skipping unpack for @eslint/js@10.0.1
520 verbose correctMkdir /home/ahmed-wael/.npm correctMkdir not in flight; initializing
521 silly cache afterAdd @eslint/js@10.0.1
522 verbose afterAdd /home/ahmed-wael/.npm/@eslint/js/10.0.1/package/package.json not in flight; writing
523 verbose correctMkdir /home/ahmed-wael/.npm correctMkdir not in flight; initializing
524 verbose afterAdd /home/ahmed-wael/.npm/@eslint/js/10.0.1/package/package.json written
525 silly fetchAndShaCheck shasum c93c36a96d91621d0fbb680db848ea11af56ab1e
526 verbose addTmpTarball /tmp/npm-9435-555b3955/registry.npmjs.org/eslint/-/eslint-10.0.0.tgz not in flight; adding
527 verbose addTmpTarball already have metadata; skipping unpack for eslint@10.0.0
528 verbose correctMkdir /home/ahmed-wael/.npm correctMkdir not in flight; initializing
529 silly cache afterAdd eslint@10.0.0
530 verbose afterAdd /home/ahmed-wael/.npm/eslint/10.0.0/package/package.json not in flight; writing
531 verbose correctMkdir /home/ahmed-wael/.npm correctMkdir not in flight; initializing
532 verbose afterAdd /home/ahmed-wael/.npm/eslint/10.0.0/package/package.json written
533 silly install resolved [
533 silly install resolved   {
533 silly install resolved     name: 'globals',
533 silly install resolved     version: '17.3.0',
533 silly install resolved     description: 'Global identifiers from different JavaScript environments',
533 silly install resolved     license: 'MIT',
533 silly install resolved     repository: {
533 silly install resolved       type: 'git',
533 silly install resolved       url: 'git+https://github.com/sindresorhus/globals.git'
533 silly install resolved     },
533 silly install resolved     funding: 'https://github.com/sponsors/sindresorhus',
533 silly install resolved     author: {
533 silly install resolved       name: 'Sindre Sorhus',
533 silly install resolved       email: 'sindresorhus@gmail.com',
533 silly install resolved       url: 'https://sindresorhus.com'
533 silly install resolved     },
533 silly install resolved     sideEffects: false,
533 silly install resolved     engines: { node: '>=18' },
533 silly install resolved     scripts: {
533 silly install resolved       test: 'npm run build && xo && ava && tsd',
533 silly install resolved       prepare: 'npm run build',
533 silly install resolved       update: 'node scripts/update.mjs',
533 silly install resolved       'update:browser': 'node scripts/update.mjs --job=browser',
533 silly install resolved       'update:builtin': 'node scripts/update.mjs --job=builtin',
533 silly install resolved       'update:builtin-yearly': 'node scripts/update.mjs --job=builtin-yearly',
533 silly install resolved       'update:nodeBuiltin': 'node scripts/update.mjs --job=nodeBuiltin',
533 silly install resolved       'update:bunBuiltin': 'node scripts/update.mjs --job=bunBuiltin',
533 silly install resolved       'update:denoBuiltin': 'node scripts/update.mjs --job=denoBuiltin',
533 silly install resolved       'update:worker': 'node scripts/update.mjs --job=worker',
533 silly install resolved       'update:serviceworker': 'node scripts/update.mjs --job=serviceworker',
533 silly install resolved       'update:sharedWorker': 'node scripts/update.mjs --job=sharedWorker',
533 silly install resolved       'update:audioWorklet': 'node scripts/update.mjs --job=audioWorklet',
533 silly install resolved       'update:shelljs': 'node scripts/update.mjs --job=shelljs',
533 silly install resolved       'update:jest': 'node scripts/update.mjs --job=jest',
533 silly install resolved       'update:vitest': 'node scripts/update.mjs --job=vitest',
533 silly install resolved       build: 'run-s build:data build:types',
533 silly install resolved       'build:data': 'node scripts/generate-data.mjs',
533 silly install resolved       'build:types': 'node scripts/generate-types.mjs'
533 silly install resolved     },
533 silly install resolved     keywords: [
533 silly install resolved       'globals',
533 silly install resolved       'global',
533 silly install resolved       'identifiers',
533 silly install resolved       'variables',
533 silly install resolved       'vars',
533 silly install resolved       'jshint',
533 silly install resolved       'eslint',
533 silly install resolved       'environments'
533 silly install resolved     ],
533 silly install resolved     devDependencies: {
533 silly install resolved       '@vitest/eslint-plugin': '^1.1.44',
533 silly install resolved       ava: '^6.3.0',
533 silly install resolved       cheerio: '^1.0.0',
533 silly install resolved       'eslint-plugin-jest': '^28.11.0',
533 silly install resolved       'get-port': '^7.1.0',
533 silly install resolved       'is-identifier': '^1.0.1',
533 silly install resolved       'nano-spawn': '^0.2.0',
533 silly install resolved       'npm-run-all2': '^8.0.1',
533 silly install resolved       outdent: '^0.8.0',
533 silly install resolved       puppeteer: '^24.36.1',
533 silly install resolved       shelljs: '^0.9.2',
533 silly install resolved       tsd: '^0.32.0',
533 silly install resolved       'type-fest': '^4.41.0',
533 silly install resolved       xo: '^0.60.0'
533 silly install resolved     },
533 silly install resolved     xo: { rules: [Object], overrides: [Array] },
533 silly install resolved     tsd: { compilerOptions: [Object] },
533 silly install resolved     gitHead: '5edc6020698a76964b0fa17cb604f4484451143b',
533 silly install resolved     types: './index.d.ts',
533 silly install resolved     _id: 'globals@17.3.0',
533 silly install resolved     bugs: { url: 'https://github.com/sindresorhus/globals/issues' },
533 silly install resolved     homepage: 'https://github.com/sindresorhus/globals#readme',
533 silly install resolved     _nodeVersion: '25.3.0',
533 silly install resolved     _npmVersion: '11.7.0',
533 silly install resolved     dist: {
533 silly install resolved       integrity: 'sha512-yMqGUQVVCkD4tqjOJf3TnrvaaHDMYp4VlUSObbkIiuCPe/ofdMBFIAcBbCSRFWOnos6qRiTVStDwqPLUclaxIw==',
533 silly install resolved       shasum: '8b96544c2fa91afada02747cc9731c002a96f3b9',
533 silly install resolved       tarball: 'https://registry.npmjs.org/globals/-/globals-17.3.0.tgz',
533 silly install resolved       fileCount: 6,
533 silly install resolved       unpackedSize: 241181,
533 silly install resolved       signatures: [Array]
533 silly install resolved     },
533 silly install resolved     _npmUser: { name: 'sindresorhus', email: 'sindresorhus@gmail.com' },
533 silly install resolved     directories: {},
533 silly install resolved     maintainers: [ [Object], [Object], [Object], [Object] ],
533 silly install resolved     _npmOperationalInternal: {
533 silly install resolved       host: 's3://npm-registry-packages-npm-production',
533 silly install resolved       tmp: 'tmp/globals_17.3.0_1769906998592_0.1287024841808908'
533 silly install resolved     },
533 silly install resolved     _hasShrinkwrap: false,
533 silly install resolved     _shasum: '8b96544c2fa91afada02747cc9731c002a96f3b9',
533 silly install resolved     _resolved: 'https://registry.npmjs.org/globals/-/globals-17.3.0.tgz',
533 silly install resolved     _from: 'globals@latest'
533 silly install resolved   },
533 silly install resolved   {
533 silly install resolved     name: '@eslint/js',
533 silly install resolved     version: '10.0.1',
533 silly install resolved     description: 'ESLint JavaScript language implementation',
533 silly install resolved     funding: 'https://eslint.org/donate',
533 silly install resolved     main: './src/index.js',
533 silly install resolved     types: './types/index.d.ts',
533 silly install resolved     scripts: { 'test:types': 'tsc -p tests/types/tsconfig.json' },
533 silly install resolved     publishConfig: { access: 'public' },
533 silly install resolved     repository: {
533 silly install resolved       type: 'git',
533 silly install resolved       url: 'git+https://github.com/eslint/eslint.git',
533 silly install resolved       directory: 'packages/js'
533 silly install resolved     },
533 silly install resolved     homepage: 'https://eslint.org',
533 silly install resolved     bugs: { url: 'https://github.com/eslint/eslint/issues/' },
533 silly install resolved     keywords: [ 'javascript', 'eslint-plugin', 'eslint' ],
533 silly install resolved     license: 'MIT',
533 silly install resolved     peerDependencies: { eslint: '^10.0.0' },
533 silly install resolved     peerDependenciesMeta: { eslint: [Object] },
533 silly install resolved     engines: { node: '^20.19.0 || ^22.13.0 || >=24' },
533 silly install resolved     _id: '@eslint/js@10.0.1',
533 silly install resolved     gitHead: '84fb885d49ac810e79a9491276b4828b53d913e5',
533 silly install resolved     _nodeVersion: '22.21.0',
533 silly install resolved     _npmVersion: '10.9.4',
533 silly install resolved     dist: {
533 silly install resolved       integrity: 'sha512-zeR9k5pd4gxjZ0abRoIaxdc7I3nDktoXZk2qOv9gCNWx3mVwEn32VRhyLaRsDiJjTs0xq/T8mfPtyuXu7GWBcA==',
533 silly install resolved       shasum: '1e8a876f50117af8ab67e47d5ad94d38d6622583',
533 silly install resolved       tarball: 'https://registry.npmjs.org/@eslint/js/-/js-10.0.1.tgz',
533 silly install resolved       fileCount: 7,
533 silly install resolved       unpackedSize: 15687,
533 silly install resolved       signatures: [Array]
533 silly install resolved     },
533 silly install resolved     _npmUser: { name: 'eslintbot', email: 'contact@eslint.org' },
533 silly install resolved     directories: {},
533 silly install resolved     maintainers: [ [Object], [Object] ],
533 silly install resolved     _npmOperationalInternal: {
533 silly install resolved       host: 's3://npm-registry-packages-npm-production',
533 silly install resolved       tmp: 'tmp/js_10.0.1_1770417296141_0.21997168566501624'
533 silly install resolved     },
533 silly install resolved     _hasShrinkwrap: false,
533 silly install resolved     _shasum: '1e8a876f50117af8ab67e47d5ad94d38d6622583',
533 silly install resolved     _resolved: 'https://registry.npmjs.org/@eslint/js/-/js-10.0.1.tgz',
533 silly install resolved     _from: '@eslint/js@latest'
533 silly install resolved   },
533 silly install resolved   {
533 silly install resolved     name: 'eslint',
533 silly install resolved     version: '10.0.0',
533 silly install resolved     author: {
533 silly install resolved       name: 'Nicholas C. Zakas',
533 silly install resolved       email: 'nicholas+npm@nczconsulting.com'
533 silly install resolved     },
533 silly install resolved     description: 'An AST-based pattern checker for JavaScript.',
533 silly install resolved     type: 'commonjs',
533 silly install resolved     bin: { eslint: 'bin/eslint.js' },
533 silly install resolved     main: './lib/api.js',
533 silly install resolved     types: './lib/types/index.d.ts',
533 silly install resolved     exports: {
533 silly install resolved       '.': [Object],
533 silly install resolved       './config': [Object],
533 silly install resolved       './package.json': './package.json',
533 silly install resolved       './use-at-your-own-risk': [Object],
533 silly install resolved       './rules': [Object],
533 silly install resolved       './universal': [Object]
533 silly install resolved     },
533 silly install resolved     typesVersions: { '*': [Object] },
533 silly install resolved     scripts: {
533 silly install resolved       'build:docs:update-links': 'node tools/fetch-docs-links.js',
533 silly install resolved       'build:site': 'node Makefile.js gensite',
533 silly install resolved       'build:webpack': 'node Makefile.js webpack',
533 silly install resolved       'build:readme': 'node tools/update-readme.js',
533 silly install resolved       'build:rules-index': 'node Makefile.js generateRuleIndexPage',
533 silly install resolved       lint: 'trunk check --no-fix --ignore=docs/**/*.js -a --filter=eslint && trunk check --no-fix --ignore=docs/**/*.js',
533 silly install resolved       'lint:docs:js': 'trunk check --no-fix --ignore=** --ignore=!docs/**/*.js -a --filter=eslint && trunk check --no-fix --ignore=** --ignore=!docs/**/*.js',
533 silly install resolved       'lint:docs:rule-examples': 'node Makefile.js checkRuleExamples',
533 silly install resolved       'lint:unused': 'knip',
533 silly install resolved       'lint:fix': 'trunk check -y --ignore=docs/**/*.js -a --filter=eslint && trunk check -y --ignore=docs/**/*.js',
533 silly install resolved       'lint:fix:docs:js': 'trunk check -y --ignore=** --ignore=!docs/**/*.js -a --filter=eslint && trunk check -y --ignore=** --ignore=!docs/**/*.js',
533 silly install resolved       'lint:rule-types': 'node tools/update-rule-type-headers.js --check',
533 silly install resolved       'lint:types': 'attw --pack',
533 silly install resolved       'release:generate:alpha': 'node Makefile.js generatePrerelease -- alpha',
533 silly install resolved       'release:generate:beta': 'node Makefile.js generatePrerelease -- beta',
533 silly install resolved       'release:generate:latest': 'node Makefile.js generateRelease -- latest',
533 silly install resolved       'release:generate:maintenance': 'node Makefile.js generateRelease -- maintenance',
533 silly install resolved       'release:generate:rc': 'node Makefile.js generatePrerelease -- rc',
533 silly install resolved       'release:publish': 'node Makefile.js publishRelease',
533 silly install resolved       test: 'node Makefile.js test',
533 silly install resolved       'test:browser': 'node Makefile.js cypress',
533 silly install resolved       'test:cli': 'mocha',
533 silly install resolved       'test:emfile': 'node tools/check-emfile-handling.js',
533 silly install resolved       'test:fuzz': 'node Makefile.js fuzz',
533 silly install resolved       'test:performance': 'node Makefile.js perf',
533 silly install resolved       'test:pnpm': 'cd tests/pnpm && node check.js && pnpm install && pnpm exec tsc',
533 silly install resolved       'test:types': 'tsc -p tests/lib/types/tsconfig.json'
533 silly install resolved     },
533 silly install resolved     gitHooks: { 'pre-commit': 'lint-staged' },
533 silly install resolved     'lint-staged': {
533 silly install resolved       '*': 'trunk check --fix',
533 silly install resolved       'lib/rules/*.js': [Array],
533 silly install resolved       'docs/src/rules/*.md': [Array]
533 silly install resolved     },
533 silly install resolved     repository: { type: 'git', url: 'git+https://github.com/eslint/eslint.git' },
533 silly install resolved     funding: 'https://eslint.org/donate',
533 silly install resolved     homepage: 'https://eslint.org',
533 silly install resolved     bugs: { url: 'https://github.com/eslint/eslint/issues/' },
533 silly install resolved     dependencies: {
533 silly install resolved       '@eslint-community/eslint-utils': '^4.8.0',
533 silly install resolved       '@eslint-community/regexpp': '^4.12.2',
533 silly install resolved       '@eslint/config-array': '^0.23.0',
533 silly install resolved       '@eslint/config-helpers': '^0.5.2',
533 silly install resolved       '@eslint/core': '^1.1.0',
533 silly install resolved       '@eslint/plugin-kit': '^0.6.0',
533 silly install resolved       '@humanfs/node': '^0.16.6',
533 silly install resolved       '@humanwhocodes/module-importer': '^1.0.1',
533 silly install resolved       '@humanwhocodes/retry': '^0.4.2',
533 silly install resolved       '@types/estree': '^1.0.6',
533 silly install resolved       ajv: '^6.12.4',
533 silly install resolved       'cross-spawn': '^7.0.6',
533 silly install resolved       debug: '^4.3.2',
533 silly install resolved       'escape-string-regexp': '^4.0.0',
533 silly install resolved       'eslint-scope': '^9.1.0',
533 silly install resolved       'eslint-visitor-keys': '^5.0.0',
533 silly install resolved       espree: '^11.1.0',
533 silly install resolved       esquery: '^1.7.0',
533 silly install resolved       esutils: '^2.0.2',
533 silly install resolved       'fast-deep-equal': '^3.1.3',
533 silly install resolved       'file-entry-cache': '^8.0.0',
533 silly install resolved       'find-up': '^5.0.0',
533 silly install resolved       'glob-parent': '^6.0.2',
533 silly install resolved       ignore: '^5.2.0',
533 silly install resolved       imurmurhash: '^0.1.4',
533 silly install resolved       'is-glob': '^4.0.0',
533 silly install resolved       'json-stable-stringify-without-jsonify': '^1.0.1',
533 silly install resolved       minimatch: '^10.1.1',
533 silly install resolved       'natural-compare': '^1.4.0',
533 silly install resolved       optionator: '^0.9.3'
533 silly install resolved     },
533 silly install resolved     devDependencies: {
533 silly install resolved       '@arethetypeswrong/cli': '^0.18.0',
533 silly install resolved       '@babel/core': '^7.4.3',
533 silly install resolved       '@babel/preset-env': '^7.4.3',
533 silly install resolved       '@cypress/webpack-preprocessor': '^6.0.2',
533 silly install resolved       '@eslint/json': '^0.14.0',
533 silly install resolved       '@eslint/eslintrc': '^3.3.3',
533 silly install resolved       '@trunkio/launcher': '^1.3.4',
533 silly install resolved       '@types/esquery': '^1.5.4',
533 silly install resolved       '@types/node': '^22.13.14',
533 silly install resolved       '@typescript-eslint/parser': '^8.54.0',
533 silly install resolved       'babel-loader': '^8.0.5',
533 silly install resolved       c8: '^7.12.0',
533 silly install resolved       chai: '^4.0.1',
533 silly install resolved       cheerio: '^0.22.0',
533 silly install resolved       'common-tags': '^1.8.0',
533 silly install resolved       'core-js': '^3.1.3',
533 silly install resolved       cypress: '^14.1.0',
533 silly install resolved       ejs: '^3.0.2',
533 silly install resolved       eslint: 'file:.',
533 silly install resolved       'eslint-config-eslint': 'file:packages/eslint-config-eslint',
533 silly install resolved       'eslint-plugin-eslint-plugin': '^6.0.0',
533 silly install resolved       'eslint-plugin-expect-type': '^0.6.0',
533 silly install resolved       'eslint-plugin-yml': '^1.14.0',
533 silly install resolved       'eslint-release': '^3.3.0',
533 silly install resolved       'eslint-rule-extender': '^0.0.1',
533 silly install resolved       eslump: '^3.0.0',
533 silly install resolved       esprima: '^4.0.1',
533 silly install resolved       'fs-teardown': '^0.1.3',
533 silly install resolved       glob: '^10.0.0',
533 silly install resolved       globals: '^16.2.0',
533 silly install resolved       got: '^11.8.3',
533 silly install resolved       'gray-matter': '^4.0.3',
533 silly install resolved       jiti: '^2.6.1',
533 silly install resolved       knip: '^5.60.2',
533 silly install resolved       'lint-staged': '^11.0.0',
533 silly install resolved       'markdown-it': '^12.2.0',
533 silly install resolved       'markdown-it-container': '^3.0.0',
533 silly install resolved       marked: '^4.0.8',
533 silly install resolved       metascraper: '^5.25.7',
533 silly install resolved       'metascraper-description': '^5.25.7',
533 silly install resolved       'metascraper-image': '^5.29.3',
533 silly install resolved       'metascraper-logo': '^5.25.7',
533 silly install resolved       'metascraper-logo-favicon': '^5.25.7',
533 silly install resolved       'metascraper-title': '^5.25.7',
533 silly install resolved       mocha: '^11.7.1',
533 silly install resolved       'node-polyfill-webpack-plugin': '^1.0.3',
533 silly install resolved       'npm-license': '^0.3.3',
533 silly install resolved       prettier: '3.5.3',
533 silly install resolved       progress: '^2.0.3',
533 silly install resolved       proxyquire: '^2.0.1',
533 silly install resolved       recast: '^0.23.0',
533 silly install resolved       'regenerator-runtime': '^0.14.0',
533 silly install resolved       semver: '^7.5.3',
533 silly install resolved       shelljs: '^0.10.0',
533 silly install resolved       sinon: '^11.0.0',
533 silly install resolved       typescript: '^5.9.3',
533 silly install resolved       webpack: '^5.23.0',
533 silly install resolved       'webpack-cli': '^4.5.0',
533 silly install resolved       yorkie: '^2.0.0'
533 silly install resolved     },
533 silly install resolved     peerDependencies: { jiti: '*' },
533 silly install resolved     peerDependenciesMeta: { jiti: [Object] },
533 silly install resolved     keywords: [ 'ast', 'lint', 'javascript', 'ecmascript', 'espree' ],
533 silly install resolved     license: 'MIT',
533 silly install resolved     engines: { node: '^20.19.0 || ^22.13.0 || >=24' },
533 silly install resolved     _id: 'eslint@10.0.0',
533 silly install resolved     gitHead: '4e6c4ac042e321da8fc29ce53ed03c86dcaa44a7',
533 silly install resolved     _nodeVersion: '22.21.0',
533 silly install resolved     _npmVersion: '10.9.4',
533 silly install resolved     dist: {
533 silly install resolved       integrity: 'sha512-O0piBKY36YSJhlFSG8p9VUdPV/SxxS4FYDWVpr/9GJuMaepzwlf4J8I4ov1b+ySQfDTPhc3DtLaxcT1fN0yqCg==',
533 silly install resolved       shasum: 'c93c36a96d91621d0fbb680db848ea11af56ab1e',
533 silly install resolved       tarball: 'https://registry.npmjs.org/eslint/-/eslint-10.0.0.tgz',
533 silly install resolved       fileCount: 419,
533 silly install resolved       unpackedSize: 2885619,
533 silly install resolved       signatures: [Array]
533 silly install resolved     },
533 silly install resolved     _npmUser: { name: 'eslintbot', email: 'contact@eslint.org' },
533 silly install resolved     directories: {},
533 silly install resolved     maintainers: [ [Object], [Object] ],
533 silly install resolved     _npmOperationalInternal: {
533 silly install resolved       host: 's3://npm-registry-packages-npm-production',
533 silly install resolved       tmp: 'tmp/eslint_10.0.0_1770417047688_0.24517044735419047'
533 silly install resolved     },
533 silly install resolved     _hasShrinkwrap: false,
533 silly install resolved     _shasum: 'c93c36a96d91621d0fbb680db848ea11af56ab1e',
533 silly install resolved     _resolved: 'https://registry.npmjs.org/eslint/-/eslint-10.0.0.tgz',
533 silly install resolved     _from: 'eslint@latest'
533 silly install resolved   }
533 silly install resolved ]
534 info install globals@17.3.0 into /home/ahmed-wael/ITI/Courses/Node/Tasks/4
535 info install @eslint/js@10.0.1 into /home/ahmed-wael/ITI/Courses/Node/Tasks/4
536 info install eslint@10.0.0 into /home/ahmed-wael/ITI/Courses/Node/Tasks/4
537 info installOne globals@17.3.0
538 verbose installOne of globals to /home/ahmed-wael/ITI/Courses/Node/Tasks/4 not in flight; installing
539 verbose correctMkdir /home/ahmed-wael/.npm/_locks correctMkdir not in flight; initializing
540 info installOne @eslint/js@10.0.1
541 verbose installOne of @eslint/js to /home/ahmed-wael/ITI/Courses/Node/Tasks/4 not in flight; installing
542 verbose correctMkdir /home/ahmed-wael/.npm/_locks correctMkdir already in flight; waiting
543 info installOne eslint@10.0.0
544 verbose installOne of eslint to /home/ahmed-wael/ITI/Courses/Node/Tasks/4 not in flight; installing
545 verbose correctMkdir /home/ahmed-wael/.npm/_locks correctMkdir already in flight; waiting
546 verbose lock using /home/ahmed-wael/.npm/_locks/globals-69fcc3aaac6dc476.lock for /home/ahmed-wael/ITI/Courses/Node/Tasks/4/node_modules/globals
547 verbose lock using /home/ahmed-wael/.npm/_locks/eslint-js-a4972d0aa0c308c9.lock for /home/ahmed-wael/ITI/Courses/Node/Tasks/4/node_modules/@eslint/js
548 verbose lock using /home/ahmed-wael/.npm/_locks/eslint-abba433f0dcba765.lock for /home/ahmed-wael/ITI/Courses/Node/Tasks/4/node_modules/eslint
549 silly install write writing globals 17.3.0 to /home/ahmed-wael/ITI/Courses/Node/Tasks/4/node_modules/globals
550 silly install write writing @eslint/js 10.0.1 to /home/ahmed-wael/ITI/Courses/Node/Tasks/4/node_modules/@eslint/js
551 silly install write writing eslint 10.0.0 to /home/ahmed-wael/ITI/Courses/Node/Tasks/4/node_modules/eslint
552 verbose unbuild node_modules/globals
553 verbose unbuild node_modules/@eslint/js
554 verbose unbuild node_modules/eslint
555 info preuninstall globals@17.3.0
556 info preuninstall @eslint/js@9.39.2
557 info uninstall globals@17.3.0
558 info preuninstall eslint@9.39.2
559 info uninstall @eslint/js@9.39.2
560 verbose unbuild rmStuff globals@17.3.0 from /home/ahmed-wael/ITI/Courses/Node/Tasks/4/node_modules
561 info postuninstall globals@17.3.0
562 info uninstall eslint@9.39.2
563 verbose unbuild rmStuff @eslint/js@9.39.2 from /home/ahmed-wael/ITI/Courses/Node/Tasks/4/node_modules
564 verbose unbuild rmStuff in /home/ahmed-wael/ITI/Courses/Node/Tasks/4/node_modules/@eslint
565 info postuninstall @eslint/js@9.39.2
566 silly gentlyRm /home/ahmed-wael/ITI/Courses/Node/Tasks/4/node_modules/globals is being purged from base /home/ahmed-wael/ITI/Courses/Node/Tasks/4
567 verbose gentlyRm don't care about contents; nuking /home/ahmed-wael/ITI/Courses/Node/Tasks/4/node_modules/globals
568 verbose unbuild rmStuff eslint@9.39.2 from /home/ahmed-wael/ITI/Courses/Node/Tasks/4/node_modules
569 silly gentlyRm /home/ahmed-wael/ITI/Courses/Node/Tasks/4/node_modules/.bin/eslint is being gently removed
570 silly gentlyRm verifying /home/ahmed-wael/ITI/Courses/Node/Tasks/4 is an npm working directory
571 silly gentlyRm /home/ahmed-wael/ITI/Courses/Node/Tasks/4/node_modules/@eslint/js is being purged from base /home/ahmed-wael/ITI/Courses/Node/Tasks/4
572 verbose gentlyRm don't care about contents; nuking /home/ahmed-wael/ITI/Courses/Node/Tasks/4/node_modules/@eslint/js
573 silly vacuum-fs purging /home/ahmed-wael/ITI/Courses/Node/Tasks/4/node_modules/globals
574 silly gentlyRm containing path /home/ahmed-wael/ITI/Courses/Node/Tasks/4 is under npm's control, in /home/ahmed-wael/ITI/Courses/Node/Tasks/4
575 silly gentlyRm deletion target /home/ahmed-wael/ITI/Courses/Node/Tasks/4/node_modules/.bin/eslint is under /home/ahmed-wael/ITI/Courses/Node/Tasks/4
576 verbose gentlyRm vacuuming from /home/ahmed-wael/ITI/Courses/Node/Tasks/4/node_modules/.bin/eslint up to /home/ahmed-wael/ITI/Courses/Node/Tasks/4
577 silly vacuum-fs purging /home/ahmed-wael/ITI/Courses/Node/Tasks/4/node_modules/@eslint/js
578 silly vacuum-fs removing /home/ahmed-wael/ITI/Courses/Node/Tasks/4/node_modules/.bin/eslint
579 silly vacuum-fs quitting because other entries in /home/ahmed-wael/ITI/Courses/Node/Tasks/4/node_modules/.bin
580 info postuninstall eslint@9.39.2
581 silly gentlyRm /home/ahmed-wael/ITI/Courses/Node/Tasks/4/node_modules/eslint is being purged from base /home/ahmed-wael/ITI/Courses/Node/Tasks/4
582 verbose gentlyRm don't care about contents; nuking /home/ahmed-wael/ITI/Courses/Node/Tasks/4/node_modules/eslint
583 silly vacuum-fs purging /home/ahmed-wael/ITI/Courses/Node/Tasks/4/node_modules/eslint
584 silly vacuum-fs quitting because other entries in /home/ahmed-wael/ITI/Courses/Node/Tasks/4/node_modules
585 verbose tar unpack /home/ahmed-wael/.npm/globals/17.3.0/package.tgz
586 verbose tar unpacking to /home/ahmed-wael/ITI/Courses/Node/Tasks/4/node_modules/globals
587 silly gentlyRm /home/ahmed-wael/ITI/Courses/Node/Tasks/4/node_modules/globals is being purged
588 verbose gentlyRm don't care about contents; nuking /home/ahmed-wael/ITI/Courses/Node/Tasks/4/node_modules/globals
589 silly gunzTarPerm modes [ '775', '664' ]
590 silly vacuum-fs quitting because other entries in /home/ahmed-wael/ITI/Courses/Node/Tasks/4/node_modules/@eslint
591 verbose tar unpack /home/ahmed-wael/.npm/@eslint/js/10.0.1/package.tgz
592 verbose tar unpacking to /home/ahmed-wael/ITI/Courses/Node/Tasks/4/node_modules/@eslint/js
593 silly gentlyRm /home/ahmed-wael/ITI/Courses/Node/Tasks/4/node_modules/@eslint/js is being purged
594 verbose gentlyRm don't care about contents; nuking /home/ahmed-wael/ITI/Courses/Node/Tasks/4/node_modules/@eslint/js
595 silly gunzTarPerm modes [ '775', '664' ]
596 silly gunzTarPerm extractEntry license
597 silly gunzTarPerm modified mode [ 'license', 420, 436 ]
598 silly gunzTarPerm extractEntry index.js
599 silly gunzTarPerm modified mode [ 'index.js', 420, 436 ]
600 silly gunzTarPerm extractEntry globals.json
601 silly gunzTarPerm modified mode [ 'globals.json', 420, 436 ]
602 silly gunzTarPerm extractEntry LICENSE
603 silly gunzTarPerm modified mode [ 'LICENSE', 420, 436 ]
604 silly gunzTarPerm extractEntry src/configs/eslint-all.js
605 silly gunzTarPerm modified mode [ 'src/configs/eslint-all.js', 420, 436 ]
606 silly gunzTarPerm extractEntry src/configs/eslint-recommended.js
607 silly gunzTarPerm modified mode [ 'src/configs/eslint-recommended.js', 420, 436 ]
608 silly gunzTarPerm extractEntry package.json
609 silly gunzTarPerm modified mode [ 'package.json', 420, 436 ]
610 silly gunzTarPerm extractEntry src/index.js
611 silly gunzTarPerm modified mode [ 'src/index.js', 420, 436 ]
612 silly gunzTarPerm extractEntry package.json
613 silly gunzTarPerm modified mode [ 'package.json', 420, 436 ]
614 silly vacuum-fs quitting because other entries in /home/ahmed-wael/ITI/Courses/Node/Tasks/4/node_modules
615 verbose tar unpack /home/ahmed-wael/.npm/eslint/10.0.0/package.tgz
616 verbose tar unpacking to /home/ahmed-wael/ITI/Courses/Node/Tasks/4/node_modules/eslint
617 silly gentlyRm /home/ahmed-wael/ITI/Courses/Node/Tasks/4/node_modules/eslint is being purged
618 verbose gentlyRm don't care about contents; nuking /home/ahmed-wael/ITI/Courses/Node/Tasks/4/node_modules/eslint
619 silly gunzTarPerm extractEntry readme.md
620 silly gunzTarPerm modified mode [ 'readme.md', 420, 436 ]
621 silly gunzTarPerm extractEntry index.d.ts
622 silly gunzTarPerm modified mode [ 'index.d.ts', 420, 436 ]
623 silly gunzTarPerm modes [ '775', '664' ]
624 silly gunzTarPerm extractEntry LICENSE
625 silly gunzTarPerm modified mode [ 'LICENSE', 420, 436 ]
626 silly gunzTarPerm extractEntry lib/rules/accessor-pairs.js
627 silly gunzTarPerm modified mode [ 'lib/rules/accessor-pairs.js', 420, 436 ]
628 silly gunzTarPerm extractEntry lib/shared/ajv.js
629 silly gunzTarPerm modified mode [ 'lib/shared/ajv.js', 420, 436 ]
630 silly gunzTarPerm extractEntry README.md
631 silly gunzTarPerm modified mode [ 'README.md', 420, 436 ]
632 silly gunzTarPerm extractEntry types/index.d.ts
633 silly gunzTarPerm modified mode [ 'types/index.d.ts', 420, 436 ]
634 silly gunzTarPerm extractEntry messages/all-files-ignored.js
635 silly gunzTarPerm modified mode [ 'messages/all-files-ignored.js', 420, 436 ]
636 silly gunzTarPerm extractEntry messages/all-matched-files-ignored.js
637 silly gunzTarPerm modified mode [ 'messages/all-matched-files-ignored.js', 420, 436 ]
638 silly gunzTarPerm extractEntry lib/api.js
639 silly gunzTarPerm modified mode [ 'lib/api.js', 420, 436 ]
640 silly gunzTarPerm extractEntry lib/linter/apply-disable-directives.js
641 silly gunzTarPerm modified mode [ 'lib/linter/apply-disable-directives.js', 420, 436 ]
642 silly gunzTarPerm extractEntry lib/rules/array-bracket-newline.js
643 silly gunzTarPerm modified mode [ 'lib/rules/array-bracket-newline.js', 420, 436 ]
644 silly gunzTarPerm extractEntry lib/rules/array-bracket-spacing.js
645 silly gunzTarPerm modified mode [ 'lib/rules/array-bracket-spacing.js', 420, 436 ]
646 verbose write writing to /home/ahmed-wael/ITI/Courses/Node/Tasks/4/node_modules/globals/package.json
647 silly gunzTarPerm extractEntry lib/rules/array-callback-return.js
648 silly gunzTarPerm modified mode [ 'lib/rules/array-callback-return.js', 420, 436 ]
649 silly gunzTarPerm extractEntry lib/rules/array-element-newline.js
650 silly gunzTarPerm modified mode [ 'lib/rules/array-element-newline.js', 420, 436 ]
651 info preinstall globals@17.3.0
652 verbose readDependencies loading dependencies from /home/ahmed-wael/ITI/Courses/Node/Tasks/4/node_modules/globals/package.json
653 verbose write writing to /home/ahmed-wael/ITI/Courses/Node/Tasks/4/node_modules/@eslint/js/package.json
654 silly gunzTarPerm extractEntry lib/rules/arrow-body-style.js
655 silly gunzTarPerm modified mode [ 'lib/rules/arrow-body-style.js', 420, 436 ]
656 silly gunzTarPerm extractEntry lib/rules/arrow-parens.js
657 silly gunzTarPerm modified mode [ 'lib/rules/arrow-parens.js', 420, 436 ]
658 info preinstall @eslint/js@10.0.1
659 verbose readDependencies loading dependencies from /home/ahmed-wael/ITI/Courses/Node/Tasks/4/node_modules/globals/package.json
660 verbose readDependencies loading dependencies from /home/ahmed-wael/ITI/Courses/Node/Tasks/4/node_modules/@eslint/js/package.json
661 silly gunzTarPerm extractEntry lib/rules/arrow-spacing.js
662 silly gunzTarPerm modified mode [ 'lib/rules/arrow-spacing.js', 420, 436 ]
663 silly gunzTarPerm extractEntry lib/shared/assert.js
664 silly gunzTarPerm modified mode [ 'lib/shared/assert.js', 420, 436 ]
665 silly install resolved []
666 verbose about to build /home/ahmed-wael/ITI/Courses/Node/Tasks/4/node_modules/globals
667 info build /home/ahmed-wael/ITI/Courses/Node/Tasks/4/node_modules/globals
668 verbose readDependencies loading dependencies from /home/ahmed-wael/ITI/Courses/Node/Tasks/4/node_modules/@eslint/js/package.json
669 silly gunzTarPerm extractEntry lib/rules/utils/ast-utils.js
670 silly gunzTarPerm modified mode [ 'lib/rules/utils/ast-utils.js', 420, 436 ]
671 silly gunzTarPerm extractEntry lib/shared/ast-utils.js
672 silly gunzTarPerm modified mode [ 'lib/shared/ast-utils.js', 420, 436 ]
673 info linkStuff globals@17.3.0
674 silly linkStuff globals@17.3.0 has /home/ahmed-wael/ITI/Courses/Node/Tasks/4/node_modules as its parent node_modules
675 silly install resolved []
676 verbose about to build /home/ahmed-wael/ITI/Courses/Node/Tasks/4/node_modules/@eslint/js
677 info build /home/ahmed-wael/ITI/Courses/Node/Tasks/4/node_modules/@eslint/js
678 silly gunzTarPerm extractEntry lib/languages/js/source-code/token-store/backward-token-comment-cursor.js
679 silly gunzTarPerm modified mode [
679 silly gunzTarPerm   'lib/languages/js/source-code/token-store/backward-token-comment-cursor.js',
679 silly gunzTarPerm   420,
679 silly gunzTarPerm   436
679 silly gunzTarPerm ]
680 silly gunzTarPerm extractEntry lib/languages/js/source-code/token-store/backward-token-cursor.js
681 silly gunzTarPerm modified mode [
681 silly gunzTarPerm   'lib/languages/js/source-code/token-store/backward-token-cursor.js',
681 silly gunzTarPerm   420,
681 silly gunzTarPerm   436
681 silly gunzTarPerm ]
682 verbose linkBins globals@17.3.0
683 verbose linkMans globals@17.3.0
684 verbose rebuildBundles globals@17.3.0
685 info install globals@17.3.0
686 info postinstall globals@17.3.0
687 verbose unlock done using /home/ahmed-wael/.npm/_locks/globals-69fcc3aaac6dc476.lock for /home/ahmed-wael/ITI/Courses/Node/Tasks/4/node_modules/globals
688 info linkStuff @eslint/js@10.0.1
689 silly linkStuff @eslint/js@10.0.1 has /home/ahmed-wael/ITI/Courses/Node/Tasks/4/node_modules as its parent node_modules
690 silly gunzTarPerm extractEntry lib/rules/block-scoped-var.js
691 silly gunzTarPerm modified mode [ 'lib/rules/block-scoped-var.js', 420, 436 ]
692 silly gunzTarPerm extractEntry lib/rules/block-spacing.js
693 silly gunzTarPerm modified mode [ 'lib/rules/block-spacing.js', 420, 436 ]
694 verbose linkBins @eslint/js@10.0.1
695 verbose linkMans @eslint/js@10.0.1
696 verbose rebuildBundles @eslint/js@10.0.1
697 info install @eslint/js@10.0.1
698 info postinstall @eslint/js@10.0.1
699 silly gunzTarPerm extractEntry lib/rules/brace-style.js
700 silly gunzTarPerm modified mode [ 'lib/rules/brace-style.js', 420, 436 ]
701 silly gunzTarPerm extractEntry lib/rules/callback-return.js
702 silly gunzTarPerm modified mode [ 'lib/rules/callback-return.js', 420, 436 ]
703 verbose unlock done using /home/ahmed-wael/.npm/_locks/eslint-js-a4972d0aa0c308c9.lock for /home/ahmed-wael/ITI/Courses/Node/Tasks/4/node_modules/@eslint/js
704 silly gunzTarPerm extractEntry lib/rules/camelcase.js
705 silly gunzTarPerm modified mode [ 'lib/rules/camelcase.js', 420, 436 ]
706 silly gunzTarPerm extractEntry lib/rules/capitalized-comments.js
707 silly gunzTarPerm modified mode [ 'lib/rules/capitalized-comments.js', 420, 436 ]
708 silly gunzTarPerm extractEntry lib/rules/utils/char-source.js
709 silly gunzTarPerm modified mode [ 'lib/rules/utils/char-source.js', 420, 436 ]
710 silly gunzTarPerm extractEntry lib/rules/class-methods-use-this.js
711 silly gunzTarPerm modified mode [ 'lib/rules/class-methods-use-this.js', 420, 436 ]
712 silly gunzTarPerm extractEntry lib/cli.js
713 silly gunzTarPerm modified mode [ 'lib/cli.js', 420, 436 ]
714 silly gunzTarPerm extractEntry lib/linter/code-path-analysis/code-path-analyzer.js
715 silly gunzTarPerm modified mode [ 'lib/linter/code-path-analysis/code-path-analyzer.js', 420, 436 ]
716 silly gunzTarPerm extractEntry lib/linter/code-path-analysis/code-path-segment.js
717 silly gunzTarPerm modified mode [ 'lib/linter/code-path-analysis/code-path-segment.js', 420, 436 ]
718 silly gunzTarPerm extractEntry lib/linter/code-path-analysis/code-path-state.js
719 silly gunzTarPerm modified mode [ 'lib/linter/code-path-analysis/code-path-state.js', 420, 436 ]
720 silly gunzTarPerm extractEntry lib/linter/code-path-analysis/code-path.js
721 silly gunzTarPerm modified mode [ 'lib/linter/code-path-analysis/code-path.js', 420, 436 ]
722 silly gunzTarPerm extractEntry lib/rules/comma-dangle.js
723 silly gunzTarPerm modified mode [ 'lib/rules/comma-dangle.js', 420, 436 ]
724 silly gunzTarPerm extractEntry lib/rules/comma-spacing.js
725 silly gunzTarPerm modified mode [ 'lib/rules/comma-spacing.js', 420, 436 ]
726 silly gunzTarPerm extractEntry lib/rules/comma-style.js
727 silly gunzTarPerm modified mode [ 'lib/rules/comma-style.js', 420, 436 ]
728 silly gunzTarPerm extractEntry lib/rules/complexity.js
729 silly gunzTarPerm modified mode [ 'lib/rules/complexity.js', 420, 436 ]
730 silly gunzTarPerm extractEntry lib/rules/computed-property-spacing.js
731 silly gunzTarPerm modified mode [ 'lib/rules/computed-property-spacing.js', 420, 436 ]
732 silly gunzTarPerm extractEntry lib/config-api.js
733 silly gunzTarPerm modified mode [ 'lib/config-api.js', 420, 436 ]
734 silly gunzTarPerm extractEntry messages/config-file-missing.js
735 silly gunzTarPerm modified mode [ 'messages/config-file-missing.js', 420, 436 ]
736 silly gunzTarPerm extractEntry lib/config/config-loader.js
737 silly gunzTarPerm modified mode [ 'lib/config/config-loader.js', 420, 436 ]
738 silly gunzTarPerm extractEntry messages/config-plugin-missing.js
739 silly gunzTarPerm modified mode [ 'messages/config-plugin-missing.js', 420, 436 ]
740 silly gunzTarPerm extractEntry messages/config-serialize-function.js
741 silly gunzTarPerm modified mode [ 'messages/config-serialize-function.js', 420, 436 ]
742 silly gunzTarPerm extractEntry lib/config/config.js
743 silly gunzTarPerm modified mode [ 'lib/config/config.js', 420, 436 ]
744 silly gunzTarPerm extractEntry lib/rules/consistent-return.js
745 silly gunzTarPerm modified mode [ 'lib/rules/consistent-return.js', 420, 436 ]
746 silly gunzTarPerm extractEntry lib/rules/consistent-this.js
747 silly gunzTarPerm modified mode [ 'lib/rules/consistent-this.js', 420, 436 ]
748 silly gunzTarPerm extractEntry lib/rules/constructor-super.js
749 silly gunzTarPerm modified mode [ 'lib/rules/constructor-super.js', 420, 436 ]
750 silly gunzTarPerm extractEntry lib/rules/curly.js
751 silly gunzTarPerm modified mode [ 'lib/rules/curly.js', 420, 436 ]
752 silly gunzTarPerm extractEntry lib/languages/js/source-code/token-store/cursor.js
753 silly gunzTarPerm modified mode [ 'lib/languages/js/source-code/token-store/cursor.js', 420, 436 ]
754 silly gunzTarPerm extractEntry lib/languages/js/source-code/token-store/cursors.js
755 silly gunzTarPerm modified mode [ 'lib/languages/js/source-code/token-store/cursors.js', 420, 436 ]
756 silly gunzTarPerm extractEntry lib/linter/code-path-analysis/debug-helpers.js
757 silly gunzTarPerm modified mode [ 'lib/linter/code-path-analysis/debug-helpers.js', 420, 436 ]
758 silly gunzTarPerm extractEntry lib/languages/js/source-code/token-store/decorative-cursor.js
759 silly gunzTarPerm modified mode [
759 silly gunzTarPerm   'lib/languages/js/source-code/token-store/decorative-cursor.js',
759 silly gunzTarPerm   420,
759 silly gunzTarPerm   436
759 silly gunzTarPerm ]
760 silly gunzTarPerm extractEntry lib/shared/deep-merge-arrays.js
761 silly gunzTarPerm modified mode [ 'lib/shared/deep-merge-arrays.js', 420, 436 ]
762 silly gunzTarPerm extractEntry lib/rules/default-case-last.js
763 silly gunzTarPerm modified mode [ 'lib/rules/default-case-last.js', 420, 436 ]
764 silly gunzTarPerm extractEntry lib/rules/default-case.js
765 silly gunzTarPerm modified mode [ 'lib/rules/default-case.js', 420, 436 ]
766 silly gunzTarPerm extractEntry lib/config/default-config.js
767 silly gunzTarPerm modified mode [ 'lib/config/default-config.js', 420, 436 ]
768 silly gunzTarPerm extractEntry lib/rules/default-param-last.js
769 silly gunzTarPerm modified mode [ 'lib/rules/default-param-last.js', 420, 436 ]
770 silly gunzTarPerm extractEntry lib/shared/directives.js
771 silly gunzTarPerm modified mode [ 'lib/shared/directives.js', 420, 436 ]
772 silly gunzTarPerm extractEntry lib/rules/dot-location.js
773 silly gunzTarPerm modified mode [ 'lib/rules/dot-location.js', 420, 436 ]
774 silly gunzTarPerm extractEntry lib/rules/dot-notation.js
775 silly gunzTarPerm modified mode [ 'lib/rules/dot-notation.js', 420, 436 ]
776 silly gunzTarPerm extractEntry conf/ecma-version.js
777 silly gunzTarPerm modified mode [ 'conf/ecma-version.js', 420, 436 ]
778 silly gunzTarPerm extractEntry lib/rules/eol-last.js
779 silly gunzTarPerm modified mode [ 'lib/rules/eol-last.js', 420, 436 ]
780 silly gunzTarPerm extractEntry lib/rules/eqeqeq.js
781 silly gunzTarPerm modified mode [ 'lib/rules/eqeqeq.js', 420, 436 ]
782 silly gunzTarPerm extractEntry lib/eslint/eslint-helpers.js
783 silly gunzTarPerm modified mode [ 'lib/eslint/eslint-helpers.js', 420, 436 ]
784 silly gunzTarPerm extractEntry bin/eslint.js
785 silly gunzTarPerm modified mode [ 'bin/eslint.js', 493, 509 ]
786 silly gunzTarPerm extractEntry lib/eslint/eslint.js
787 silly gunzTarPerm modified mode [ 'lib/eslint/eslint.js', 420, 436 ]
788 silly gunzTarPerm extractEntry messages/eslintrc-incompat.js
789 silly gunzTarPerm modified mode [ 'messages/eslintrc-incompat.js', 420, 436 ]
790 silly gunzTarPerm extractEntry messages/eslintrc-plugins.js
791 silly gunzTarPerm modified mode [ 'messages/eslintrc-plugins.js', 420, 436 ]
792 silly gunzTarPerm extractEntry lib/linter/esquery.js
793 silly gunzTarPerm modified mode [ 'lib/linter/esquery.js', 420, 436 ]
794 silly gunzTarPerm extractEntry messages/extend-config-missing.js
795 silly gunzTarPerm modified mode [ 'messages/extend-config-missing.js', 420, 436 ]
796 silly gunzTarPerm extractEntry messages/failed-to-read-json.js
797 silly gunzTarPerm modified mode [ 'messages/failed-to-read-json.js', 420, 436 ]
798 silly gunzTarPerm extractEntry lib/linter/file-context.js
799 silly gunzTarPerm modified mode [ 'lib/linter/file-context.js', 420, 436 ]
800 silly gunzTarPerm extractEntry messages/file-not-found.js
801 silly gunzTarPerm modified mode [ 'messages/file-not-found.js', 420, 436 ]
802 silly gunzTarPerm extractEntry lib/linter/file-report.js
803 silly gunzTarPerm modified mode [ 'lib/linter/file-report.js', 420, 436 ]
804 silly gunzTarPerm extractEntry lib/languages/js/source-code/token-store/filter-cursor.js
805 silly gunzTarPerm modified mode [
805 silly gunzTarPerm   'lib/languages/js/source-code/token-store/filter-cursor.js',
805 silly gunzTarPerm   420,
805 silly gunzTarPerm   436
805 silly gunzTarPerm ]
806 silly gunzTarPerm extractEntry lib/rules/utils/fix-tracker.js
807 silly gunzTarPerm modified mode [ 'lib/rules/utils/fix-tracker.js', 420, 436 ]
808 silly gunzTarPerm extractEntry lib/shared/flags.js
809 silly gunzTarPerm modified mode [ 'lib/shared/flags.js', 420, 436 ]
810 silly gunzTarPerm extractEntry lib/config/flat-config-array.js
811 silly gunzTarPerm modified mode [ 'lib/config/flat-config-array.js', 420, 436 ]
812 silly gunzTarPerm extractEntry lib/config/flat-config-schema.js
813 silly gunzTarPerm modified mode [ 'lib/config/flat-config-schema.js', 420, 436 ]
814 silly gunzTarPerm extractEntry lib/rules/for-direction.js
815 silly gunzTarPerm modified mode [ 'lib/rules/for-direction.js', 420, 436 ]
816 silly gunzTarPerm extractEntry lib/linter/code-path-analysis/fork-context.js
817 silly gunzTarPerm modified mode [ 'lib/linter/code-path-analysis/fork-context.js', 420, 436 ]
818 silly gunzTarPerm extractEntry lib/languages/js/source-code/token-store/forward-token-comment-cursor.js
819 silly gunzTarPerm modified mode [
819 silly gunzTarPerm   'lib/languages/js/source-code/token-store/forward-token-comment-cursor.js',
819 silly gunzTarPerm   420,
819 silly gunzTarPerm   436
819 silly gunzTarPerm ]
820 silly gunzTarPerm extractEntry lib/languages/js/source-code/token-store/forward-token-cursor.js
821 silly gunzTarPerm modified mode [
821 silly gunzTarPerm   'lib/languages/js/source-code/token-store/forward-token-cursor.js',
821 silly gunzTarPerm   420,
821 silly gunzTarPerm   436
821 silly gunzTarPerm ]
822 silly gunzTarPerm extractEntry lib/rules/func-call-spacing.js
823 silly gunzTarPerm modified mode [ 'lib/rules/func-call-spacing.js', 420, 436 ]
824 silly gunzTarPerm extractEntry lib/rules/func-name-matching.js
825 silly gunzTarPerm modified mode [ 'lib/rules/func-name-matching.js', 420, 436 ]
826 silly gunzTarPerm extractEntry lib/rules/func-names.js
827 silly gunzTarPerm modified mode [ 'lib/rules/func-names.js', 420, 436 ]
828 silly gunzTarPerm extractEntry lib/rules/func-style.js
829 silly gunzTarPerm modified mode [ 'lib/rules/func-style.js', 420, 436 ]
830 silly gunzTarPerm extractEntry lib/rules/function-call-argument-newline.js
831 silly gunzTarPerm modified mode [ 'lib/rules/function-call-argument-newline.js', 420, 436 ]
832 silly gunzTarPerm extractEntry lib/rules/function-paren-newline.js
833 silly gunzTarPerm modified mode [ 'lib/rules/function-paren-newline.js', 420, 436 ]
834 silly gunzTarPerm extractEntry lib/rules/generator-star-spacing.js
835 silly gunzTarPerm modified mode [ 'lib/rules/generator-star-spacing.js', 420, 436 ]
836 silly gunzTarPerm extractEntry lib/rules/getter-return.js
837 silly gunzTarPerm modified mode [ 'lib/rules/getter-return.js', 420, 436 ]
838 silly gunzTarPerm extractEntry lib/rules/global-require.js
839 silly gunzTarPerm modified mode [ 'lib/rules/global-require.js', 420, 436 ]
840 silly gunzTarPerm extractEntry conf/globals.js
841 silly gunzTarPerm modified mode [ 'conf/globals.js', 420, 436 ]
842 silly gunzTarPerm extractEntry lib/rules/grouped-accessor-pairs.js
843 silly gunzTarPerm modified mode [ 'lib/rules/grouped-accessor-pairs.js', 420, 436 ]
844 silly gunzTarPerm extractEntry lib/rules/guard-for-in.js
845 silly gunzTarPerm modified mode [ 'lib/rules/guard-for-in.js', 420, 436 ]
846 silly gunzTarPerm extractEntry lib/rules/handle-callback-err.js
847 silly gunzTarPerm modified mode [ 'lib/rules/handle-callback-err.js', 420, 436 ]
848 silly gunzTarPerm extractEntry lib/cli-engine/hash.js
849 silly gunzTarPerm modified mode [ 'lib/cli-engine/hash.js', 420, 436 ]
850 silly gunzTarPerm extractEntry lib/cli-engine/formatters/html.js
851 silly gunzTarPerm modified mode [ 'lib/cli-engine/formatters/html.js', 420, 436 ]
852 silly gunzTarPerm extractEntry lib/rules/id-blacklist.js
853 silly gunzTarPerm modified mode [ 'lib/rules/id-blacklist.js', 420, 436 ]
854 silly gunzTarPerm extractEntry lib/rules/id-denylist.js
855 silly gunzTarPerm modified mode [ 'lib/rules/id-denylist.js', 420, 436 ]
856 silly gunzTarPerm extractEntry lib/linter/code-path-analysis/id-generator.js
857 silly gunzTarPerm modified mode [ 'lib/linter/code-path-analysis/id-generator.js', 420, 436 ]
858 silly gunzTarPerm extractEntry lib/rules/id-length.js
859 silly gunzTarPerm modified mode [ 'lib/rules/id-length.js', 420, 436 ]
860 silly gunzTarPerm extractEntry lib/rules/id-match.js
861 silly gunzTarPerm modified mode [ 'lib/rules/id-match.js', 420, 436 ]
862 silly gunzTarPerm extractEntry lib/rules/implicit-arrow-linebreak.js
863 silly gunzTarPerm modified mode [ 'lib/rules/implicit-arrow-linebreak.js', 420, 436 ]
864 silly gunzTarPerm extractEntry lib/rules/indent-legacy.js
865 silly gunzTarPerm modified mode [ 'lib/rules/indent-legacy.js', 420, 436 ]
866 silly gunzTarPerm extractEntry lib/rules/indent.js
867 silly gunzTarPerm modified mode [ 'lib/rules/indent.js', 420, 436 ]
868 silly gunzTarPerm extractEntry lib/eslint/index.js
869 silly gunzTarPerm modified mode [ 'lib/eslint/index.js', 420, 436 ]
870 silly gunzTarPerm extractEntry lib/languages/js/index.js
871 silly gunzTarPerm modified mode [ 'lib/languages/js/index.js', 420, 436 ]
872 silly gunzTarPerm extractEntry lib/languages/js/source-code/index.js
873 silly gunzTarPerm modified mode [ 'lib/languages/js/source-code/index.js', 420, 436 ]
874 silly gunzTarPerm extractEntry lib/languages/js/source-code/token-store/index.js
875 silly gunzTarPerm modified mode [ 'lib/languages/js/source-code/token-store/index.js', 420, 436 ]
876 silly gunzTarPerm extractEntry lib/linter/index.js
877 silly gunzTarPerm modified mode [ 'lib/linter/index.js', 420, 436 ]
878 silly gunzTarPerm extractEntry lib/rule-tester/index.js
879 silly gunzTarPerm modified mode [ 'lib/rule-tester/index.js', 420, 436 ]
880 silly gunzTarPerm extractEntry lib/rules/index.js
881 silly gunzTarPerm modified mode [ 'lib/rules/index.js', 420, 436 ]
882 silly gunzTarPerm extractEntry lib/rules/utils/unicode/index.js
883 silly gunzTarPerm modified mode [ 'lib/rules/utils/unicode/index.js', 420, 436 ]
884 silly gunzTarPerm extractEntry lib/rules/init-declarations.js
885 silly gunzTarPerm modified mode [ 'lib/rules/init-declarations.js', 420, 436 ]
886 silly gunzTarPerm extractEntry lib/linter/interpolate.js
887 silly gunzTarPerm modified mode [ 'lib/linter/interpolate.js', 420, 436 ]
888 silly gunzTarPerm extractEntry messages/invalid-rule-options.js
889 silly gunzTarPerm modified mode [ 'messages/invalid-rule-options.js', 420, 436 ]
890 silly gunzTarPerm extractEntry messages/invalid-rule-severity.js
891 silly gunzTarPerm modified mode [ 'messages/invalid-rule-severity.js', 420, 436 ]
892 silly gunzTarPerm extractEntry lib/rules/utils/unicode/is-combining-character.js
893 silly gunzTarPerm modified mode [ 'lib/rules/utils/unicode/is-combining-character.js', 420, 436 ]
894 silly gunzTarPerm extractEntry lib/rules/utils/unicode/is-emoji-modifier.js
895 silly gunzTarPerm modified mode [ 'lib/rules/utils/unicode/is-emoji-modifier.js', 420, 436 ]
896 silly gunzTarPerm extractEntry lib/rules/utils/unicode/is-regional-indicator-symbol.js
897 silly gunzTarPerm modified mode [ 'lib/rules/utils/unicode/is-regional-indicator-symbol.js', 420, 436 ]
898 silly gunzTarPerm extractEntry lib/rules/utils/unicode/is-surrogate-pair.js
899 silly gunzTarPerm modified mode [ 'lib/rules/utils/unicode/is-surrogate-pair.js', 420, 436 ]
900 silly gunzTarPerm extractEntry lib/cli-engine/formatters/json-with-metadata.js
901 silly gunzTarPerm modified mode [ 'lib/cli-engine/formatters/json-with-metadata.js', 420, 436 ]
902 silly gunzTarPerm extractEntry lib/cli-engine/formatters/json.js
903 silly gunzTarPerm modified mode [ 'lib/cli-engine/formatters/json.js', 420, 436 ]
904 silly gunzTarPerm extractEntry lib/rules/jsx-quotes.js
905 silly gunzTarPerm modified mode [ 'lib/rules/jsx-quotes.js', 420, 436 ]
906 silly gunzTarPerm extractEntry lib/rules/key-spacing.js
907 silly gunzTarPerm modified mode [ 'lib/rules/key-spacing.js', 420, 436 ]
908 silly gunzTarPerm extractEntry lib/rules/keyword-spacing.js
909 silly gunzTarPerm modified mode [ 'lib/rules/keyword-spacing.js', 420, 436 ]
910 silly gunzTarPerm extractEntry lib/rules/utils/keywords.js
911 silly gunzTarPerm modified mode [ 'lib/rules/utils/keywords.js', 420, 436 ]
912 silly gunzTarPerm extractEntry lib/rules/utils/lazy-loading-rule-map.js
913 silly gunzTarPerm modified mode [ 'lib/rules/utils/lazy-loading-rule-map.js', 420, 436 ]
914 silly gunzTarPerm extractEntry lib/languages/js/source-code/token-store/limit-cursor.js
915 silly gunzTarPerm modified mode [
915 silly gunzTarPerm   'lib/languages/js/source-code/token-store/limit-cursor.js',
915 silly gunzTarPerm   420,
915 silly gunzTarPerm   436
915 silly gunzTarPerm ]
916 silly gunzTarPerm extractEntry lib/rules/line-comment-position.js
917 silly gunzTarPerm modified mode [ 'lib/rules/line-comment-position.js', 420, 436 ]
918 silly gunzTarPerm extractEntry lib/rules/linebreak-style.js
919 silly gunzTarPerm modified mode [ 'lib/rules/linebreak-style.js', 420, 436 ]
920 silly gunzTarPerm extractEntry lib/rules/lines-around-comment.js
921 silly gunzTarPerm modified mode [ 'lib/rules/lines-around-comment.js', 420, 436 ]
922 silly gunzTarPerm extractEntry lib/rules/lines-around-directive.js
923 silly gunzTarPerm modified mode [ 'lib/rules/lines-around-directive.js', 420, 436 ]
924 silly gunzTarPerm extractEntry lib/rules/lines-between-class-members.js
925 silly gunzTarPerm modified mode [ 'lib/rules/lines-between-class-members.js', 420, 436 ]
926 silly gunzTarPerm extractEntry lib/cli-engine/lint-result-cache.js
927 silly gunzTarPerm modified mode [ 'lib/cli-engine/lint-result-cache.js', 420, 436 ]
928 silly gunzTarPerm extractEntry lib/linter/linter.js
929 silly gunzTarPerm modified mode [ 'lib/linter/linter.js', 420, 436 ]
930 silly gunzTarPerm extractEntry lib/shared/logging.js
931 silly gunzTarPerm modified mode [ 'lib/shared/logging.js', 420, 436 ]
932 silly gunzTarPerm extractEntry lib/rules/logical-assignment-operators.js
933 silly gunzTarPerm modified mode [ 'lib/rules/logical-assignment-operators.js', 420, 436 ]
934 silly gunzTarPerm extractEntry lib/rules/max-classes-per-file.js
935 silly gunzTarPerm modified mode [ 'lib/rules/max-classes-per-file.js', 420, 436 ]
936 silly gunzTarPerm extractEntry lib/rules/max-depth.js
937 silly gunzTarPerm modified mode [ 'lib/rules/max-depth.js', 420, 436 ]
938 silly gunzTarPerm extractEntry lib/rules/max-len.js
939 silly gunzTarPerm modified mode [ 'lib/rules/max-len.js', 420, 436 ]
940 silly gunzTarPerm extractEntry lib/rules/max-lines-per-function.js
941 silly gunzTarPerm modified mode [ 'lib/rules/max-lines-per-function.js', 420, 436 ]
942 silly gunzTarPerm extractEntry lib/rules/max-lines.js
943 silly gunzTarPerm modified mode [ 'lib/rules/max-lines.js', 420, 436 ]
944 silly gunzTarPerm extractEntry lib/rules/max-nested-callbacks.js
945 silly gunzTarPerm modified mode [ 'lib/rules/max-nested-callbacks.js', 420, 436 ]
946 silly gunzTarPerm extractEntry lib/rules/max-params.js
947 silly gunzTarPerm modified mode [ 'lib/rules/max-params.js', 420, 436 ]
948 silly gunzTarPerm extractEntry lib/rules/max-statements-per-line.js
949 silly gunzTarPerm modified mode [ 'lib/rules/max-statements-per-line.js', 420, 436 ]
950 silly gunzTarPerm extractEntry lib/rules/max-statements.js
951 silly gunzTarPerm modified mode [ 'lib/rules/max-statements.js', 420, 436 ]
952 silly gunzTarPerm extractEntry lib/rules/multiline-comment-style.js
953 silly gunzTarPerm modified mode [ 'lib/rules/multiline-comment-style.js', 420, 436 ]
954 silly gunzTarPerm extractEntry lib/rules/multiline-ternary.js
955 silly gunzTarPerm modified mode [ 'lib/rules/multiline-ternary.js', 420, 436 ]
956 silly gunzTarPerm extractEntry lib/shared/naming.js
957 silly gunzTarPerm modified mode [ 'lib/shared/naming.js', 420, 436 ]
958 silly gunzTarPerm extractEntry lib/rules/new-cap.js
959 silly gunzTarPerm modified mode [ 'lib/rules/new-cap.js', 420, 436 ]
960 silly gunzTarPerm extractEntry lib/rules/new-parens.js
961 silly gunzTarPerm modified mode [ 'lib/rules/new-parens.js', 420, 436 ]
962 silly gunzTarPerm extractEntry lib/rules/newline-after-var.js
963 silly gunzTarPerm modified mode [ 'lib/rules/newline-after-var.js', 420, 436 ]
964 silly gunzTarPerm extractEntry lib/rules/newline-before-return.js
965 silly gunzTarPerm modified mode [ 'lib/rules/newline-before-return.js', 420, 436 ]
966 silly gunzTarPerm extractEntry lib/rules/newline-per-chained-call.js
967 silly gunzTarPerm modified mode [ 'lib/rules/newline-per-chained-call.js', 420, 436 ]
968 silly gunzTarPerm extractEntry lib/rules/no-alert.js
969 silly gunzTarPerm modified mode [ 'lib/rules/no-alert.js', 420, 436 ]
970 silly gunzTarPerm extractEntry lib/rules/no-array-constructor.js
971 silly gunzTarPerm modified mode [ 'lib/rules/no-array-constructor.js', 420, 436 ]
972 silly gunzTarPerm extractEntry lib/rules/no-async-promise-executor.js
973 silly gunzTarPerm modified mode [ 'lib/rules/no-async-promise-executor.js', 420, 436 ]
974 silly gunzTarPerm extractEntry lib/rules/no-await-in-loop.js
975 silly gunzTarPerm modified mode [ 'lib/rules/no-await-in-loop.js', 420, 436 ]
976 silly gunzTarPerm extractEntry lib/rules/no-bitwise.js
977 silly gunzTarPerm modified mode [ 'lib/rules/no-bitwise.js', 420, 436 ]
978 silly gunzTarPerm extractEntry lib/rules/no-buffer-constructor.js
979 silly gunzTarPerm modified mode [ 'lib/rules/no-buffer-constructor.js', 420, 436 ]
980 silly gunzTarPerm extractEntry lib/rules/no-caller.js
981 silly gunzTarPerm modified mode [ 'lib/rules/no-caller.js', 420, 436 ]
982 silly gunzTarPerm extractEntry lib/rules/no-case-declarations.js
983 silly gunzTarPerm modified mode [ 'lib/rules/no-case-declarations.js', 420, 436 ]
984 silly gunzTarPerm extractEntry lib/rules/no-catch-shadow.js
985 silly gunzTarPerm modified mode [ 'lib/rules/no-catch-shadow.js', 420, 436 ]
986 silly gunzTarPerm extractEntry lib/rules/no-class-assign.js
987 silly gunzTarPerm modified mode [ 'lib/rules/no-class-assign.js', 420, 436 ]
988 silly gunzTarPerm extractEntry lib/rules/no-compare-neg-zero.js
989 silly gunzTarPerm modified mode [ 'lib/rules/no-compare-neg-zero.js', 420, 436 ]
990 silly gunzTarPerm extractEntry lib/rules/no-cond-assign.js
991 silly gunzTarPerm modified mode [ 'lib/rules/no-cond-assign.js', 420, 436 ]
992 silly gunzTarPerm extractEntry messages/no-config-found.js
993 silly gunzTarPerm modified mode [ 'messages/no-config-found.js', 420, 436 ]
994 silly gunzTarPerm extractEntry lib/rules/no-confusing-arrow.js
995 silly gunzTarPerm modified mode [ 'lib/rules/no-confusing-arrow.js', 420, 436 ]
996 silly gunzTarPerm extractEntry lib/rules/no-console.js
997 silly gunzTarPerm modified mode [ 'lib/rules/no-console.js', 420, 436 ]
998 silly gunzTarPerm extractEntry lib/rules/no-const-assign.js
999 silly gunzTarPerm modified mode [ 'lib/rules/no-const-assign.js', 420, 436 ]
1000 silly gunzTarPerm extractEntry lib/rules/no-constant-binary-expression.js
1001 silly gunzTarPerm modified mode [ 'lib/rules/no-constant-binary-expression.js', 420, 436 ]
1002 silly gunzTarPerm extractEntry lib/rules/no-constant-condition.js
1003 silly gunzTarPerm modified mode [ 'lib/rules/no-constant-condition.js', 420, 436 ]
1004 silly gunzTarPerm extractEntry lib/rules/no-constructor-return.js
1005 silly gunzTarPerm modified mode [ 'lib/rules/no-constructor-return.js', 420, 436 ]
1006 silly gunzTarPerm extractEntry lib/rules/no-continue.js
1007 silly gunzTarPerm modified mode [ 'lib/rules/no-continue.js', 420, 436 ]
1008 silly gunzTarPerm extractEntry lib/rules/no-control-regex.js
1009 silly gunzTarPerm modified mode [ 'lib/rules/no-control-regex.js', 420, 436 ]
1010 silly gunzTarPerm extractEntry lib/rules/no-debugger.js
1011 silly gunzTarPerm modified mode [ 'lib/rules/no-debugger.js', 420, 436 ]
1012 silly gunzTarPerm extractEntry lib/rules/no-delete-var.js
1013 silly gunzTarPerm modified mode [ 'lib/rules/no-delete-var.js', 420, 436 ]
1014 silly gunzTarPerm extractEntry lib/rules/no-div-regex.js
1015 silly gunzTarPerm modified mode [ 'lib/rules/no-div-regex.js', 420, 436 ]
1016 silly gunzTarPerm extractEntry lib/rules/no-dupe-args.js
1017 silly gunzTarPerm modified mode [ 'lib/rules/no-dupe-args.js', 420, 436 ]
1018 silly gunzTarPerm extractEntry lib/rules/no-dupe-class-members.js
1019 silly gunzTarPerm modified mode [ 'lib/rules/no-dupe-class-members.js', 420, 436 ]
1020 silly gunzTarPerm extractEntry lib/rules/no-dupe-else-if.js
1021 silly gunzTarPerm modified mode [ 'lib/rules/no-dupe-else-if.js', 420, 436 ]
1022 silly gunzTarPerm extractEntry lib/rules/no-dupe-keys.js
1023 silly gunzTarPerm modified mode [ 'lib/rules/no-dupe-keys.js', 420, 436 ]
1024 silly gunzTarPerm extractEntry lib/rules/no-duplicate-case.js
1025 silly gunzTarPerm modified mode [ 'lib/rules/no-duplicate-case.js', 420, 436 ]
1026 silly gunzTarPerm extractEntry lib/rules/no-duplicate-imports.js
1027 silly gunzTarPerm modified mode [ 'lib/rules/no-duplicate-imports.js', 420, 436 ]
1028 silly gunzTarPerm extractEntry lib/rules/no-else-return.js
1029 silly gunzTarPerm modified mode [ 'lib/rules/no-else-return.js', 420, 436 ]
1030 silly gunzTarPerm extractEntry lib/rules/no-empty-character-class.js
1031 silly gunzTarPerm modified mode [ 'lib/rules/no-empty-character-class.js', 420, 436 ]
1032 silly gunzTarPerm extractEntry lib/rules/no-empty-function.js
1033 silly gunzTarPerm modified mode [ 'lib/rules/no-empty-function.js', 420, 436 ]
1034 silly gunzTarPerm extractEntry lib/rules/no-empty-pattern.js
1035 silly gunzTarPerm modified mode [ 'lib/rules/no-empty-pattern.js', 420, 436 ]
1036 silly gunzTarPerm extractEntry lib/rules/no-empty-static-block.js
1037 silly gunzTarPerm modified mode [ 'lib/rules/no-empty-static-block.js', 420, 436 ]
1038 silly gunzTarPerm extractEntry lib/rules/no-empty.js
1039 silly gunzTarPerm modified mode [ 'lib/rules/no-empty.js', 420, 436 ]
1040 silly gunzTarPerm extractEntry lib/rules/no-eq-null.js
1041 silly gunzTarPerm modified mode [ 'lib/rules/no-eq-null.js', 420, 436 ]
1042 silly gunzTarPerm extractEntry lib/rules/no-eval.js
1043 silly gunzTarPerm modified mode [ 'lib/rules/no-eval.js', 420, 436 ]
1044 silly gunzTarPerm extractEntry lib/rules/no-ex-assign.js
1045 silly gunzTarPerm modified mode [ 'lib/rules/no-ex-assign.js', 420, 436 ]
1046 silly gunzTarPerm extractEntry lib/rules/no-extend-native.js
1047 silly gunzTarPerm modified mode [ 'lib/rules/no-extend-native.js', 420, 436 ]
1048 silly gunzTarPerm extractEntry lib/rules/no-extra-bind.js
1049 silly gunzTarPerm modified mode [ 'lib/rules/no-extra-bind.js', 420, 436 ]
1050 silly gunzTarPerm extractEntry lib/rules/no-extra-boolean-cast.js
1051 silly gunzTarPerm modified mode [ 'lib/rules/no-extra-boolean-cast.js', 420, 436 ]
1052 silly gunzTarPerm extractEntry lib/rules/no-extra-label.js
1053 silly gunzTarPerm modified mode [ 'lib/rules/no-extra-label.js', 420, 436 ]
1054 silly gunzTarPerm extractEntry lib/rules/no-extra-parens.js
1055 silly gunzTarPerm modified mode [ 'lib/rules/no-extra-parens.js', 420, 436 ]
1056 silly gunzTarPerm extractEntry lib/rules/no-extra-semi.js
1057 silly gunzTarPerm modified mode [ 'lib/rules/no-extra-semi.js', 420, 436 ]
1058 silly gunzTarPerm extractEntry lib/rules/no-fallthrough.js
1059 silly gunzTarPerm modified mode [ 'lib/rules/no-fallthrough.js', 420, 436 ]
1060 silly gunzTarPerm extractEntry lib/rules/no-floating-decimal.js
1061 silly gunzTarPerm modified mode [ 'lib/rules/no-floating-decimal.js', 420, 436 ]
1062 silly gunzTarPerm extractEntry lib/rules/no-func-assign.js
1063 silly gunzTarPerm modified mode [ 'lib/rules/no-func-assign.js', 420, 436 ]
1064 silly gunzTarPerm extractEntry lib/rules/no-global-assign.js
1065 silly gunzTarPerm modified mode [ 'lib/rules/no-global-assign.js', 420, 436 ]
1066 silly gunzTarPerm extractEntry lib/rules/no-implicit-coercion.js
1067 silly gunzTarPerm modified mode [ 'lib/rules/no-implicit-coercion.js', 420, 436 ]
1068 silly gunzTarPerm extractEntry lib/rules/no-implicit-globals.js
1069 silly gunzTarPerm modified mode [ 'lib/rules/no-implicit-globals.js', 420, 436 ]
1070 silly gunzTarPerm extractEntry lib/rules/no-implied-eval.js
1071 silly gunzTarPerm modified mode [ 'lib/rules/no-implied-eval.js', 420, 436 ]
1072 silly gunzTarPerm extractEntry lib/rules/no-import-assign.js
1073 silly gunzTarPerm modified mode [ 'lib/rules/no-import-assign.js', 420, 436 ]
1074 silly gunzTarPerm extractEntry lib/rules/no-inline-comments.js
1075 silly gunzTarPerm modified mode [ 'lib/rules/no-inline-comments.js', 420, 436 ]
1076 silly gunzTarPerm extractEntry lib/rules/no-inner-declarations.js
1077 silly gunzTarPerm modified mode [ 'lib/rules/no-inner-declarations.js', 420, 436 ]
1078 silly gunzTarPerm extractEntry lib/rules/no-invalid-regexp.js
1079 silly gunzTarPerm modified mode [ 'lib/rules/no-invalid-regexp.js', 420, 436 ]
1080 silly gunzTarPerm extractEntry lib/rules/no-invalid-this.js
1081 silly gunzTarPerm modified mode [ 'lib/rules/no-invalid-this.js', 420, 436 ]
1082 silly gunzTarPerm extractEntry lib/rules/no-irregular-whitespace.js
1083 silly gunzTarPerm modified mode [ 'lib/rules/no-irregular-whitespace.js', 420, 436 ]
1084 silly gunzTarPerm extractEntry lib/rules/no-iterator.js
1085 silly gunzTarPerm modified mode [ 'lib/rules/no-iterator.js', 420, 436 ]
1086 silly gunzTarPerm extractEntry lib/rules/no-label-var.js
1087 silly gunzTarPerm modified mode [ 'lib/rules/no-label-var.js', 420, 436 ]
1088 silly gunzTarPerm extractEntry lib/rules/no-labels.js
1089 silly gunzTarPerm modified mode [ 'lib/rules/no-labels.js', 420, 436 ]
1090 silly gunzTarPerm extractEntry lib/rules/no-lone-blocks.js
1091 silly gunzTarPerm modified mode [ 'lib/rules/no-lone-blocks.js', 420, 436 ]
1092 silly gunzTarPerm extractEntry lib/rules/no-lonely-if.js
1093 silly gunzTarPerm modified mode [ 'lib/rules/no-lonely-if.js', 420, 436 ]
1094 silly gunzTarPerm extractEntry lib/rules/no-loop-func.js
1095 silly gunzTarPerm modified mode [ 'lib/rules/no-loop-func.js', 420, 436 ]
1096 silly gunzTarPerm extractEntry lib/rules/no-loss-of-precision.js
1097 silly gunzTarPerm modified mode [ 'lib/rules/no-loss-of-precision.js', 420, 436 ]
1098 silly gunzTarPerm extractEntry lib/rules/no-magic-numbers.js
1099 silly gunzTarPerm modified mode [ 'lib/rules/no-magic-numbers.js', 420, 436 ]
1100 silly gunzTarPerm extractEntry lib/rules/no-misleading-character-class.js
1101 silly gunzTarPerm modified mode [ 'lib/rules/no-misleading-character-class.js', 420, 436 ]
1102 silly gunzTarPerm extractEntry lib/rules/no-mixed-operators.js
1103 silly gunzTarPerm modified mode [ 'lib/rules/no-mixed-operators.js', 420, 436 ]
1104 silly gunzTarPerm extractEntry lib/rules/no-mixed-requires.js
1105 silly gunzTarPerm modified mode [ 'lib/rules/no-mixed-requires.js', 420, 436 ]
1106 silly gunzTarPerm extractEntry lib/rules/no-mixed-spaces-and-tabs.js
1107 silly gunzTarPerm modified mode [ 'lib/rules/no-mixed-spaces-and-tabs.js', 420, 436 ]
1108 silly gunzTarPerm extractEntry lib/rules/no-multi-assign.js
1109 silly gunzTarPerm modified mode [ 'lib/rules/no-multi-assign.js', 420, 436 ]
1110 silly gunzTarPerm extractEntry lib/rules/no-multi-spaces.js
1111 silly gunzTarPerm modified mode [ 'lib/rules/no-multi-spaces.js', 420, 436 ]
1112 silly gunzTarPerm extractEntry lib/rules/no-multi-str.js
1113 silly gunzTarPerm modified mode [ 'lib/rules/no-multi-str.js', 420, 436 ]
1114 silly gunzTarPerm extractEntry lib/rules/no-multiple-empty-lines.js
1115 silly gunzTarPerm modified mode [ 'lib/rules/no-multiple-empty-lines.js', 420, 436 ]
1116 silly gunzTarPerm extractEntry lib/rules/no-native-reassign.js
1117 silly gunzTarPerm modified mode [ 'lib/rules/no-native-reassign.js', 420, 436 ]
1118 silly gunzTarPerm extractEntry lib/rules/no-negated-condition.js
1119 silly gunzTarPerm modified mode [ 'lib/rules/no-negated-condition.js', 420, 436 ]
1120 silly gunzTarPerm extractEntry lib/rules/no-negated-in-lhs.js
1121 silly gunzTarPerm modified mode [ 'lib/rules/no-negated-in-lhs.js', 420, 436 ]
1122 silly gunzTarPerm extractEntry lib/rules/no-nested-ternary.js
1123 silly gunzTarPerm modified mode [ 'lib/rules/no-nested-ternary.js', 420, 436 ]
1124 silly gunzTarPerm extractEntry lib/rules/no-new-func.js
1125 silly gunzTarPerm modified mode [ 'lib/rules/no-new-func.js', 420, 436 ]
1126 silly gunzTarPerm extractEntry lib/rules/no-new-native-nonconstructor.js
1127 silly gunzTarPerm modified mode [ 'lib/rules/no-new-native-nonconstructor.js', 420, 436 ]
1128 silly gunzTarPerm extractEntry lib/rules/no-new-object.js
1129 silly gunzTarPerm modified mode [ 'lib/rules/no-new-object.js', 420, 436 ]
1130 silly gunzTarPerm extractEntry lib/rules/no-new-require.js
1131 silly gunzTarPerm modified mode [ 'lib/rules/no-new-require.js', 420, 436 ]
1132 silly gunzTarPerm extractEntry lib/rules/no-new-symbol.js
1133 silly gunzTarPerm modified mode [ 'lib/rules/no-new-symbol.js', 420, 436 ]
1134 silly gunzTarPerm extractEntry lib/rules/no-new-wrappers.js
1135 silly gunzTarPerm modified mode [ 'lib/rules/no-new-wrappers.js', 420, 436 ]
1136 silly gunzTarPerm extractEntry lib/rules/no-new.js
1137 silly gunzTarPerm modified mode [ 'lib/rules/no-new.js', 420, 436 ]
1138 silly gunzTarPerm extractEntry lib/rules/no-nonoctal-decimal-escape.js
1139 silly gunzTarPerm modified mode [ 'lib/rules/no-nonoctal-decimal-escape.js', 420, 436 ]
1140 silly gunzTarPerm extractEntry lib/rules/no-obj-calls.js
1141 silly gunzTarPerm modified mode [ 'lib/rules/no-obj-calls.js', 420, 436 ]
1142 silly gunzTarPerm extractEntry lib/rules/no-object-constructor.js
1143 silly gunzTarPerm modified mode [ 'lib/rules/no-object-constructor.js', 420, 436 ]
1144 silly gunzTarPerm extractEntry lib/rules/no-octal-escape.js
1145 silly gunzTarPerm modified mode [ 'lib/rules/no-octal-escape.js', 420, 436 ]
1146 silly gunzTarPerm extractEntry lib/rules/no-octal.js
1147 silly gunzTarPerm modified mode [ 'lib/rules/no-octal.js', 420, 436 ]
1148 silly gunzTarPerm extractEntry lib/rules/no-param-reassign.js
1149 silly gunzTarPerm modified mode [ 'lib/rules/no-param-reassign.js', 420, 436 ]
1150 silly gunzTarPerm extractEntry lib/rules/no-path-concat.js
1151 silly gunzTarPerm modified mode [ 'lib/rules/no-path-concat.js', 420, 436 ]
1152 silly gunzTarPerm extractEntry lib/rules/no-plusplus.js
1153 silly gunzTarPerm modified mode [ 'lib/rules/no-plusplus.js', 420, 436 ]
1154 silly gunzTarPerm extractEntry lib/rules/no-process-env.js
1155 silly gunzTarPerm modified mode [ 'lib/rules/no-process-env.js', 420, 436 ]
1156 silly gunzTarPerm extractEntry lib/rules/no-process-exit.js
1157 silly gunzTarPerm modified mode [ 'lib/rules/no-process-exit.js', 420, 436 ]
1158 silly gunzTarPerm extractEntry lib/rules/no-promise-executor-return.js
1159 silly gunzTarPerm modified mode [ 'lib/rules/no-promise-executor-return.js', 420, 436 ]
1160 silly gunzTarPerm extractEntry lib/rules/no-proto.js
1161 silly gunzTarPerm modified mode [ 'lib/rules/no-proto.js', 420, 436 ]
1162 silly gunzTarPerm extractEntry lib/rules/no-prototype-builtins.js
1163 silly gunzTarPerm modified mode [ 'lib/rules/no-prototype-builtins.js', 420, 436 ]
1164 silly gunzTarPerm extractEntry lib/rules/no-redeclare.js
1165 silly gunzTarPerm modified mode [ 'lib/rules/no-redeclare.js', 420, 436 ]
1166 silly gunzTarPerm extractEntry lib/rules/no-regex-spaces.js
1167 silly gunzTarPerm modified mode [ 'lib/rules/no-regex-spaces.js', 420, 436 ]
1168 silly gunzTarPerm extractEntry lib/rules/no-restricted-exports.js
1169 silly gunzTarPerm modified mode [ 'lib/rules/no-restricted-exports.js', 420, 436 ]
1170 silly gunzTarPerm extractEntry lib/rules/no-restricted-globals.js
1171 silly gunzTarPerm modified mode [ 'lib/rules/no-restricted-globals.js', 420, 436 ]
1172 silly gunzTarPerm extractEntry lib/rules/no-restricted-imports.js
1173 silly gunzTarPerm modified mode [ 'lib/rules/no-restricted-imports.js', 420, 436 ]
1174 silly gunzTarPerm extractEntry lib/rules/no-restricted-modules.js
1175 silly gunzTarPerm modified mode [ 'lib/rules/no-restricted-modules.js', 420, 436 ]
1176 silly gunzTarPerm extractEntry lib/rules/no-restricted-properties.js
1177 silly gunzTarPerm modified mode [ 'lib/rules/no-restricted-properties.js', 420, 436 ]
1178 silly gunzTarPerm extractEntry lib/rules/no-restricted-syntax.js
1179 silly gunzTarPerm modified mode [ 'lib/rules/no-restricted-syntax.js', 420, 436 ]
1180 silly gunzTarPerm extractEntry lib/rules/no-return-assign.js
1181 silly gunzTarPerm modified mode [ 'lib/rules/no-return-assign.js', 420, 436 ]
1182 silly gunzTarPerm extractEntry lib/rules/no-return-await.js
1183 silly gunzTarPerm modified mode [ 'lib/rules/no-return-await.js', 420, 436 ]
1184 silly gunzTarPerm extractEntry lib/rules/no-script-url.js
1185 silly gunzTarPerm modified mode [ 'lib/rules/no-script-url.js', 420, 436 ]
1186 silly gunzTarPerm extractEntry lib/rules/no-self-assign.js
1187 silly gunzTarPerm modified mode [ 'lib/rules/no-self-assign.js', 420, 436 ]
1188 silly gunzTarPerm extractEntry lib/rules/no-self-compare.js
1189 silly gunzTarPerm modified mode [ 'lib/rules/no-self-compare.js', 420, 436 ]
1190 silly gunzTarPerm extractEntry lib/rules/no-sequences.js
1191 silly gunzTarPerm modified mode [ 'lib/rules/no-sequences.js', 420, 436 ]
1192 silly gunzTarPerm extractEntry lib/rules/no-setter-return.js
1193 silly gunzTarPerm modified mode [ 'lib/rules/no-setter-return.js', 420, 436 ]
1194 silly gunzTarPerm extractEntry lib/rules/no-shadow-restricted-names.js
1195 silly gunzTarPerm modified mode [ 'lib/rules/no-shadow-restricted-names.js', 420, 436 ]
1196 silly gunzTarPerm extractEntry lib/rules/no-shadow.js
1197 silly gunzTarPerm modified mode [ 'lib/rules/no-shadow.js', 420, 436 ]
1198 silly gunzTarPerm extractEntry lib/rules/no-spaced-func.js
1199 silly gunzTarPerm modified mode [ 'lib/rules/no-spaced-func.js', 420, 436 ]
1200 silly gunzTarPerm extractEntry lib/rules/no-sparse-arrays.js
1201 silly gunzTarPerm modified mode [ 'lib/rules/no-sparse-arrays.js', 420, 436 ]
1202 silly gunzTarPerm extractEntry lib/rules/no-sync.js
1203 silly gunzTarPerm modified mode [ 'lib/rules/no-sync.js', 420, 436 ]
1204 silly gunzTarPerm extractEntry lib/rules/no-tabs.js
1205 silly gunzTarPerm modified mode [ 'lib/rules/no-tabs.js', 420, 436 ]
1206 silly gunzTarPerm extractEntry lib/rules/no-template-curly-in-string.js
1207 silly gunzTarPerm modified mode [ 'lib/rules/no-template-curly-in-string.js', 420, 436 ]
1208 silly gunzTarPerm extractEntry lib/rules/no-ternary.js
1209 silly gunzTarPerm modified mode [ 'lib/rules/no-ternary.js', 420, 436 ]
1210 silly gunzTarPerm extractEntry lib/rules/no-this-before-super.js
1211 silly gunzTarPerm modified mode [ 'lib/rules/no-this-before-super.js', 420, 436 ]
1212 silly gunzTarPerm extractEntry lib/rules/no-throw-literal.js
1213 silly gunzTarPerm modified mode [ 'lib/rules/no-throw-literal.js', 420, 436 ]
1214 silly gunzTarPerm extractEntry lib/rules/no-trailing-spaces.js
1215 silly gunzTarPerm modified mode [ 'lib/rules/no-trailing-spaces.js', 420, 436 ]
1216 silly gunzTarPerm extractEntry lib/rules/no-unassigned-vars.js
1217 silly gunzTarPerm modified mode [ 'lib/rules/no-unassigned-vars.js', 420, 436 ]
1218 silly gunzTarPerm extractEntry lib/rules/no-undef-init.js
1219 silly gunzTarPerm modified mode [ 'lib/rules/no-undef-init.js', 420, 436 ]
1220 silly gunzTarPerm extractEntry lib/rules/no-undef.js
1221 silly gunzTarPerm modified mode [ 'lib/rules/no-undef.js', 420, 436 ]
1222 silly gunzTarPerm extractEntry lib/rules/no-undefined.js
1223 silly gunzTarPerm modified mode [ 'lib/rules/no-undefined.js', 420, 436 ]
1224 silly gunzTarPerm extractEntry lib/rules/no-underscore-dangle.js
1225 silly gunzTarPerm modified mode [ 'lib/rules/no-underscore-dangle.js', 420, 436 ]
1226 silly gunzTarPerm extractEntry lib/rules/no-unexpected-multiline.js
1227 silly gunzTarPerm modified mode [ 'lib/rules/no-unexpected-multiline.js', 420, 436 ]
1228 silly gunzTarPerm extractEntry lib/rules/no-unmodified-loop-condition.js
1229 silly gunzTarPerm modified mode [ 'lib/rules/no-unmodified-loop-condition.js', 420, 436 ]
1230 silly gunzTarPerm extractEntry lib/rules/no-unneeded-ternary.js
1231 silly gunzTarPerm modified mode [ 'lib/rules/no-unneeded-ternary.js', 420, 436 ]
1232 silly gunzTarPerm extractEntry lib/rules/no-unreachable-loop.js
1233 silly gunzTarPerm modified mode [ 'lib/rules/no-unreachable-loop.js', 420, 436 ]
1234 silly gunzTarPerm extractEntry lib/rules/no-unreachable.js
1235 silly gunzTarPerm modified mode [ 'lib/rules/no-unreachable.js', 420, 436 ]
1236 silly gunzTarPerm extractEntry lib/rules/no-unsafe-finally.js
1237 silly gunzTarPerm modified mode [ 'lib/rules/no-unsafe-finally.js', 420, 436 ]
1238 silly gunzTarPerm extractEntry lib/rules/no-unsafe-negation.js
1239 silly gunzTarPerm modified mode [ 'lib/rules/no-unsafe-negation.js', 420, 436 ]
1240 silly gunzTarPerm extractEntry lib/rules/no-unsafe-optional-chaining.js
1241 silly gunzTarPerm modified mode [ 'lib/rules/no-unsafe-optional-chaining.js', 420, 436 ]
1242 silly gunzTarPerm extractEntry lib/rules/no-unused-expressions.js
1243 silly gunzTarPerm modified mode [ 'lib/rules/no-unused-expressions.js', 420, 436 ]
1244 silly gunzTarPerm extractEntry lib/rules/no-unused-labels.js
1245 silly gunzTarPerm modified mode [ 'lib/rules/no-unused-labels.js', 420, 436 ]
1246 silly gunzTarPerm extractEntry lib/rules/no-unused-private-class-members.js
1247 silly gunzTarPerm modified mode [ 'lib/rules/no-unused-private-class-members.js', 420, 436 ]
1248 silly gunzTarPerm extractEntry lib/rules/no-unused-vars.js
1249 silly gunzTarPerm modified mode [ 'lib/rules/no-unused-vars.js', 420, 436 ]
1250 silly gunzTarPerm extractEntry lib/rules/no-use-before-define.js
1251 silly gunzTarPerm modified mode [ 'lib/rules/no-use-before-define.js', 420, 436 ]
1252 silly gunzTarPerm extractEntry lib/rules/no-useless-assignment.js
1253 silly gunzTarPerm modified mode [ 'lib/rules/no-useless-assignment.js', 420, 436 ]
1254 silly gunzTarPerm extractEntry lib/rules/no-useless-backreference.js
1255 silly gunzTarPerm modified mode [ 'lib/rules/no-useless-backreference.js', 420, 436 ]
1256 silly gunzTarPerm extractEntry lib/rules/no-useless-call.js
1257 silly gunzTarPerm modified mode [ 'lib/rules/no-useless-call.js', 420, 436 ]
1258 silly gunzTarPerm extractEntry lib/rules/no-useless-catch.js
1259 silly gunzTarPerm modified mode [ 'lib/rules/no-useless-catch.js', 420, 436 ]
1260 silly gunzTarPerm extractEntry lib/rules/no-useless-computed-key.js
1261 silly gunzTarPerm modified mode [ 'lib/rules/no-useless-computed-key.js', 420, 436 ]
1262 silly gunzTarPerm extractEntry lib/rules/no-useless-concat.js
1263 silly gunzTarPerm modified mode [ 'lib/rules/no-useless-concat.js', 420, 436 ]
1264 silly gunzTarPerm extractEntry lib/rules/no-useless-constructor.js
1265 silly gunzTarPerm modified mode [ 'lib/rules/no-useless-constructor.js', 420, 436 ]
1266 silly gunzTarPerm extractEntry lib/rules/no-useless-escape.js
1267 silly gunzTarPerm modified mode [ 'lib/rules/no-useless-escape.js', 420, 436 ]
1268 silly gunzTarPerm extractEntry lib/rules/no-useless-rename.js
1269 silly gunzTarPerm modified mode [ 'lib/rules/no-useless-rename.js', 420, 436 ]
1270 silly gunzTarPerm extractEntry lib/rules/no-useless-return.js
1271 silly gunzTarPerm modified mode [ 'lib/rules/no-useless-return.js', 420, 436 ]
1272 silly gunzTarPerm extractEntry lib/rules/no-var.js
1273 silly gunzTarPerm modified mode [ 'lib/rules/no-var.js', 420, 436 ]
1274 silly gunzTarPerm extractEntry lib/rules/no-void.js
1275 silly gunzTarPerm modified mode [ 'lib/rules/no-void.js', 420, 436 ]
1276 silly gunzTarPerm extractEntry lib/rules/no-warning-comments.js
1277 silly gunzTarPerm modified mode [ 'lib/rules/no-warning-comments.js', 420, 436 ]
1278 silly gunzTarPerm extractEntry lib/rules/no-whitespace-before-property.js
1279 silly gunzTarPerm modified mode [ 'lib/rules/no-whitespace-before-property.js', 420, 436 ]
1280 silly gunzTarPerm extractEntry lib/rules/no-with.js
1281 silly gunzTarPerm modified mode [ 'lib/rules/no-with.js', 420, 436 ]
1282 silly gunzTarPerm extractEntry lib/rules/nonblock-statement-body-position.js
1283 silly gunzTarPerm modified mode [ 'lib/rules/nonblock-statement-body-position.js', 420, 436 ]
1284 silly gunzTarPerm extractEntry lib/rules/object-curly-newline.js
1285 silly gunzTarPerm modified mode [ 'lib/rules/object-curly-newline.js', 420, 436 ]
1286 silly gunzTarPerm extractEntry lib/rules/object-curly-spacing.js
1287 silly gunzTarPerm modified mode [ 'lib/rules/object-curly-spacing.js', 420, 436 ]
1288 silly gunzTarPerm extractEntry lib/rules/object-property-newline.js
1289 silly gunzTarPerm modified mode [ 'lib/rules/object-property-newline.js', 420, 436 ]
1290 silly gunzTarPerm extractEntry lib/rules/object-shorthand.js
1291 silly gunzTarPerm modified mode [ 'lib/rules/object-shorthand.js', 420, 436 ]
1292 silly gunzTarPerm extractEntry lib/rules/one-var-declaration-per-line.js
1293 silly gunzTarPerm modified mode [ 'lib/rules/one-var-declaration-per-line.js', 420, 436 ]
1294 silly gunzTarPerm extractEntry lib/rules/one-var.js
1295 silly gunzTarPerm modified mode [ 'lib/rules/one-var.js', 420, 436 ]
1296 silly gunzTarPerm extractEntry lib/rules/operator-assignment.js
1297 silly gunzTarPerm modified mode [ 'lib/rules/operator-assignment.js', 420, 436 ]
1298 silly gunzTarPerm extractEntry lib/rules/operator-linebreak.js
1299 silly gunzTarPerm modified mode [ 'lib/rules/operator-linebreak.js', 420, 436 ]
1300 silly gunzTarPerm extractEntry lib/shared/option-utils.js
1301 silly gunzTarPerm modified mode [ 'lib/shared/option-utils.js', 420, 436 ]
1302 silly gunzTarPerm extractEntry lib/options.js
1303 silly gunzTarPerm modified mode [ 'lib/options.js', 420, 436 ]
1304 silly gunzTarPerm extractEntry lib/rules/padded-blocks.js
1305 silly gunzTarPerm modified mode [ 'lib/rules/padded-blocks.js', 420, 436 ]
1306 silly gunzTarPerm extractEntry lib/languages/js/source-code/token-store/padded-token-cursor.js
1307 silly gunzTarPerm modified mode [
1307 silly gunzTarPerm   'lib/languages/js/source-code/token-store/padded-token-cursor.js',
1307 silly gunzTarPerm   420,
1307 silly gunzTarPerm   436
1307 silly gunzTarPerm ]
1308 silly gunzTarPerm extractEntry lib/rules/padding-line-between-statements.js
1309 silly gunzTarPerm modified mode [ 'lib/rules/padding-line-between-statements.js', 420, 436 ]
1310 silly gunzTarPerm extractEntry lib/services/parser-service.js
1311 silly gunzTarPerm modified mode [ 'lib/services/parser-service.js', 420, 436 ]
1312 silly gunzTarPerm extractEntry messages/plugin-conflict.js
1313 silly gunzTarPerm modified mode [ 'messages/plugin-conflict.js', 420, 436 ]
1314 silly gunzTarPerm extractEntry messages/plugin-invalid.js
1315 silly gunzTarPerm modified mode [ 'messages/plugin-invalid.js', 420, 436 ]
1316 silly gunzTarPerm extractEntry messages/plugin-missing.js
1317 silly gunzTarPerm modified mode [ 'messages/plugin-missing.js', 420, 436 ]
1318 silly gunzTarPerm extractEntry lib/rules/prefer-arrow-callback.js
1319 silly gunzTarPerm modified mode [ 'lib/rules/prefer-arrow-callback.js', 420, 436 ]
1320 silly gunzTarPerm extractEntry lib/rules/prefer-const.js
1321 silly gunzTarPerm modified mode [ 'lib/rules/prefer-const.js', 420, 436 ]
1322 silly gunzTarPerm extractEntry lib/rules/prefer-destructuring.js
1323 silly gunzTarPerm modified mode [ 'lib/rules/prefer-destructuring.js', 420, 436 ]
1324 silly gunzTarPerm extractEntry lib/rules/prefer-exponentiation-operator.js
1325 silly gunzTarPerm modified mode [ 'lib/rules/prefer-exponentiation-operator.js', 420, 436 ]
1326 silly gunzTarPerm extractEntry lib/rules/prefer-named-capture-group.js
1327 silly gunzTarPerm modified mode [ 'lib/rules/prefer-named-capture-group.js', 420, 436 ]
1328 silly gunzTarPerm extractEntry lib/rules/prefer-numeric-literals.js
1329 silly gunzTarPerm modified mode [ 'lib/rules/prefer-numeric-literals.js', 420, 436 ]
1330 silly gunzTarPerm extractEntry lib/rules/prefer-object-has-own.js
1331 silly gunzTarPerm modified mode [ 'lib/rules/prefer-object-has-own.js', 420, 436 ]
1332 silly gunzTarPerm extractEntry lib/rules/prefer-object-spread.js
1333 silly gunzTarPerm modified mode [ 'lib/rules/prefer-object-spread.js', 420, 436 ]
1334 silly gunzTarPerm extractEntry lib/rules/prefer-promise-reject-errors.js
1335 silly gunzTarPerm modified mode [ 'lib/rules/prefer-promise-reject-errors.js', 420, 436 ]
1336 silly gunzTarPerm extractEntry lib/rules/prefer-reflect.js
1337 silly gunzTarPerm modified mode [ 'lib/rules/prefer-reflect.js', 420, 436 ]
1338 silly gunzTarPerm extractEntry lib/rules/prefer-regex-literals.js
1339 silly gunzTarPerm modified mode [ 'lib/rules/prefer-regex-literals.js', 420, 436 ]
1340 silly gunzTarPerm extractEntry lib/rules/prefer-rest-params.js
1341 silly gunzTarPerm modified mode [ 'lib/rules/prefer-rest-params.js', 420, 436 ]
1342 silly gunzTarPerm extractEntry lib/rules/prefer-spread.js
1343 silly gunzTarPerm modified mode [ 'lib/rules/prefer-spread.js', 420, 436 ]
1344 silly gunzTarPerm extractEntry lib/rules/prefer-template.js
1345 silly gunzTarPerm modified mode [ 'lib/rules/prefer-template.js', 420, 436 ]
1346 silly gunzTarPerm extractEntry lib/rules/preserve-caught-error.js
1347 silly gunzTarPerm modified mode [ 'lib/rules/preserve-caught-error.js', 420, 436 ]
1348 silly gunzTarPerm extractEntry messages/print-config-with-directory-path.js
1349 silly gunzTarPerm modified mode [ 'messages/print-config-with-directory-path.js', 420, 436 ]
1350 silly gunzTarPerm extractEntry lib/services/processor-service.js
1351 silly gunzTarPerm modified mode [ 'lib/services/processor-service.js', 420, 436 ]
1352 silly gunzTarPerm extractEntry lib/rules/quote-props.js
1353 silly gunzTarPerm modified mode [ 'lib/rules/quote-props.js', 420, 436 ]
1354 silly gunzTarPerm extractEntry lib/rules/quotes.js
1355 silly gunzTarPerm modified mode [ 'lib/rules/quotes.js', 420, 436 ]
1356 silly gunzTarPerm extractEntry lib/rules/radix.js
1357 silly gunzTarPerm modified mode [ 'lib/rules/radix.js', 420, 436 ]
1358 silly gunzTarPerm extractEntry lib/rules/utils/regular-expressions.js
1359 silly gunzTarPerm modified mode [ 'lib/rules/utils/regular-expressions.js', 420, 436 ]
1360 silly gunzTarPerm extractEntry lib/shared/relative-module-resolver.js
1361 silly gunzTarPerm modified mode [ 'lib/shared/relative-module-resolver.js', 420, 436 ]
1362 silly gunzTarPerm extractEntry lib/rules/require-atomic-updates.js
1363 silly gunzTarPerm modified mode [ 'lib/rules/require-atomic-updates.js', 420, 436 ]
1364 silly gunzTarPerm extractEntry lib/rules/require-await.js
1365 silly gunzTarPerm modified mode [ 'lib/rules/require-await.js', 420, 436 ]
1366 silly gunzTarPerm extractEntry lib/rules/require-unicode-regexp.js
1367 silly gunzTarPerm modified mode [ 'lib/rules/require-unicode-regexp.js', 420, 436 ]
1368 silly gunzTarPerm extractEntry lib/rules/require-yield.js
1369 silly gunzTarPerm modified mode [ 'lib/rules/require-yield.js', 420, 436 ]
1370 silly gunzTarPerm extractEntry lib/rules/rest-spread-spacing.js
1371 silly gunzTarPerm modified mode [ 'lib/rules/rest-spread-spacing.js', 420, 436 ]
1372 silly gunzTarPerm extractEntry lib/linter/rule-fixer.js
1373 silly gunzTarPerm modified mode [ 'lib/linter/rule-fixer.js', 420, 436 ]
1374 silly gunzTarPerm extractEntry lib/rule-tester/rule-tester.js
1375 silly gunzTarPerm modified mode [ 'lib/rule-tester/rule-tester.js', 420, 436 ]
1376 silly gunzTarPerm extractEntry lib/shared/runtime-info.js
1377 silly gunzTarPerm modified mode [ 'lib/shared/runtime-info.js', 420, 436 ]
1378 silly gunzTarPerm extractEntry lib/rules/semi-spacing.js
1379 silly gunzTarPerm modified mode [ 'lib/rules/semi-spacing.js', 420, 436 ]
1380 silly gunzTarPerm extractEntry lib/rules/semi-style.js
1381 silly gunzTarPerm modified mode [ 'lib/rules/semi-style.js', 420, 436 ]
1382 silly gunzTarPerm extractEntry lib/rules/semi.js
1383 silly gunzTarPerm modified mode [ 'lib/rules/semi.js', 420, 436 ]
1384 silly gunzTarPerm extractEntry lib/shared/serialization.js
1385 silly gunzTarPerm modified mode [ 'lib/shared/serialization.js', 420, 436 ]
1386 silly gunzTarPerm extractEntry lib/shared/severity.js
1387 silly gunzTarPerm modified mode [ 'lib/shared/severity.js', 420, 436 ]
1388 silly gunzTarPerm extractEntry messages/shared.js
1389 silly gunzTarPerm modified mode [ 'messages/shared.js', 420, 436 ]
1390 silly gunzTarPerm extractEntry lib/languages/js/source-code/token-store/skip-cursor.js
1391 silly gunzTarPerm modified mode [ 'lib/languages/js/source-code/token-store/skip-cursor.js', 420, 436 ]
1392 silly gunzTarPerm extractEntry lib/rules/sort-imports.js
1393 silly gunzTarPerm modified mode [ 'lib/rules/sort-imports.js', 420, 436 ]
1394 silly gunzTarPerm extractEntry lib/rules/sort-keys.js
1395 silly gunzTarPerm modified mode [ 'lib/rules/sort-keys.js', 420, 436 ]
1396 silly gunzTarPerm extractEntry lib/rules/sort-vars.js
1397 silly gunzTarPerm modified mode [ 'lib/rules/sort-vars.js', 420, 436 ]
1398 silly gunzTarPerm extractEntry lib/linter/source-code-fixer.js
1399 silly gunzTarPerm modified mode [ 'lib/linter/source-code-fixer.js', 420, 436 ]
1400 silly gunzTarPerm extractEntry lib/linter/source-code-traverser.js
1401 silly gunzTarPerm modified mode [ 'lib/linter/source-code-traverser.js', 420, 436 ]
1402 silly gunzTarPerm extractEntry lib/linter/source-code-visitor.js
1403 silly gunzTarPerm modified mode [ 'lib/linter/source-code-visitor.js', 420, 436 ]
1404 silly gunzTarPerm extractEntry lib/languages/js/source-code/source-code.js
1405 silly gunzTarPerm modified mode [ 'lib/languages/js/source-code/source-code.js', 420, 436 ]
1406 silly gunzTarPerm extractEntry lib/rules/space-before-blocks.js
1407 silly gunzTarPerm modified mode [ 'lib/rules/space-before-blocks.js', 420, 436 ]
1408 silly gunzTarPerm extractEntry lib/rules/space-before-function-paren.js
1409 silly gunzTarPerm modified mode [ 'lib/rules/space-before-function-paren.js', 420, 436 ]
1410 silly gunzTarPerm extractEntry lib/rules/space-in-parens.js
1411 silly gunzTarPerm modified mode [ 'lib/rules/space-in-parens.js', 420, 436 ]
1412 silly gunzTarPerm extractEntry lib/rules/space-infix-ops.js
1413 silly gunzTarPerm modified mode [ 'lib/rules/space-infix-ops.js', 420, 436 ]
1414 silly gunzTarPerm extractEntry lib/rules/space-unary-ops.js
1415 silly gunzTarPerm modified mode [ 'lib/rules/space-unary-ops.js', 420, 436 ]
1416 silly gunzTarPerm extractEntry lib/rules/spaced-comment.js
1417 silly gunzTarPerm modified mode [ 'lib/rules/spaced-comment.js', 420, 436 ]
1418 silly gunzTarPerm extractEntry lib/shared/stats.js
1419 silly gunzTarPerm modified mode [ 'lib/shared/stats.js', 420, 436 ]
1420 silly gunzTarPerm extractEntry lib/rules/strict.js
1421 silly gunzTarPerm modified mode [ 'lib/rules/strict.js', 420, 436 ]
1422 silly gunzTarPerm extractEntry lib/shared/string-utils.js
1423 silly gunzTarPerm modified mode [ 'lib/shared/string-utils.js', 420, 436 ]
1424 silly gunzTarPerm extractEntry lib/cli-engine/formatters/stylish.js
1425 silly gunzTarPerm modified mode [ 'lib/cli-engine/formatters/stylish.js', 420, 436 ]
1426 silly gunzTarPerm extractEntry lib/services/suppressions-service.js
1427 silly gunzTarPerm modified mode [ 'lib/services/suppressions-service.js', 420, 436 ]
1428 silly gunzTarPerm extractEntry lib/rules/switch-colon-spacing.js
1429 silly gunzTarPerm modified mode [ 'lib/rules/switch-colon-spacing.js', 420, 436 ]
1430 silly gunzTarPerm extractEntry lib/rules/symbol-description.js
1431 silly gunzTarPerm modified mode [ 'lib/rules/symbol-description.js', 420, 436 ]
1432 silly gunzTarPerm extractEntry lib/rules/template-curly-spacing.js
1433 silly gunzTarPerm modified mode [ 'lib/rules/template-curly-spacing.js', 420, 436 ]
1434 silly gunzTarPerm extractEntry lib/rules/template-tag-spacing.js
1435 silly gunzTarPerm modified mode [ 'lib/rules/template-tag-spacing.js', 420, 436 ]
1436 silly gunzTarPerm extractEntry lib/shared/text-table.js
1437 silly gunzTarPerm modified mode [ 'lib/shared/text-table.js', 420, 436 ]
1438 silly gunzTarPerm extractEntry lib/linter/timing.js
1439 silly gunzTarPerm modified mode [ 'lib/linter/timing.js', 420, 436 ]
1440 silly gunzTarPerm extractEntry lib/shared/translate-cli-options.js
1441 silly gunzTarPerm modified mode [ 'lib/shared/translate-cli-options.js', 420, 436 ]
1442 silly gunzTarPerm extractEntry lib/shared/traverser.js
1443 silly gunzTarPerm modified mode [ 'lib/shared/traverser.js', 420, 436 ]
1444 silly gunzTarPerm extractEntry lib/rules/unicode-bom.js
1445 silly gunzTarPerm modified mode [ 'lib/rules/unicode-bom.js', 420, 436 ]
1446 silly gunzTarPerm extractEntry lib/universal.js
1447 silly gunzTarPerm modified mode [ 'lib/universal.js', 420, 436 ]
1448 silly gunzTarPerm extractEntry lib/unsupported-api.js
1449 silly gunzTarPerm modified mode [ 'lib/unsupported-api.js', 420, 436 ]
1450 silly gunzTarPerm extractEntry lib/rules/use-isnan.js
1451 silly gunzTarPerm modified mode [ 'lib/rules/use-isnan.js', 420, 436 ]
1452 silly gunzTarPerm extractEntry lib/languages/js/source-code/token-store/utils.js
1453 silly gunzTarPerm modified mode [ 'lib/languages/js/source-code/token-store/utils.js', 420, 436 ]
1454 silly gunzTarPerm extractEntry lib/rules/valid-typeof.js
1455 silly gunzTarPerm modified mode [ 'lib/rules/valid-typeof.js', 420, 436 ]
1456 silly gunzTarPerm extractEntry lib/languages/js/validate-language-options.js
1457 silly gunzTarPerm modified mode [ 'lib/languages/js/validate-language-options.js', 420, 436 ]
1458 silly gunzTarPerm extractEntry lib/rules/vars-on-top.js
1459 silly gunzTarPerm modified mode [ 'lib/rules/vars-on-top.js', 420, 436 ]
1460 silly gunzTarPerm extractEntry lib/linter/vfile.js
1461 silly gunzTarPerm modified mode [ 'lib/linter/vfile.js', 420, 436 ]
1462 silly gunzTarPerm extractEntry lib/services/warning-service.js
1463 silly gunzTarPerm modified mode [ 'lib/services/warning-service.js', 420, 436 ]
1464 silly gunzTarPerm extractEntry messages/whitespace-found.js
1465 silly gunzTarPerm modified mode [ 'messages/whitespace-found.js', 420, 436 ]
1466 silly gunzTarPerm extractEntry lib/eslint/worker.js
1467 silly gunzTarPerm modified mode [ 'lib/eslint/worker.js', 420, 436 ]
1468 silly gunzTarPerm extractEntry lib/rules/wrap-iife.js
1469 silly gunzTarPerm modified mode [ 'lib/rules/wrap-iife.js', 420, 436 ]
1470 silly gunzTarPerm extractEntry lib/rules/wrap-regex.js
1471 silly gunzTarPerm modified mode [ 'lib/rules/wrap-regex.js', 420, 436 ]
1472 silly gunzTarPerm extractEntry lib/rules/yield-star-spacing.js
1473 silly gunzTarPerm modified mode [ 'lib/rules/yield-star-spacing.js', 420, 436 ]
1474 silly gunzTarPerm extractEntry lib/rules/yoda.js
1475 silly gunzTarPerm modified mode [ 'lib/rules/yoda.js', 420, 436 ]
1476 silly gunzTarPerm extractEntry lib/cli-engine/formatters/formatters-meta.json
1477 silly gunzTarPerm modified mode [ 'lib/cli-engine/formatters/formatters-meta.json', 420, 436 ]
1478 silly gunzTarPerm extractEntry package.json
1479 silly gunzTarPerm modified mode [ 'package.json', 420, 436 ]
1480 silly gunzTarPerm extractEntry conf/replacements.json
1481 silly gunzTarPerm modified mode [ 'conf/replacements.json', 420, 436 ]
1482 silly gunzTarPerm extractEntry conf/rule-type-list.json
1483 silly gunzTarPerm modified mode [ 'conf/rule-type-list.json', 420, 436 ]
1484 silly gunzTarPerm extractEntry README.md
1485 silly gunzTarPerm modified mode [ 'README.md', 420, 436 ]
1486 silly gunzTarPerm extractEntry lib/types/config-api.d.ts
1487 silly gunzTarPerm modified mode [ 'lib/types/config-api.d.ts', 420, 436 ]
1488 silly gunzTarPerm extractEntry lib/types/index.d.ts
1489 silly gunzTarPerm modified mode [ 'lib/types/index.d.ts', 420, 436 ]
1490 silly gunzTarPerm extractEntry lib/types/rules.d.ts
1491 silly gunzTarPerm modified mode [ 'lib/types/rules.d.ts', 420, 436 ]
1492 silly gunzTarPerm extractEntry lib/types/universal.d.ts
1493 silly gunzTarPerm modified mode [ 'lib/types/universal.d.ts', 420, 436 ]
1494 silly gunzTarPerm extractEntry lib/types/use-at-your-own-risk.d.ts
1495 silly gunzTarPerm modified mode [ 'lib/types/use-at-your-own-risk.d.ts', 420, 436 ]
1496 verbose write writing to /home/ahmed-wael/ITI/Courses/Node/Tasks/4/node_modules/eslint/package.json
1497 info preinstall eslint@10.0.0
1498 verbose readDependencies loading dependencies from /home/ahmed-wael/ITI/Courses/Node/Tasks/4/node_modules/eslint/package.json
1499 silly prepareForInstallMany adding @eslint/config-array@^0.23.0 from eslint dependencies
1500 silly prepareForInstallMany adding @eslint/config-helpers@^0.5.2 from eslint dependencies
1501 silly prepareForInstallMany adding @eslint/core@^1.1.0 from eslint dependencies
1502 silly prepareForInstallMany adding @eslint/plugin-kit@^0.6.0 from eslint dependencies
1503 silly prepareForInstallMany adding eslint-scope@^9.1.0 from eslint dependencies
1504 silly prepareForInstallMany adding eslint-visitor-keys@^5.0.0 from eslint dependencies
1505 silly prepareForInstallMany adding espree@^11.1.0 from eslint dependencies
1506 silly prepareForInstallMany adding ignore@^5.2.0 from eslint dependencies
1507 silly prepareForInstallMany adding minimatch@^10.1.1 from eslint dependencies
1508 silly prepareForInstallMany adding jiti@* from eslint peerDependencies
1509 warn peerDependencies The peer dependency jiti@* included from eslint will no
1510 warn peerDependencies longer be automatically installed to fulfill the peerDependency
1511 warn peerDependencies in npm 3+. Your application will need to depend on it explicitly.
1512 verbose readDependencies loading dependencies from /home/ahmed-wael/ITI/Courses/Node/Tasks/4/node_modules/eslint/package.json
1513 silly cache add args [ '@eslint/config-array@^0.23.0', null ]
1514 verbose cache add spec @eslint/config-array@^0.23.0
1515 silly cache add parsed spec Result {
1515 silly cache add   raw: '@eslint/config-array@^0.23.0',
1515 silly cache add   scope: '@eslint',
1515 silly cache add   name: '@eslint/config-array',
1515 silly cache add   rawSpec: '^0.23.0',
1515 silly cache add   spec: '>=0.23.0 <0.24.0',
1515 silly cache add   type: 'range'
1515 silly cache add }
1516 silly addNamed @eslint/config-array@>=0.23.0 <0.24.0
1517 verbose addNamed ">=0.23.0 <0.24.0" is a valid semver range for @eslint/config-array
1518 silly addNameRange {
1518 silly addNameRange   name: '@eslint/config-array',
1518 silly addNameRange   range: '>=0.23.0 <0.24.0',
1518 silly addNameRange   hasData: false
1518 silly addNameRange }
1519 silly mapToRegistry name @eslint/config-array
1520 silly mapToRegistry scope (from package name) @eslint
1521 verbose mapToRegistry no registry URL found in name for scope @eslint
1522 silly mapToRegistry using default registry
1523 silly mapToRegistry registry https://registry.npmjs.org/
1524 silly mapToRegistry data Result {
1524 silly mapToRegistry   raw: '@eslint/config-array',
1524 silly mapToRegistry   scope: '@eslint',
1524 silly mapToRegistry   name: '@eslint/config-array',
1524 silly mapToRegistry   rawSpec: '',
1524 silly mapToRegistry   spec: 'latest',
1524 silly mapToRegistry   type: 'tag'
1524 silly mapToRegistry }
1525 silly mapToRegistry uri https://registry.npmjs.org/@eslint%2fconfig-array
1526 verbose addNameRange registry:https://registry.npmjs.org/@eslint%2fconfig-array not in flight; fetching
1527 silly cache add args [ '@eslint/config-helpers@^0.5.2', null ]
1528 verbose cache add spec @eslint/config-helpers@^0.5.2
1529 silly cache add parsed spec Result {
1529 silly cache add   raw: '@eslint/config-helpers@^0.5.2',
1529 silly cache add   scope: '@eslint',
1529 silly cache add   name: '@eslint/config-helpers',
1529 silly cache add   rawSpec: '^0.5.2',
1529 silly cache add   spec: '>=0.5.2 <0.6.0',
1529 silly cache add   type: 'range'
1529 silly cache add }
1530 silly addNamed @eslint/config-helpers@>=0.5.2 <0.6.0
1531 verbose addNamed ">=0.5.2 <0.6.0" is a valid semver range for @eslint/config-helpers
1532 silly addNameRange {
1532 silly addNameRange   name: '@eslint/config-helpers',
1532 silly addNameRange   range: '>=0.5.2 <0.6.0',
1532 silly addNameRange   hasData: false
1532 silly addNameRange }
1533 silly mapToRegistry name @eslint/config-helpers
1534 silly mapToRegistry scope (from package name) @eslint
1535 verbose mapToRegistry no registry URL found in name for scope @eslint
1536 silly mapToRegistry using default registry
1537 silly mapToRegistry registry https://registry.npmjs.org/
1538 silly mapToRegistry data Result {
1538 silly mapToRegistry   raw: '@eslint/config-helpers',
1538 silly mapToRegistry   scope: '@eslint',
1538 silly mapToRegistry   name: '@eslint/config-helpers',
1538 silly mapToRegistry   rawSpec: '',
1538 silly mapToRegistry   spec: 'latest',
1538 silly mapToRegistry   type: 'tag'
1538 silly mapToRegistry }
1539 silly mapToRegistry uri https://registry.npmjs.org/@eslint%2fconfig-helpers
1540 verbose addNameRange registry:https://registry.npmjs.org/@eslint%2fconfig-helpers not in flight; fetching
1541 silly cache add args [ '@eslint/core@^1.1.0', null ]
1542 verbose cache add spec @eslint/core@^1.1.0
1543 silly cache add parsed spec Result {
1543 silly cache add   raw: '@eslint/core@^1.1.0',
1543 silly cache add   scope: '@eslint',
1543 silly cache add   name: '@eslint/core',
1543 silly cache add   rawSpec: '^1.1.0',
1543 silly cache add   spec: '>=1.1.0 <2.0.0',
1543 silly cache add   type: 'range'
1543 silly cache add }
1544 silly addNamed @eslint/core@>=1.1.0 <2.0.0
1545 verbose addNamed ">=1.1.0 <2.0.0" is a valid semver range for @eslint/core
1546 silly addNameRange { name: '@eslint/core', range: '>=1.1.0 <2.0.0', hasData: false }
1547 silly mapToRegistry name @eslint/core
1548 silly mapToRegistry scope (from package name) @eslint
1549 verbose mapToRegistry no registry URL found in name for scope @eslint
1550 silly mapToRegistry using default registry
1551 silly mapToRegistry registry https://registry.npmjs.org/
1552 silly mapToRegistry data Result {
1552 silly mapToRegistry   raw: '@eslint/core',
1552 silly mapToRegistry   scope: '@eslint',
1552 silly mapToRegistry   name: '@eslint/core',
1552 silly mapToRegistry   rawSpec: '',
1552 silly mapToRegistry   spec: 'latest',
1552 silly mapToRegistry   type: 'tag'
1552 silly mapToRegistry }
1553 silly mapToRegistry uri https://registry.npmjs.org/@eslint%2fcore
1554 verbose addNameRange registry:https://registry.npmjs.org/@eslint%2fcore not in flight; fetching
1555 silly cache add args [ '@eslint/plugin-kit@^0.6.0', null ]
1556 verbose cache add spec @eslint/plugin-kit@^0.6.0
1557 silly cache add parsed spec Result {
1557 silly cache add   raw: '@eslint/plugin-kit@^0.6.0',
1557 silly cache add   scope: '@eslint',
1557 silly cache add   name: '@eslint/plugin-kit',
1557 silly cache add   rawSpec: '^0.6.0',
1557 silly cache add   spec: '>=0.6.0 <0.7.0',
1557 silly cache add   type: 'range'
1557 silly cache add }
1558 silly addNamed @eslint/plugin-kit@>=0.6.0 <0.7.0
1559 verbose addNamed ">=0.6.0 <0.7.0" is a valid semver range for @eslint/plugin-kit
1560 silly addNameRange { name: '@eslint/plugin-kit', range: '>=0.6.0 <0.7.0', hasData: false }
1561 silly mapToRegistry name @eslint/plugin-kit
1562 silly mapToRegistry scope (from package name) @eslint
1563 verbose mapToRegistry no registry URL found in name for scope @eslint
1564 silly mapToRegistry using default registry
1565 silly mapToRegistry registry https://registry.npmjs.org/
1566 silly mapToRegistry data Result {
1566 silly mapToRegistry   raw: '@eslint/plugin-kit',
1566 silly mapToRegistry   scope: '@eslint',
1566 silly mapToRegistry   name: '@eslint/plugin-kit',
1566 silly mapToRegistry   rawSpec: '',
1566 silly mapToRegistry   spec: 'latest',
1566 silly mapToRegistry   type: 'tag'
1566 silly mapToRegistry }
1567 silly mapToRegistry uri https://registry.npmjs.org/@eslint%2fplugin-kit
1568 verbose addNameRange registry:https://registry.npmjs.org/@eslint%2fplugin-kit not in flight; fetching
1569 verbose request uri https://registry.npmjs.org/@eslint%2fconfig-helpers
1570 verbose request no auth needed
1571 info attempt registry request try #1 at 2:42:31 PM
1572 http request GET https://registry.npmjs.org/@eslint%2fconfig-helpers
1573 verbose request uri https://registry.npmjs.org/@eslint%2fcore
1574 verbose request no auth needed
1575 info attempt registry request try #1 at 2:42:31 PM
1576 http request GET https://registry.npmjs.org/@eslint%2fcore
1577 silly cache add args [ 'eslint-scope@^9.1.0', null ]
1578 verbose cache add spec eslint-scope@^9.1.0
1579 silly cache add parsed spec Result {
1579 silly cache add   raw: 'eslint-scope@^9.1.0',
1579 silly cache add   scope: null,
1579 silly cache add   name: 'eslint-scope',
1579 silly cache add   rawSpec: '^9.1.0',
1579 silly cache add   spec: '>=9.1.0 <10.0.0',
1579 silly cache add   type: 'range'
1579 silly cache add }
1580 silly addNamed eslint-scope@>=9.1.0 <10.0.0
1581 verbose addNamed ">=9.1.0 <10.0.0" is a valid semver range for eslint-scope
1582 silly addNameRange { name: 'eslint-scope', range: '>=9.1.0 <10.0.0', hasData: false }
1583 silly mapToRegistry name eslint-scope
1584 silly mapToRegistry using default registry
1585 silly mapToRegistry registry https://registry.npmjs.org/
1586 silly mapToRegistry data Result {
1586 silly mapToRegistry   raw: 'eslint-scope',
1586 silly mapToRegistry   scope: null,
1586 silly mapToRegistry   name: 'eslint-scope',
1586 silly mapToRegistry   rawSpec: '',
1586 silly mapToRegistry   spec: 'latest',
1586 silly mapToRegistry   type: 'tag'
1586 silly mapToRegistry }
1587 silly mapToRegistry uri https://registry.npmjs.org/eslint-scope
1588 verbose addNameRange registry:https://registry.npmjs.org/eslint-scope not in flight; fetching
1589 silly cache add args [ 'eslint-visitor-keys@^5.0.0', null ]
1590 verbose cache add spec eslint-visitor-keys@^5.0.0
1591 silly cache add parsed spec Result {
1591 silly cache add   raw: 'eslint-visitor-keys@^5.0.0',
1591 silly cache add   scope: null,
1591 silly cache add   name: 'eslint-visitor-keys',
1591 silly cache add   rawSpec: '^5.0.0',
1591 silly cache add   spec: '>=5.0.0 <6.0.0',
1591 silly cache add   type: 'range'
1591 silly cache add }
1592 silly addNamed eslint-visitor-keys@>=5.0.0 <6.0.0
1593 verbose addNamed ">=5.0.0 <6.0.0" is a valid semver range for eslint-visitor-keys
1594 silly addNameRange {
1594 silly addNameRange   name: 'eslint-visitor-keys',
1594 silly addNameRange   range: '>=5.0.0 <6.0.0',
1594 silly addNameRange   hasData: false
1594 silly addNameRange }
1595 silly mapToRegistry name eslint-visitor-keys
1596 silly mapToRegistry using default registry
1597 silly mapToRegistry registry https://registry.npmjs.org/
1598 silly mapToRegistry data Result {
1598 silly mapToRegistry   raw: 'eslint-visitor-keys',
1598 silly mapToRegistry   scope: null,
1598 silly mapToRegistry   name: 'eslint-visitor-keys',
1598 silly mapToRegistry   rawSpec: '',
1598 silly mapToRegistry   spec: 'latest',
1598 silly mapToRegistry   type: 'tag'
1598 silly mapToRegistry }
1599 silly mapToRegistry uri https://registry.npmjs.org/eslint-visitor-keys
1600 verbose addNameRange registry:https://registry.npmjs.org/eslint-visitor-keys not in flight; fetching
1601 verbose request uri https://registry.npmjs.org/@eslint%2fconfig-array
1602 verbose request no auth needed
1603 info attempt registry request try #1 at 2:42:31 PM
1604 http request GET https://registry.npmjs.org/@eslint%2fconfig-array
1605 verbose request uri https://registry.npmjs.org/@eslint%2fplugin-kit
1606 verbose request no auth needed
1607 info attempt registry request try #1 at 2:42:31 PM
1608 http request GET https://registry.npmjs.org/@eslint%2fplugin-kit
1609 verbose request uri https://registry.npmjs.org/eslint-scope
1610 verbose request no auth needed
1611 info attempt registry request try #1 at 2:42:31 PM
1612 http request GET https://registry.npmjs.org/eslint-scope
1613 verbose request uri https://registry.npmjs.org/eslint-visitor-keys
1614 verbose request no auth needed
1615 info attempt registry request try #1 at 2:42:31 PM
1616 http request GET https://registry.npmjs.org/eslint-visitor-keys
1617 silly cache add args [ 'espree@^11.1.0', null ]
1618 verbose cache add spec espree@^11.1.0
1619 silly cache add parsed spec Result {
1619 silly cache add   raw: 'espree@^11.1.0',
1619 silly cache add   scope: null,
1619 silly cache add   name: 'espree',
1619 silly cache add   rawSpec: '^11.1.0',
1619 silly cache add   spec: '>=11.1.0 <12.0.0',
1619 silly cache add   type: 'range'
1619 silly cache add }
1620 silly addNamed espree@>=11.1.0 <12.0.0
1621 verbose addNamed ">=11.1.0 <12.0.0" is a valid semver range for espree
1622 silly addNameRange { name: 'espree', range: '>=11.1.0 <12.0.0', hasData: false }
1623 silly mapToRegistry name espree
1624 silly mapToRegistry using default registry
1625 silly mapToRegistry registry https://registry.npmjs.org/
1626 silly mapToRegistry data Result {
1626 silly mapToRegistry   raw: 'espree',
1626 silly mapToRegistry   scope: null,
1626 silly mapToRegistry   name: 'espree',
1626 silly mapToRegistry   rawSpec: '',
1626 silly mapToRegistry   spec: 'latest',
1626 silly mapToRegistry   type: 'tag'
1626 silly mapToRegistry }
1627 silly mapToRegistry uri https://registry.npmjs.org/espree
1628 verbose addNameRange registry:https://registry.npmjs.org/espree not in flight; fetching
1629 silly cache add args [ 'ignore@^5.2.0', null ]
1630 verbose cache add spec ignore@^5.2.0
1631 silly cache add parsed spec Result {
1631 silly cache add   raw: 'ignore@^5.2.0',
1631 silly cache add   scope: null,
1631 silly cache add   name: 'ignore',
1631 silly cache add   rawSpec: '^5.2.0',
1631 silly cache add   spec: '>=5.2.0 <6.0.0',
1631 silly cache add   type: 'range'
1631 silly cache add }
1632 silly addNamed ignore@>=5.2.0 <6.0.0
1633 verbose addNamed ">=5.2.0 <6.0.0" is a valid semver range for ignore
1634 silly addNameRange { name: 'ignore', range: '>=5.2.0 <6.0.0', hasData: false }
1635 silly mapToRegistry name ignore
1636 silly mapToRegistry using default registry
1637 silly mapToRegistry registry https://registry.npmjs.org/
1638 silly mapToRegistry data Result {
1638 silly mapToRegistry   raw: 'ignore',
1638 silly mapToRegistry   scope: null,
1638 silly mapToRegistry   name: 'ignore',
1638 silly mapToRegistry   rawSpec: '',
1638 silly mapToRegistry   spec: 'latest',
1638 silly mapToRegistry   type: 'tag'
1638 silly mapToRegistry }
1639 silly mapToRegistry uri https://registry.npmjs.org/ignore
1640 verbose addNameRange registry:https://registry.npmjs.org/ignore not in flight; fetching
1641 silly cache add args [ 'minimatch@^10.1.1', null ]
1642 verbose cache add spec minimatch@^10.1.1
1643 silly cache add parsed spec Result {
1643 silly cache add   raw: 'minimatch@^10.1.1',
1643 silly cache add   scope: null,
1643 silly cache add   name: 'minimatch',
1643 silly cache add   rawSpec: '^10.1.1',
1643 silly cache add   spec: '>=10.1.1 <11.0.0',
1643 silly cache add   type: 'range'
1643 silly cache add }
1644 silly addNamed minimatch@>=10.1.1 <11.0.0
1645 verbose addNamed ">=10.1.1 <11.0.0" is a valid semver range for minimatch
1646 silly addNameRange { name: 'minimatch', range: '>=10.1.1 <11.0.0', hasData: false }
1647 silly mapToRegistry name minimatch
1648 silly mapToRegistry using default registry
1649 silly mapToRegistry registry https://registry.npmjs.org/
1650 silly mapToRegistry data Result {
1650 silly mapToRegistry   raw: 'minimatch',
1650 silly mapToRegistry   scope: null,
1650 silly mapToRegistry   name: 'minimatch',
1650 silly mapToRegistry   rawSpec: '',
1650 silly mapToRegistry   spec: 'latest',
1650 silly mapToRegistry   type: 'tag'
1650 silly mapToRegistry }
1651 silly mapToRegistry uri https://registry.npmjs.org/minimatch
1652 verbose addNameRange registry:https://registry.npmjs.org/minimatch not in flight; fetching
1653 verbose request uri https://registry.npmjs.org/espree
1654 verbose request no auth needed
1655 info attempt registry request try #1 at 2:42:31 PM
1656 http request GET https://registry.npmjs.org/espree
1657 verbose request uri https://registry.npmjs.org/ignore
1658 verbose request no auth needed
1659 info attempt registry request try #1 at 2:42:31 PM
1660 http request GET https://registry.npmjs.org/ignore
1661 verbose request uri https://registry.npmjs.org/minimatch
1662 verbose request no auth needed
1663 info attempt registry request try #1 at 2:42:31 PM
1664 verbose etag W/"56fb93bca9c9cf83a448322f6cbe1343"
1665 verbose lastModified Tue, 03 Feb 2026 17:50:23 GMT
1666 http request GET https://registry.npmjs.org/minimatch
1667 http 200 https://registry.npmjs.org/@eslint%2fconfig-array
1668 verbose headers {
1668 verbose headers   date: 'Sun, 15 Feb 2026 12:42:32 GMT',
1668 verbose headers   'content-type': 'application/json',
1668 verbose headers   'transfer-encoding': 'chunked',
1668 verbose headers   connection: 'keep-alive',
1668 verbose headers   'content-encoding': 'gzip',
1668 verbose headers   'cf-ray': '9ce4e2bdde54a972-MXP',
1668 verbose headers   'cf-cache-status': 'HIT',
1668 verbose headers   'access-control-allow-origin': '*',
1668 verbose headers   age: '176',
1668 verbose headers   'cache-control': 'public, max-age=300',
1668 verbose headers   etag: 'W/"6fde0df9b83a1611471203c8b96c7e29"',
1668 verbose headers   'last-modified': 'Sat, 07 Feb 2026 00:02:12 GMT',
1668 verbose headers   vary: 'accept-encoding, accept',
1668 verbose headers   'set-cookie': [
1668 verbose headers     '_cfuvid=7qz.pi4f0lJDb6DWD7HV_ES11UH3KaghJq5HA6h3m_8-1771159352002-0.0.1.1-604800000; path=/; domain=.npmjs.org; HttpOnly; Secure; SameSite=None'
1668 verbose headers   ],
1668 verbose headers   server: 'cloudflare'
1668 verbose headers }
1669 silly get cb [
1669 silly get   200,
1669 silly get   {
1669 silly get     date: 'Sun, 15 Feb 2026 12:42:32 GMT',
1669 silly get     'content-type': 'application/json',
1669 silly get     'transfer-encoding': 'chunked',
1669 silly get     connection: 'keep-alive',
1669 silly get     'content-encoding': 'gzip',
1669 silly get     'cf-ray': '9ce4e2bdde54a972-MXP',
1669 silly get     'cf-cache-status': 'HIT',
1669 silly get     'access-control-allow-origin': '*',
1669 silly get     age: '176',
1669 silly get     'cache-control': 'public, max-age=300',
1669 silly get     etag: 'W/"6fde0df9b83a1611471203c8b96c7e29"',
1669 silly get     'last-modified': 'Sat, 07 Feb 2026 00:02:12 GMT',
1669 silly get     vary: 'accept-encoding, accept',
1669 silly get     'set-cookie': [
1669 silly get       '_cfuvid=7qz.pi4f0lJDb6DWD7HV_ES11UH3KaghJq5HA6h3m_8-1771159352002-0.0.1.1-604800000; path=/; domain=.npmjs.org; HttpOnly; Secure; SameSite=None'
1669 silly get     ],
1669 silly get     server: 'cloudflare'
1669 silly get   }
1669 silly get ]
1670 verbose get saving @eslint/config-array to /home/ahmed-wael/.npm/registry.npmjs.org/_40eslint_252fconfig-array/.cache.json
1671 verbose correctMkdir /home/ahmed-wael/.npm correctMkdir not in flight; initializing
1672 silly addNameRange number 2 {
1672 silly addNameRange   name: '@eslint/config-array',
1672 silly addNameRange   range: '>=0.23.0 <0.24.0',
1672 silly addNameRange   hasData: true
1672 silly addNameRange }
1673 silly addNameRange versions [
1673 silly addNameRange   '@eslint/config-array',
1673 silly addNameRange   [
1673 silly addNameRange     '0.15.1', '0.16.0',
1673 silly addNameRange     '0.17.0', '0.17.1',
1673 silly addNameRange     '0.18.0', '0.19.0',
1673 silly addNameRange     '0.19.1', '0.19.2',
1673 silly addNameRange     '0.20.0', '0.20.1',
1673 silly addNameRange     '0.21.0', '0.21.1',
1673 silly addNameRange     '0.22.0', '0.23.0',
1673 silly addNameRange     '0.23.1'
1673 silly addNameRange   ]
1673 silly addNameRange ]
1674 silly addNamed @eslint/config-array@0.23.1
1675 verbose addNamed "0.23.1" is a plain semver version for @eslint/config-array
1676 silly mapToRegistry name @eslint/config-array
1677 silly mapToRegistry scope (from package name) @eslint
1678 verbose mapToRegistry no registry URL found in name for scope @eslint
1679 silly mapToRegistry using default registry
1680 silly mapToRegistry registry https://registry.npmjs.org/
1681 silly mapToRegistry data Result {
1681 silly mapToRegistry   raw: '@eslint/config-array',
1681 silly mapToRegistry   scope: '@eslint',
1681 silly mapToRegistry   name: '@eslint/config-array',
1681 silly mapToRegistry   rawSpec: '',
1681 silly mapToRegistry   spec: 'latest',
1681 silly mapToRegistry   type: 'tag'
1681 silly mapToRegistry }
1682 silly mapToRegistry uri https://registry.npmjs.org/@eslint%2fconfig-array
1683 verbose addRemoteTarball https://registry.npmjs.org/@eslint/config-array/-/config-array-0.23.1.tgz not in flight; adding
1684 verbose addRemoteTarball [
1684 verbose addRemoteTarball   'https://registry.npmjs.org/@eslint/config-array/-/config-array-0.23.1.tgz',
1684 verbose addRemoteTarball   '908223da7b9148f1af5bfb3144b77a9387a89446'
1684 verbose addRemoteTarball ]
1685 info retry fetch attempt 1 at 2:42:32 PM
1686 info attempt registry request try #1 at 2:42:32 PM
1687 http fetch GET https://registry.npmjs.org/@eslint/config-array/-/config-array-0.23.1.tgz
1688 http 200 https://registry.npmjs.org/@eslint%2fcore
1689 verbose headers {
1689 verbose headers   date: 'Sun, 15 Feb 2026 12:42:32 GMT',
1689 verbose headers   'content-type': 'application/json',
1689 verbose headers   'transfer-encoding': 'chunked',
1689 verbose headers   connection: 'keep-alive',
1689 verbose headers   'content-encoding': 'gzip',
1689 verbose headers   'cf-ray': '9ce4e2bdce09baa6-MXP',
1689 verbose headers   'cf-cache-status': 'HIT',
1689 verbose headers   'access-control-allow-origin': '*',
1689 verbose headers   age: '244',
1689 verbose headers   'cache-control': 'public, max-age=300',
1689 verbose headers   etag: 'W/"8254651336f6e21acaf1605b39e856d0"',
1689 verbose headers   'last-modified': 'Fri, 30 Jan 2026 17:17:13 GMT',
1689 verbose headers   vary: 'accept-encoding, accept',
1689 verbose headers   'set-cookie': [
1689 verbose headers     '_cfuvid=NmFim6zW1od4saXgtteQkr5kHwnbzsDngltWPduUhSI-1771159352012-0.0.1.1-604800000; path=/; domain=.npmjs.org; HttpOnly; Secure; SameSite=None'
1689 verbose headers   ],
1689 verbose headers   server: 'cloudflare'
1689 verbose headers }
1690 silly get cb [
1690 silly get   200,
1690 silly get   {
1690 silly get     date: 'Sun, 15 Feb 2026 12:42:32 GMT',
1690 silly get     'content-type': 'application/json',
1690 silly get     'transfer-encoding': 'chunked',
1690 silly get     connection: 'keep-alive',
1690 silly get     'content-encoding': 'gzip',
1690 silly get     'cf-ray': '9ce4e2bdce09baa6-MXP',
1690 silly get     'cf-cache-status': 'HIT',
1690 silly get     'access-control-allow-origin': '*',
1690 silly get     age: '244',
1690 silly get     'cache-control': 'public, max-age=300',
1690 silly get     etag: 'W/"8254651336f6e21acaf1605b39e856d0"',
1690 silly get     'last-modified': 'Fri, 30 Jan 2026 17:17:13 GMT',
1690 silly get     vary: 'accept-encoding, accept',
1690 silly get     'set-cookie': [
1690 silly get       '_cfuvid=NmFim6zW1od4saXgtteQkr5kHwnbzsDngltWPduUhSI-1771159352012-0.0.1.1-604800000; path=/; domain=.npmjs.org; HttpOnly; Secure; SameSite=None'
1690 silly get     ],
1690 silly get     server: 'cloudflare'
1690 silly get   }
1690 silly get ]
1691 verbose get saving @eslint/core to /home/ahmed-wael/.npm/registry.npmjs.org/_40eslint_252fcore/.cache.json
1692 verbose correctMkdir /home/ahmed-wael/.npm correctMkdir not in flight; initializing
1693 silly addNameRange number 2 { name: '@eslint/core', range: '>=1.1.0 <2.0.0', hasData: true }
1694 silly addNameRange versions [
1694 silly addNameRange   '@eslint/core',
1694 silly addNameRange   [
1694 silly addNameRange     '0.1.0',  '0.2.0',  '0.3.0',
1694 silly addNameRange     '0.4.0',  '0.5.0',  '0.6.0',
1694 silly addNameRange     '0.7.0',  '0.8.0',  '0.9.0',
1694 silly addNameRange     '0.9.1',  '0.10.0', '0.11.0',
1694 silly addNameRange     '0.12.0', '0.13.0', '0.14.0',
1694 silly addNameRange     '0.15.0', '0.15.1', '0.15.2',
1694 silly addNameRange     '0.16.0', '0.17.0', '1.0.0',
1694 silly addNameRange     '1.0.1',  '1.1.0'
1694 silly addNameRange   ]
1694 silly addNameRange ]
1695 silly addNamed @eslint/core@1.1.0
1696 verbose addNamed "1.1.0" is a plain semver version for @eslint/core
1697 silly mapToRegistry name @eslint/core
1698 silly mapToRegistry scope (from package name) @eslint
1699 verbose mapToRegistry no registry URL found in name for scope @eslint
1700 silly mapToRegistry using default registry
1701 silly mapToRegistry registry https://registry.npmjs.org/
1702 silly mapToRegistry data Result {
1702 silly mapToRegistry   raw: '@eslint/core',
1702 silly mapToRegistry   scope: '@eslint',
1702 silly mapToRegistry   name: '@eslint/core',
1702 silly mapToRegistry   rawSpec: '',
1702 silly mapToRegistry   spec: 'latest',
1702 silly mapToRegistry   type: 'tag'
1702 silly mapToRegistry }
1703 silly mapToRegistry uri https://registry.npmjs.org/@eslint%2fcore
1704 verbose addRemoteTarball https://registry.npmjs.org/@eslint/core/-/core-1.1.0.tgz not in flight; adding
1705 verbose addRemoteTarball [
1705 verbose addRemoteTarball   'https://registry.npmjs.org/@eslint/core/-/core-1.1.0.tgz',
1705 verbose addRemoteTarball   '51f5cd970e216fbdae6721ac84491f57f965836d'
1705 verbose addRemoteTarball ]
1706 info retry fetch attempt 1 at 2:42:32 PM
1707 info attempt registry request try #1 at 2:42:32 PM
1708 http fetch GET https://registry.npmjs.org/@eslint/core/-/core-1.1.0.tgz
1709 http fetch 200 https://registry.npmjs.org/@eslint/config-array/-/config-array-0.23.1.tgz
1710 http fetch 200 https://registry.npmjs.org/@eslint/core/-/core-1.1.0.tgz
1711 silly fetchAndShaCheck shasum 51f5cd970e216fbdae6721ac84491f57f965836d
1712 http 200 https://registry.npmjs.org/eslint-visitor-keys
1713 verbose headers {
1713 verbose headers   date: 'Sun, 15 Feb 2026 12:42:32 GMT',
1713 verbose headers   'content-type': 'application/json',
1713 verbose headers   'transfer-encoding': 'chunked',
1713 verbose headers   connection: 'keep-alive',
1713 verbose headers   'content-encoding': 'gzip',
1713 verbose headers   'cf-ray': '9ce4e2be8bc6edc6-MXP',
1713 verbose headers   'cf-cache-status': 'HIT',
1713 verbose headers   'access-control-allow-origin': '*',
1713 verbose headers   age: '187',
1713 verbose headers   'cache-control': 'public, max-age=300',
1713 verbose headers   etag: 'W/"4ec6886def85f6ec8819ef9c8972dd30"',
1713 verbose headers   'last-modified': 'Mon, 10 Nov 2025 16:30:04 GMT',
1713 verbose headers   vary: 'accept-encoding, accept',
1713 verbose headers   'set-cookie': [
1713 verbose headers     '_cfuvid=I55or..qG4PUwMTdMAi8iKbYgy0voz8LXIoth6e0Bmg-1771159352108-0.0.1.1-604800000; path=/; domain=.npmjs.org; HttpOnly; Secure; SameSite=None'
1713 verbose headers   ],
1713 verbose headers   server: 'cloudflare'
1713 verbose headers }
1714 silly get cb [
1714 silly get   200,
1714 silly get   {
1714 silly get     date: 'Sun, 15 Feb 2026 12:42:32 GMT',
1714 silly get     'content-type': 'application/json',
1714 silly get     'transfer-encoding': 'chunked',
1714 silly get     connection: 'keep-alive',
1714 silly get     'content-encoding': 'gzip',
1714 silly get     'cf-ray': '9ce4e2be8bc6edc6-MXP',
1714 silly get     'cf-cache-status': 'HIT',
1714 silly get     'access-control-allow-origin': '*',
1714 silly get     age: '187',
1714 silly get     'cache-control': 'public, max-age=300',
1714 silly get     etag: 'W/"4ec6886def85f6ec8819ef9c8972dd30"',
1714 silly get     'last-modified': 'Mon, 10 Nov 2025 16:30:04 GMT',
1714 silly get     vary: 'accept-encoding, accept',
1714 silly get     'set-cookie': [
1714 silly get       '_cfuvid=I55or..qG4PUwMTdMAi8iKbYgy0voz8LXIoth6e0Bmg-1771159352108-0.0.1.1-604800000; path=/; domain=.npmjs.org; HttpOnly; Secure; SameSite=None'
1714 silly get     ],
1714 silly get     server: 'cloudflare'
1714 silly get   }
1714 silly get ]
1715 verbose get saving eslint-visitor-keys to /home/ahmed-wael/.npm/registry.npmjs.org/eslint-visitor-keys/.cache.json
1716 verbose correctMkdir /home/ahmed-wael/.npm correctMkdir not in flight; initializing
1717 http 200 https://registry.npmjs.org/eslint-scope
1718 verbose headers {
1718 verbose headers   date: 'Sun, 15 Feb 2026 12:42:32 GMT',
1718 verbose headers   'content-type': 'application/json',
1718 verbose headers   'transfer-encoding': 'chunked',
1718 verbose headers   connection: 'keep-alive',
1718 verbose headers   'content-encoding': 'gzip',
1718 verbose headers   'cf-ray': '9ce4e2be9ad7edae-MXP',
1718 verbose headers   'cf-cache-status': 'HIT',
1718 verbose headers   'access-control-allow-origin': '*',
1718 verbose headers   age: '242',
1718 verbose headers   'cache-control': 'public, max-age=300',
1718 verbose headers   etag: 'W/"08dd9aef9902aa6a2e49e1bde1e7228a"',
1718 verbose headers   'last-modified': 'Mon, 19 Jan 2026 18:22:25 GMT',
1718 verbose headers   vary: 'accept-encoding, accept',
1718 verbose headers   'set-cookie': [
1718 verbose headers     '_cfuvid=I55or..qG4PUwMTdMAi8iKbYgy0voz8LXIoth6e0Bmg-1771159352108-0.0.1.1-604800000; path=/; domain=.npmjs.org; HttpOnly; Secure; SameSite=None'
1718 verbose headers   ],
1718 verbose headers   server: 'cloudflare'
1718 verbose headers }
1719 silly get cb [
1719 silly get   200,
1719 silly get   {
1719 silly get     date: 'Sun, 15 Feb 2026 12:42:32 GMT',
1719 silly get     'content-type': 'application/json',
1719 silly get     'transfer-encoding': 'chunked',
1719 silly get     connection: 'keep-alive',
1719 silly get     'content-encoding': 'gzip',
1719 silly get     'cf-ray': '9ce4e2be9ad7edae-MXP',
1719 silly get     'cf-cache-status': 'HIT',
1719 silly get     'access-control-allow-origin': '*',
1719 silly get     age: '242',
1719 silly get     'cache-control': 'public, max-age=300',
1719 silly get     etag: 'W/"08dd9aef9902aa6a2e49e1bde1e7228a"',
1719 silly get     'last-modified': 'Mon, 19 Jan 2026 18:22:25 GMT',
1719 silly get     vary: 'accept-encoding, accept',
1719 silly get     'set-cookie': [
1719 silly get       '_cfuvid=I55or..qG4PUwMTdMAi8iKbYgy0voz8LXIoth6e0Bmg-1771159352108-0.0.1.1-604800000; path=/; domain=.npmjs.org; HttpOnly; Secure; SameSite=None'
1719 silly get     ],
1719 silly get     server: 'cloudflare'
1719 silly get   }
1719 silly get ]
1720 verbose get saving eslint-scope to /home/ahmed-wael/.npm/registry.npmjs.org/eslint-scope/.cache.json
1721 verbose correctMkdir /home/ahmed-wael/.npm correctMkdir not in flight; initializing
1722 verbose addTmpTarball /tmp/npm-9435-555b3955/registry.npmjs.org/_40eslint/core/-/core-1.1.0.tgz not in flight; adding
1723 verbose addTmpTarball already have metadata; skipping unpack for @eslint/core@1.1.0
1724 verbose correctMkdir /home/ahmed-wael/.npm correctMkdir not in flight; initializing
1725 silly addNameRange number 2 { name: 'eslint-visitor-keys', range: '>=5.0.0 <6.0.0', hasData: true }
1726 silly addNameRange versions [
1726 silly addNameRange   'eslint-visitor-keys',
1726 silly addNameRange   [
1726 silly addNameRange     '0.1.0', '1.0.0', '1.1.0',
1726 silly addNameRange     '1.2.0', '1.3.0', '2.0.0',
1726 silly addNameRange     '2.1.0', '3.0.0', '3.1.0',
1726 silly addNameRange     '3.2.0', '3.3.0', '3.4.0',
1726 silly addNameRange     '3.4.1', '3.4.2', '3.4.3',
1726 silly addNameRange     '4.0.0', '4.1.0', '4.2.0',
1726 silly addNameRange     '4.2.1', '5.0.0'
1726 silly addNameRange   ]
1726 silly addNameRange ]
1727 silly addNamed eslint-visitor-keys@5.0.0
1728 verbose addNamed "5.0.0" is a plain semver version for eslint-visitor-keys
1729 silly mapToRegistry name eslint-visitor-keys
1730 silly mapToRegistry using default registry
1731 silly mapToRegistry registry https://registry.npmjs.org/
1732 silly mapToRegistry data Result {
1732 silly mapToRegistry   raw: 'eslint-visitor-keys',
1732 silly mapToRegistry   scope: null,
1732 silly mapToRegistry   name: 'eslint-visitor-keys',
1732 silly mapToRegistry   rawSpec: '',
1732 silly mapToRegistry   spec: 'latest',
1732 silly mapToRegistry   type: 'tag'
1732 silly mapToRegistry }
1733 silly mapToRegistry uri https://registry.npmjs.org/eslint-visitor-keys
1734 verbose addRemoteTarball https://registry.npmjs.org/eslint-visitor-keys/-/eslint-visitor-keys-5.0.0.tgz not in flight; adding
1735 verbose addRemoteTarball [
1735 verbose addRemoteTarball   'https://registry.npmjs.org/eslint-visitor-keys/-/eslint-visitor-keys-5.0.0.tgz',
1735 verbose addRemoteTarball   'b9aa1a74aa48c44b3ae46c1597ce7171246a94a9'
1735 verbose addRemoteTarball ]
1736 silly addNameRange number 2 { name: 'eslint-scope', range: '>=9.1.0 <10.0.0', hasData: true }
1737 silly addNameRange versions [
1737 silly addNameRange   'eslint-scope',
1737 silly addNameRange   [
1737 silly addNameRange     '3.7.0',         '3.7.1',
1737 silly addNameRange     '4.0.0-alpha.0', '4.0.0-rc.0',
1737 silly addNameRange     '4.0.0',         '3.7.3',
1737 silly addNameRange     '4.0.1',         '4.0.2',
1737 silly addNameRange     '4.0.3',         '5.0.0',
1737 silly addNameRange     '5.1.0',         '5.1.1',
1737 silly addNameRange     '6.0.0',         '7.0.0',
1737 silly addNameRange     '7.1.0',         '7.1.1',
1737 silly addNameRange     '7.2.0',         '7.2.1',
1737 silly addNameRange     '7.2.2',         '8.0.0',
1737 silly addNameRange     '8.0.1',         '8.0.2',
1737 silly addNameRange     '8.1.0',         '8.2.0',
1737 silly addNameRange     '8.3.0',         '8.4.0',
1737 silly addNameRange     '9.0.0',         '9.1.0'
1737 silly addNameRange   ]
1737 silly addNameRange ]
1738 silly addNamed eslint-scope@9.1.0
1739 verbose addNamed "9.1.0" is a plain semver version for eslint-scope
1740 silly mapToRegistry name eslint-scope
1741 silly mapToRegistry using default registry
1742 silly mapToRegistry registry https://registry.npmjs.org/
1743 silly mapToRegistry data Result {
1743 silly mapToRegistry   raw: 'eslint-scope',
1743 silly mapToRegistry   scope: null,
1743 silly mapToRegistry   name: 'eslint-scope',
1743 silly mapToRegistry   rawSpec: '',
1743 silly mapToRegistry   spec: 'latest',
1743 silly mapToRegistry   type: 'tag'
1743 silly mapToRegistry }
1744 silly mapToRegistry uri https://registry.npmjs.org/eslint-scope
1745 verbose addRemoteTarball https://registry.npmjs.org/eslint-scope/-/eslint-scope-9.1.0.tgz not in flight; adding
1746 verbose addRemoteTarball [
1746 verbose addRemoteTarball   'https://registry.npmjs.org/eslint-scope/-/eslint-scope-9.1.0.tgz',
1746 verbose addRemoteTarball   'dfcb41d6c0d73df6b977a50cf3e91c41ddb4154e'
1746 verbose addRemoteTarball ]
1747 info retry fetch attempt 1 at 2:42:32 PM
1748 info attempt registry request try #1 at 2:42:32 PM
1749 http fetch GET https://registry.npmjs.org/eslint-visitor-keys/-/eslint-visitor-keys-5.0.0.tgz
1750 info retry fetch attempt 1 at 2:42:32 PM
1751 info attempt registry request try #1 at 2:42:32 PM
1752 http fetch GET https://registry.npmjs.org/eslint-scope/-/eslint-scope-9.1.0.tgz
1753 http 200 https://registry.npmjs.org/ignore
1754 verbose headers {
1754 verbose headers   date: 'Sun, 15 Feb 2026 12:42:32 GMT',
1754 verbose headers   'content-type': 'application/json',
1754 verbose headers   'transfer-encoding': 'chunked',
1754 verbose headers   connection: 'keep-alive',
1754 verbose headers   'content-encoding': 'gzip',
1754 verbose headers   'cf-ray': '9ce4e2be9ea35243-MXP',
1754 verbose headers   'cf-cache-status': 'HIT',
1754 verbose headers   'access-control-allow-origin': '*',
1754 verbose headers   age: '93',
1754 verbose headers   'cache-control': 'public, max-age=300',
1754 verbose headers   etag: 'W/"76777fe5a1bf63f3c4b6e9d1308b648f"',
1754 verbose headers   'last-modified': 'Sat, 31 May 2025 02:18:55 GMT',
1754 verbose headers   vary: 'accept-encoding, accept',
1754 verbose headers   'set-cookie': [
1754 verbose headers     '_cfuvid=d1l6T9Mp4uvrmSLLevqPe7KkOWz4ovaFcCcdzEqZURw-1771159352124-0.0.1.1-604800000; path=/; domain=.npmjs.org; HttpOnly; Secure; SameSite=None'
1754 verbose headers   ],
1754 verbose headers   server: 'cloudflare'
1754 verbose headers }
1755 silly get cb [
1755 silly get   200,
1755 silly get   {
1755 silly get     date: 'Sun, 15 Feb 2026 12:42:32 GMT',
1755 silly get     'content-type': 'application/json',
1755 silly get     'transfer-encoding': 'chunked',
1755 silly get     connection: 'keep-alive',
1755 silly get     'content-encoding': 'gzip',
1755 silly get     'cf-ray': '9ce4e2be9ea35243-MXP',
1755 silly get     'cf-cache-status': 'HIT',
1755 silly get     'access-control-allow-origin': '*',
1755 silly get     age: '93',
1755 silly get     'cache-control': 'public, max-age=300',
1755 silly get     etag: 'W/"76777fe5a1bf63f3c4b6e9d1308b648f"',
1755 silly get     'last-modified': 'Sat, 31 May 2025 02:18:55 GMT',
1755 silly get     vary: 'accept-encoding, accept',
1755 silly get     'set-cookie': [
1755 silly get       '_cfuvid=d1l6T9Mp4uvrmSLLevqPe7KkOWz4ovaFcCcdzEqZURw-1771159352124-0.0.1.1-604800000; path=/; domain=.npmjs.org; HttpOnly; Secure; SameSite=None'
1755 silly get     ],
1755 silly get     server: 'cloudflare'
1755 silly get   }
1755 silly get ]
1756 verbose get saving ignore to /home/ahmed-wael/.npm/registry.npmjs.org/ignore/.cache.json
1757 verbose correctMkdir /home/ahmed-wael/.npm correctMkdir not in flight; initializing
1758 silly cache afterAdd @eslint/core@1.1.0
1759 verbose afterAdd /home/ahmed-wael/.npm/@eslint/core/1.1.0/package/package.json not in flight; writing
1760 verbose correctMkdir /home/ahmed-wael/.npm correctMkdir not in flight; initializing
1761 verbose afterAdd /home/ahmed-wael/.npm/@eslint/core/1.1.0/package/package.json written
1762 silly addNameRange number 2 { name: 'ignore', range: '>=5.2.0 <6.0.0', hasData: true }
1763 silly addNameRange versions [
1763 silly addNameRange   'ignore',
1763 silly addNameRange   [
1763 silly addNameRange     '0.1.0',  '0.1.2',  '1.1.3',  '2.2.1',  '2.2.7',  '2.2.8',
1763 silly addNameRange     '2.2.9',  '2.2.10', '2.2.11', '2.2.12', '2.2.13', '2.2.14',
1763 silly addNameRange     '2.2.15', '2.2.16', '2.2.17', '2.2.18', '2.2.19', '3.0.0',
1763 silly addNameRange     '3.0.1',  '3.0.2',  '3.0.3',  '3.0.4',  '3.0.5',  '3.0.6',
1763 silly addNameRange     '3.0.7',  '3.0.8',  '3.0.9',  '3.0.10', '3.0.11', '3.0.12',
1763 silly addNameRange     '3.0.13', '3.0.14', '3.1.0',  '3.1.1',  '3.1.2',  '3.1.3',
1763 silly addNameRange     '3.1.4',  '3.1.5',  '3.2.0',  '3.2.1',  '3.2.2',  '3.2.3',
1763 silly addNameRange     '3.2.4',  '3.2.5',  '3.2.6',  '3.2.7',  '3.3.0',  '3.3.1',
1763 silly addNameRange     '3.3.2',  '3.3.3',  '3.3.4',  '3.3.5',  '3.3.6',  '3.3.7',
1763 silly addNameRange     '3.3.8',  '3.3.9',  '3.3.10', '4.0.0',  '4.0.1',  '4.0.2',
1763 silly addNameRange     '4.0.3',  '4.0.4',  '4.0.5',  '4.0.6',  '5.0.0',  '5.0.1',
1763 silly addNameRange     '5.0.2',  '5.0.3',  '5.0.4',  '5.0.5',  '5.0.6',  '5.1.0',
1763 silly addNameRange     '5.1.1',  '5.1.2',  '5.1.3',  '5.1.4',  '5.1.5',  '5.1.6',
1763 silly addNameRange     '5.1.7',  '5.1.8',  '5.1.9',  '5.2.0',  '5.2.1',  '5.2.2',
1763 silly addNameRange     '5.2.3',  '5.2.4',  '5.3.0',  '5.3.1',  '5.3.2',  '6.0.0',
1763 silly addNameRange     '6.0.1',  '6.0.2',  '7.0.0',  '7.0.1',  '7.0.2',  '7.0.3',
1763 silly addNameRange     '7.0.4',  '7.0.5'
1763 silly addNameRange   ]
1763 silly addNameRange ]
1764 silly addNamed ignore@5.3.2
1765 verbose addNamed "5.3.2" is a plain semver version for ignore
1766 silly mapToRegistry name ignore
1767 silly mapToRegistry using default registry
1768 silly mapToRegistry registry https://registry.npmjs.org/
1769 silly mapToRegistry data Result {
1769 silly mapToRegistry   raw: 'ignore',
1769 silly mapToRegistry   scope: null,
1769 silly mapToRegistry   name: 'ignore',
1769 silly mapToRegistry   rawSpec: '',
1769 silly mapToRegistry   spec: 'latest',
1769 silly mapToRegistry   type: 'tag'
1769 silly mapToRegistry }
1770 silly mapToRegistry uri https://registry.npmjs.org/ignore
1771 verbose addRemoteTarball https://registry.npmjs.org/ignore/-/ignore-5.3.2.tgz not in flight; adding
1772 verbose addRemoteTarball [
1772 verbose addRemoteTarball   'https://registry.npmjs.org/ignore/-/ignore-5.3.2.tgz',
1772 verbose addRemoteTarball   '3cd40e729f3643fd87cb04e50bf0eb722bc596f5'
1772 verbose addRemoteTarball ]
1773 info retry fetch attempt 1 at 2:42:32 PM
1774 info attempt registry request try #1 at 2:42:32 PM
1775 http fetch GET https://registry.npmjs.org/ignore/-/ignore-5.3.2.tgz
1776 silly fetchAndShaCheck shasum 908223da7b9148f1af5bfb3144b77a9387a89446
1777 verbose addTmpTarball /tmp/npm-9435-555b3955/registry.npmjs.org/_40eslint/config-array/-/config-array-0.23.1.tgz not in flight; adding
1778 verbose addTmpTarball already have metadata; skipping unpack for @eslint/config-array@0.23.1
1779 verbose correctMkdir /home/ahmed-wael/.npm correctMkdir not in flight; initializing
1780 silly cache afterAdd @eslint/config-array@0.23.1
1781 verbose afterAdd /home/ahmed-wael/.npm/@eslint/config-array/0.23.1/package/package.json not in flight; writing
1782 verbose correctMkdir /home/ahmed-wael/.npm correctMkdir not in flight; initializing
1783 verbose afterAdd /home/ahmed-wael/.npm/@eslint/config-array/0.23.1/package/package.json written
1784 http 200 https://registry.npmjs.org/@eslint%2fconfig-helpers
1785 verbose headers {
1785 verbose headers   date: 'Sun, 15 Feb 2026 12:42:31 GMT',
1785 verbose headers   'content-type': 'application/json',
1785 verbose headers   'transfer-encoding': 'chunked',
1785 verbose headers   connection: 'keep-alive',
1785 verbose headers   'content-encoding': 'gzip',
1785 verbose headers   'cf-ray': '9ce4e2bdca52ee9f-MXP',
1785 verbose headers   'cf-cache-status': 'HIT',
1785 verbose headers   'access-control-allow-origin': '*',
1785 verbose headers   age: '180',
1785 verbose headers   'cache-control': 'public, max-age=300',
1785 verbose headers   etag: 'W/"0021902a57cc944bb42b88857ebb4ac1"',
1785 verbose headers   'last-modified': 'Fri, 30 Jan 2026 17:17:19 GMT',
1785 verbose headers   vary: 'accept-encoding, accept',
1785 verbose headers   'set-cookie': [
1785 verbose headers     '_cfuvid=YAn8Afo7J3IvJl3QjlvhlrjzCyLZJyZDXbl7Je00UIk-1771159351996-0.0.1.1-604800000; path=/; domain=.npmjs.org; HttpOnly; Secure; SameSite=None'
1785 verbose headers   ],
1785 verbose headers   server: 'cloudflare'
1785 verbose headers }
1786 silly get cb [
1786 silly get   200,
1786 silly get   {
1786 silly get     date: 'Sun, 15 Feb 2026 12:42:31 GMT',
1786 silly get     'content-type': 'application/json',
1786 silly get     'transfer-encoding': 'chunked',
1786 silly get     connection: 'keep-alive',
1786 silly get     'content-encoding': 'gzip',
1786 silly get     'cf-ray': '9ce4e2bdca52ee9f-MXP',
1786 silly get     'cf-cache-status': 'HIT',
1786 silly get     'access-control-allow-origin': '*',
1786 silly get     age: '180',
1786 silly get     'cache-control': 'public, max-age=300',
1786 silly get     etag: 'W/"0021902a57cc944bb42b88857ebb4ac1"',
1786 silly get     'last-modified': 'Fri, 30 Jan 2026 17:17:19 GMT',
1786 silly get     vary: 'accept-encoding, accept',
1786 silly get     'set-cookie': [
1786 silly get       '_cfuvid=YAn8Afo7J3IvJl3QjlvhlrjzCyLZJyZDXbl7Je00UIk-1771159351996-0.0.1.1-604800000; path=/; domain=.npmjs.org; HttpOnly; Secure; SameSite=None'
1786 silly get     ],
1786 silly get     server: 'cloudflare'
1786 silly get   }
1786 silly get ]
1787 verbose get saving @eslint/config-helpers to /home/ahmed-wael/.npm/registry.npmjs.org/_40eslint_252fconfig-helpers/.cache.json
1788 verbose correctMkdir /home/ahmed-wael/.npm correctMkdir not in flight; initializing
1789 silly addNameRange number 2 {
1789 silly addNameRange   name: '@eslint/config-helpers',
1789 silly addNameRange   range: '>=0.5.2 <0.6.0',
1789 silly addNameRange   hasData: true
1789 silly addNameRange }
1790 silly addNameRange versions [
1790 silly addNameRange   '@eslint/config-helpers',
1790 silly addNameRange   [
1790 silly addNameRange     '0.1.0', '0.2.0',
1790 silly addNameRange     '0.2.1', '0.2.2',
1790 silly addNameRange     '0.2.3', '0.3.0',
1790 silly addNameRange     '0.3.1', '0.4.0',
1790 silly addNameRange     '0.4.1', '0.4.2',
1790 silly addNameRange     '0.5.0', '0.5.1',
1790 silly addNameRange     '0.5.2'
1790 silly addNameRange   ]
1790 silly addNameRange ]
1791 silly addNamed @eslint/config-helpers@0.5.2
1792 verbose addNamed "0.5.2" is a plain semver version for @eslint/config-helpers
1793 silly mapToRegistry name @eslint/config-helpers
1794 silly mapToRegistry scope (from package name) @eslint
1795 verbose mapToRegistry no registry URL found in name for scope @eslint
1796 silly mapToRegistry using default registry
1797 silly mapToRegistry registry https://registry.npmjs.org/
1798 silly mapToRegistry data Result {
1798 silly mapToRegistry   raw: '@eslint/config-helpers',
1798 silly mapToRegistry   scope: '@eslint',
1798 silly mapToRegistry   name: '@eslint/config-helpers',
1798 silly mapToRegistry   rawSpec: '',
1798 silly mapToRegistry   spec: 'latest',
1798 silly mapToRegistry   type: 'tag'
1798 silly mapToRegistry }
1799 silly mapToRegistry uri https://registry.npmjs.org/@eslint%2fconfig-helpers
1800 verbose addRemoteTarball https://registry.npmjs.org/@eslint/config-helpers/-/config-helpers-0.5.2.tgz not in flight; adding
1801 verbose addRemoteTarball [
1801 verbose addRemoteTarball   'https://registry.npmjs.org/@eslint/config-helpers/-/config-helpers-0.5.2.tgz',
1801 verbose addRemoteTarball   '314c7b03d02a371ad8c0a7f6821d5a8a8437ba9d'
1801 verbose addRemoteTarball ]
1802 info retry fetch attempt 1 at 2:42:32 PM
1803 info attempt registry request try #1 at 2:42:32 PM
1804 http fetch GET https://registry.npmjs.org/@eslint/config-helpers/-/config-helpers-0.5.2.tgz
1805 http 200 https://registry.npmjs.org/minimatch
1806 verbose headers {
1806 verbose headers   date: 'Sun, 15 Feb 2026 12:42:32 GMT',
1806 verbose headers   'content-type': 'application/json',
1806 verbose headers   'transfer-encoding': 'chunked',
1806 verbose headers   connection: 'keep-alive',
1806 verbose headers   'content-encoding': 'gzip',
1806 verbose headers   'cf-ray': '9ce4e2be9e784bee-MXP',
1806 verbose headers   'cf-cache-status': 'HIT',
1806 verbose headers   'access-control-allow-origin': '*',
1806 verbose headers   age: '94',
1806 verbose headers   'cache-control': 'public, max-age=300',
1806 verbose headers   etag: 'W/"0dedfc124756b27b44ed82b9c37db306"',
1806 verbose headers   'last-modified': 'Thu, 12 Feb 2026 18:47:50 GMT',
1806 verbose headers   vary: 'accept-encoding, accept',
1806 verbose headers   'set-cookie': [
1806 verbose headers     '_cfuvid=_QvHhqvDJKck7O2FwECHzBo0sPSQMaig9B_D8r7LLnc-1771159352129-0.0.1.1-604800000; path=/; domain=.npmjs.org; HttpOnly; Secure; SameSite=None'
1806 verbose headers   ],
1806 verbose headers   server: 'cloudflare'
1806 verbose headers }
1807 silly get cb [
1807 silly get   200,
1807 silly get   {
1807 silly get     date: 'Sun, 15 Feb 2026 12:42:32 GMT',
1807 silly get     'content-type': 'application/json',
1807 silly get     'transfer-encoding': 'chunked',
1807 silly get     connection: 'keep-alive',
1807 silly get     'content-encoding': 'gzip',
1807 silly get     'cf-ray': '9ce4e2be9e784bee-MXP',
1807 silly get     'cf-cache-status': 'HIT',
1807 silly get     'access-control-allow-origin': '*',
1807 silly get     age: '94',
1807 silly get     'cache-control': 'public, max-age=300',
1807 silly get     etag: 'W/"0dedfc124756b27b44ed82b9c37db306"',
1807 silly get     'last-modified': 'Thu, 12 Feb 2026 18:47:50 GMT',
1807 silly get     vary: 'accept-encoding, accept',
1807 silly get     'set-cookie': [
1807 silly get       '_cfuvid=_QvHhqvDJKck7O2FwECHzBo0sPSQMaig9B_D8r7LLnc-1771159352129-0.0.1.1-604800000; path=/; domain=.npmjs.org; HttpOnly; Secure; SameSite=None'
1807 silly get     ],
1807 silly get     server: 'cloudflare'
1807 silly get   }
1807 silly get ]
1808 verbose get saving minimatch to /home/ahmed-wael/.npm/registry.npmjs.org/minimatch/.cache.json
1809 verbose correctMkdir /home/ahmed-wael/.npm correctMkdir not in flight; initializing
1810 http 200 https://registry.npmjs.org/espree
1811 verbose headers {
1811 verbose headers   date: 'Sun, 15 Feb 2026 12:42:32 GMT',
1811 verbose headers   'content-type': 'application/json',
1811 verbose headers   'transfer-encoding': 'chunked',
1811 verbose headers   connection: 'keep-alive',
1811 verbose headers   'content-encoding': 'gzip',
1811 verbose headers   'cf-ray': '9ce4e2be9d224c4a-MXP',
1811 verbose headers   'cf-cache-status': 'HIT',
1811 verbose headers   'access-control-allow-origin': '*',
1811 verbose headers   age: '158',
1811 verbose headers   'cache-control': 'public, max-age=300',
1811 verbose headers   etag: 'W/"875ebd9d50b7052a20f6ea329022b4b9"',
1811 verbose headers   'last-modified': 'Mon, 19 Jan 2026 18:22:16 GMT',
1811 verbose headers   vary: 'accept-encoding, accept',
1811 verbose headers   'set-cookie': [
1811 verbose headers     '_cfuvid=0hPbOw.WRfqnLMzDysKOVjsTjEMlkKFcmv7MquN46ik-1771159352115-0.0.1.1-604800000; path=/; domain=.npmjs.org; HttpOnly; Secure; SameSite=None'
1811 verbose headers   ],
1811 verbose headers   server: 'cloudflare'
1811 verbose headers }
1812 silly get cb [
1812 silly get   200,
1812 silly get   {
1812 silly get     date: 'Sun, 15 Feb 2026 12:42:32 GMT',
1812 silly get     'content-type': 'application/json',
1812 silly get     'transfer-encoding': 'chunked',
1812 silly get     connection: 'keep-alive',
1812 silly get     'content-encoding': 'gzip',
1812 silly get     'cf-ray': '9ce4e2be9d224c4a-MXP',
1812 silly get     'cf-cache-status': 'HIT',
1812 silly get     'access-control-allow-origin': '*',
1812 silly get     age: '158',
1812 silly get     'cache-control': 'public, max-age=300',
1812 silly get     etag: 'W/"875ebd9d50b7052a20f6ea329022b4b9"',
1812 silly get     'last-modified': 'Mon, 19 Jan 2026 18:22:16 GMT',
1812 silly get     vary: 'accept-encoding, accept',
1812 silly get     'set-cookie': [
1812 silly get       '_cfuvid=0hPbOw.WRfqnLMzDysKOVjsTjEMlkKFcmv7MquN46ik-1771159352115-0.0.1.1-604800000; path=/; domain=.npmjs.org; HttpOnly; Secure; SameSite=None'
1812 silly get     ],
1812 silly get     server: 'cloudflare'
1812 silly get   }
1812 silly get ]
1813 verbose get saving espree to /home/ahmed-wael/.npm/registry.npmjs.org/espree/.cache.json
1814 verbose correctMkdir /home/ahmed-wael/.npm correctMkdir not in flight; initializing
1815 silly addNameRange number 2 { name: 'espree', range: '>=11.1.0 <12.0.0', hasData: true }
1816 silly addNameRange versions [
1816 silly addNameRange   'espree',
1816 silly addNameRange   [
1816 silly addNameRange     '1.2.2',         '1.3.0',         '1.3.1',         '1.4.0',
1816 silly addNameRange     '1.5.0',         '1.6.0',         '1.7.0',         '1.7.1',
1816 silly addNameRange     '1.8.0',         '1.8.1',         '1.9.0',         '1.9.1',
1816 silly addNameRange     '1.10.0',        '1.11.0',        '1.12.0',        '1.12.1',
1816 silly addNameRange     '1.12.2',        '1.12.3',        '2.0.0',         '2.0.1',
1816 silly addNameRange     '2.0.2',         '2.0.3',         '2.0.4',         '2.1.0',
1816 silly addNameRange     '2.2.0',         '2.2.1',         '2.2.2',         '2.2.3',
1816 silly addNameRange     '2.2.4',         '2.2.5',         '3.0.0-alpha-1', '3.0.0-alpha-2',
1816 silly addNameRange     '3.0.0-alpha-3', '3.0.0',         '3.0.1',         '3.0.2',
1816 silly addNameRange     '3.1.0',         '3.1.1',         '3.1.2',         '3.1.3',
1816 silly addNameRange     '3.1.4',         '3.1.5',         '3.1.6',         '3.1.7',
1816 silly addNameRange     '3.2.0',         '3.3.0',         '3.3.1',         '3.3.2',
1816 silly addNameRange     '3.4.0',         '3.4.1',         '3.4.2',         '3.4.3',
1816 silly addNameRange     '3.5.0',         '3.5.1',         '3.5.2',         '3.5.3',
1816 silly addNameRange     '3.5.4',         '4.0.0-alpha.0', '4.0.0-alpha.1', '4.0.0-rc.0',
1816 silly addNameRange     '4.0.0',         '4.1.0',         '5.0.0',         '5.0.1',
1816 silly addNameRange     '6.0.0-alpha.0', '6.0.0',         '6.1.0',         '6.1.1',
1816 silly addNameRange     '6.1.2',         '6.2.0',         '6.2.1',         '7.0.0',
1816 silly addNameRange     '7.1.0',         '7.2.0',         '7.3.0',         '7.3.1',
1816 silly addNameRange     '8.0.0-beta.0',  '8.0.0-beta.1',  '8.0.0',         '9.0.0',
1816 silly addNameRange     '9.1.0',         '9.2.0',         '9.3.0',         '9.3.1',
1816 silly addNameRange     '9.3.2',         '9.3.3',         '9.4.0',         '9.4.1',
1816 silly addNameRange     '9.5.0',         '9.5.1',         '9.5.2',         '9.6.0',
1816 silly addNameRange     '9.6.1',         '10.0.0',        '10.0.1',        '10.1.0',
1816 silly addNameRange     '10.2.0',        '10.3.0',        '10.4.0',        '11.0.0',
1816 silly addNameRange     ... 1 more item
1816 silly addNameRange   ]
1816 silly addNameRange ]
1817 silly addNamed espree@11.1.0
1818 verbose addNamed "11.1.0" is a plain semver version for espree
1819 silly mapToRegistry name espree
1820 silly mapToRegistry using default registry
1821 silly mapToRegistry registry https://registry.npmjs.org/
1822 silly mapToRegistry data Result {
1822 silly mapToRegistry   raw: 'espree',
1822 silly mapToRegistry   scope: null,
1822 silly mapToRegistry   name: 'espree',
1822 silly mapToRegistry   rawSpec: '',
1822 silly mapToRegistry   spec: 'latest',
1822 silly mapToRegistry   type: 'tag'
1822 silly mapToRegistry }
1823 silly mapToRegistry uri https://registry.npmjs.org/espree
1824 verbose addRemoteTarball https://registry.npmjs.org/espree/-/espree-11.1.0.tgz not in flight; adding
1825 verbose addRemoteTarball [
1825 verbose addRemoteTarball   'https://registry.npmjs.org/espree/-/espree-11.1.0.tgz',
1825 verbose addRemoteTarball   '7d0c82a69f8df670728dba256264b383fbf73e8f'
1825 verbose addRemoteTarball ]
1826 info retry fetch attempt 1 at 2:42:32 PM
1827 info attempt registry request try #1 at 2:42:32 PM
1828 http fetch GET https://registry.npmjs.org/espree/-/espree-11.1.0.tgz
1829 silly addNameRange number 2 { name: 'minimatch', range: '>=10.1.1 <11.0.0', hasData: true }
1830 silly addNameRange versions [
1830 silly addNameRange   'minimatch',
1830 silly addNameRange   [
1830 silly addNameRange     '0.0.1',  '0.0.2',  '0.0.4',  '0.0.5',  '0.1.1',  '0.1.2',
1830 silly addNameRange     '0.1.3',  '0.1.4',  '0.1.5',  '0.2.0',  '0.2.2',  '0.2.3',
1830 silly addNameRange     '0.2.4',  '0.2.5',  '0.2.6',  '0.2.7',  '0.2.8',  '0.2.9',
1830 silly addNameRange     '0.2.10', '0.2.11', '0.2.12', '0.2.13', '0.2.14', '0.3.0',
1830 silly addNameRange     '0.4.0',  '1.0.0',  '2.0.0',  '2.0.1',  '2.0.2',  '2.0.3',
1830 silly addNameRange     '2.0.4',  '2.0.5',  '2.0.6',  '2.0.7',  '2.0.8',  '2.0.9',
1830 silly addNameRange     '2.0.10', '3.0.0',  '3.0.2',  '3.0.3',  '3.0.4',  '3.0.5',
1830 silly addNameRange     '3.0.6',  '4.0.0',  '4.1.0',  '3.1.0',  '3.1.1',  '3.0.7',
1830 silly addNameRange     '4.1.1',  '4.2.0',  '4.2.1',  '5.0.0',  '3.1.2',  '3.0.8',
1830 silly addNameRange     '5.0.1',  '5.1.0',  '5.1.1',  '5.1.2',  '5.1.3',  '5.1.4',
1830 silly addNameRange     '6.0.0',  '6.0.1',  '6.0.2',  '6.0.3',  '6.0.4',  '6.1.0',
1830 silly addNameRange     '6.1.1',  '6.1.2',  '5.1.5',  '4.2.2',  '6.1.3',  '6.1.4',
1830 silly addNameRange     '5.1.6',  '4.2.3',  '6.1.5',  '6.1.6',  '6.1.7',  '6.1.8',
1830 silly addNameRange     '6.1.9',  '6.1.10', '6.2.0',  '7.0.0',  '7.0.1',  '7.1.0',
1830 silly addNameRange     '7.1.1',  '7.1.2',  '7.1.3',  '7.1.4',  '7.2.0',  '7.3.0',
1830 silly addNameRange     '7.4.0',  '7.4.1',  '7.4.2',  '7.4.3',  '7.4.4',  '8.0.0',
1830 silly addNameRange     '8.0.1',  '8.0.2',  '7.4.5',  '8.0.3',
1830 silly addNameRange     ... 17 more items
1830 silly addNameRange   ]
1830 silly addNameRange ]
1831 silly addNamed minimatch@10.2.0
1832 verbose addNamed "10.2.0" is a plain semver version for minimatch
1833 silly mapToRegistry name minimatch
1834 silly mapToRegistry using default registry
1835 silly mapToRegistry registry https://registry.npmjs.org/
1836 silly mapToRegistry data Result {
1836 silly mapToRegistry   raw: 'minimatch',
1836 silly mapToRegistry   scope: null,
1836 silly mapToRegistry   name: 'minimatch',
1836 silly mapToRegistry   rawSpec: '',
1836 silly mapToRegistry   spec: 'latest',
1836 silly mapToRegistry   type: 'tag'
1836 silly mapToRegistry }
1837 silly mapToRegistry uri https://registry.npmjs.org/minimatch
1838 verbose addRemoteTarball https://registry.npmjs.org/minimatch/-/minimatch-10.2.0.tgz not in flight; adding
1839 verbose addRemoteTarball [
1839 verbose addRemoteTarball   'https://registry.npmjs.org/minimatch/-/minimatch-10.2.0.tgz',
1839 verbose addRemoteTarball   'e710473e66e3e1aaf376d0aa82438375cac86e9e'
1839 verbose addRemoteTarball ]
1840 info retry fetch attempt 1 at 2:42:32 PM
1841 info attempt registry request try #1 at 2:42:32 PM
1842 http fetch GET https://registry.npmjs.org/minimatch/-/minimatch-10.2.0.tgz
1843 http fetch 200 https://registry.npmjs.org/eslint-scope/-/eslint-scope-9.1.0.tgz
1844 http fetch 200 https://registry.npmjs.org/ignore/-/ignore-5.3.2.tgz
1845 http fetch 200 https://registry.npmjs.org/eslint-visitor-keys/-/eslint-visitor-keys-5.0.0.tgz
1846 silly fetchAndShaCheck shasum dfcb41d6c0d73df6b977a50cf3e91c41ddb4154e
1847 silly fetchAndShaCheck shasum 3cd40e729f3643fd87cb04e50bf0eb722bc596f5
1848 verbose addTmpTarball /tmp/npm-9435-555b3955/registry.npmjs.org/eslint-scope/-/eslint-scope-9.1.0.tgz not in flight; adding
1849 verbose addTmpTarball already have metadata; skipping unpack for eslint-scope@9.1.0
1850 verbose correctMkdir /home/ahmed-wael/.npm correctMkdir not in flight; initializing
1851 verbose addTmpTarball /tmp/npm-9435-555b3955/registry.npmjs.org/ignore/-/ignore-5.3.2.tgz not in flight; adding
1852 verbose addTmpTarball already have metadata; skipping unpack for ignore@5.3.2
1853 verbose correctMkdir /home/ahmed-wael/.npm correctMkdir not in flight; initializing
1854 silly cache afterAdd ignore@5.3.2
1855 verbose afterAdd /home/ahmed-wael/.npm/ignore/5.3.2/package/package.json not in flight; writing
1856 verbose correctMkdir /home/ahmed-wael/.npm correctMkdir not in flight; initializing
1857 silly cache afterAdd eslint-scope@9.1.0
1858 verbose afterAdd /home/ahmed-wael/.npm/eslint-scope/9.1.0/package/package.json not in flight; writing
1859 verbose correctMkdir /home/ahmed-wael/.npm correctMkdir not in flight; initializing
1860 verbose afterAdd /home/ahmed-wael/.npm/ignore/5.3.2/package/package.json written
1861 verbose afterAdd /home/ahmed-wael/.npm/eslint-scope/9.1.0/package/package.json written
1862 http fetch 200 https://registry.npmjs.org/espree/-/espree-11.1.0.tgz
1863 silly fetchAndShaCheck shasum 7d0c82a69f8df670728dba256264b383fbf73e8f
1864 verbose addTmpTarball /tmp/npm-9435-555b3955/registry.npmjs.org/espree/-/espree-11.1.0.tgz not in flight; adding
1865 verbose addTmpTarball already have metadata; skipping unpack for espree@11.1.0
1866 verbose correctMkdir /home/ahmed-wael/.npm correctMkdir not in flight; initializing
1867 silly cache afterAdd espree@11.1.0
1868 verbose afterAdd /home/ahmed-wael/.npm/espree/11.1.0/package/package.json not in flight; writing
1869 verbose correctMkdir /home/ahmed-wael/.npm correctMkdir not in flight; initializing
1870 verbose afterAdd /home/ahmed-wael/.npm/espree/11.1.0/package/package.json written
1871 http fetch 200 https://registry.npmjs.org/minimatch/-/minimatch-10.2.0.tgz
1872 silly fetchAndShaCheck shasum e710473e66e3e1aaf376d0aa82438375cac86e9e
1873 verbose addTmpTarball /tmp/npm-9435-555b3955/registry.npmjs.org/minimatch/-/minimatch-10.2.0.tgz not in flight; adding
1874 verbose addTmpTarball already have metadata; skipping unpack for minimatch@10.2.0
1875 verbose correctMkdir /home/ahmed-wael/.npm correctMkdir not in flight; initializing
1876 silly cache afterAdd minimatch@10.2.0
1877 verbose afterAdd /home/ahmed-wael/.npm/minimatch/10.2.0/package/package.json not in flight; writing
1878 verbose correctMkdir /home/ahmed-wael/.npm correctMkdir not in flight; initializing
1879 verbose afterAdd /home/ahmed-wael/.npm/minimatch/10.2.0/package/package.json written
1880 silly fetchAndShaCheck shasum b9aa1a74aa48c44b3ae46c1597ce7171246a94a9
1881 verbose addTmpTarball /tmp/npm-9435-555b3955/registry.npmjs.org/eslint-visitor-keys/-/eslint-visitor-keys-5.0.0.tgz not in flight; adding
1882 verbose addTmpTarball already have metadata; skipping unpack for eslint-visitor-keys@5.0.0
1883 verbose correctMkdir /home/ahmed-wael/.npm correctMkdir not in flight; initializing
1884 silly cache afterAdd eslint-visitor-keys@5.0.0
1885 verbose afterAdd /home/ahmed-wael/.npm/eslint-visitor-keys/5.0.0/package/package.json not in flight; writing
1886 verbose correctMkdir /home/ahmed-wael/.npm correctMkdir not in flight; initializing
1887 verbose afterAdd /home/ahmed-wael/.npm/eslint-visitor-keys/5.0.0/package/package.json written
1888 http fetch 200 https://registry.npmjs.org/@eslint/config-helpers/-/config-helpers-0.5.2.tgz
1889 silly fetchAndShaCheck shasum 314c7b03d02a371ad8c0a7f6821d5a8a8437ba9d
1890 verbose addTmpTarball /tmp/npm-9435-555b3955/registry.npmjs.org/_40eslint/config-helpers/-/config-helpers-0.5.2.tgz not in flight; adding
1891 verbose addTmpTarball already have metadata; skipping unpack for @eslint/config-helpers@0.5.2
1892 verbose correctMkdir /home/ahmed-wael/.npm correctMkdir not in flight; initializing
1893 silly cache afterAdd @eslint/config-helpers@0.5.2
1894 verbose afterAdd /home/ahmed-wael/.npm/@eslint/config-helpers/0.5.2/package/package.json not in flight; writing
1895 verbose correctMkdir /home/ahmed-wael/.npm correctMkdir not in flight; initializing
1896 verbose afterAdd /home/ahmed-wael/.npm/@eslint/config-helpers/0.5.2/package/package.json written
1897 http 200 https://registry.npmjs.org/@eslint%2fplugin-kit
1898 verbose headers {
1898 verbose headers   date: 'Sun, 15 Feb 2026 12:42:32 GMT',
1898 verbose headers   'content-type': 'application/json',
1898 verbose headers   'transfer-encoding': 'chunked',
1898 verbose headers   connection: 'keep-alive',
1898 verbose headers   'content-encoding': 'gzip',
1898 verbose headers   'cf-ray': '9ce4e2c03beeed58-MXP',
1898 verbose headers   'cf-cache-status': 'HIT',
1898 verbose headers   'access-control-allow-origin': '*',
1898 verbose headers   age: '209',
1898 verbose headers   'cache-control': 'public, max-age=300',
1898 verbose headers   etag: 'W/"2da1981b38f7ebf2f0a47201f14472f6"',
1898 verbose headers   'last-modified': 'Fri, 30 Jan 2026 17:17:25 GMT',
1898 verbose headers   vary: 'accept-encoding, accept',
1898 verbose headers   'set-cookie': [
1898 verbose headers     '_cfuvid=KbBmW5Ndf1huH.6jxYeiAMYSwa7tyiAihVMewQinpBk-1771159352388-0.0.1.1-604800000; path=/; domain=.npmjs.org; HttpOnly; Secure; SameSite=None'
1898 verbose headers   ],
1898 verbose headers   server: 'cloudflare'
1898 verbose headers }
1899 silly get cb [
1899 silly get   200,
1899 silly get   {
1899 silly get     date: 'Sun, 15 Feb 2026 12:42:32 GMT',
1899 silly get     'content-type': 'application/json',
1899 silly get     'transfer-encoding': 'chunked',
1899 silly get     connection: 'keep-alive',
1899 silly get     'content-encoding': 'gzip',
1899 silly get     'cf-ray': '9ce4e2c03beeed58-MXP',
1899 silly get     'cf-cache-status': 'HIT',
1899 silly get     'access-control-allow-origin': '*',
1899 silly get     age: '209',
1899 silly get     'cache-control': 'public, max-age=300',
1899 silly get     etag: 'W/"2da1981b38f7ebf2f0a47201f14472f6"',
1899 silly get     'last-modified': 'Fri, 30 Jan 2026 17:17:25 GMT',
1899 silly get     vary: 'accept-encoding, accept',
1899 silly get     'set-cookie': [
1899 silly get       '_cfuvid=KbBmW5Ndf1huH.6jxYeiAMYSwa7tyiAihVMewQinpBk-1771159352388-0.0.1.1-604800000; path=/; domain=.npmjs.org; HttpOnly; Secure; SameSite=None'
1899 silly get     ],
1899 silly get     server: 'cloudflare'
1899 silly get   }
1899 silly get ]
1900 verbose get saving @eslint/plugin-kit to /home/ahmed-wael/.npm/registry.npmjs.org/_40eslint_252fplugin-kit/.cache.json
1901 verbose correctMkdir /home/ahmed-wael/.npm correctMkdir not in flight; initializing
1902 silly addNameRange number 2 { name: '@eslint/plugin-kit', range: '>=0.6.0 <0.7.0', hasData: true }
1903 silly addNameRange versions [
1903 silly addNameRange   '@eslint/plugin-kit',
1903 silly addNameRange   [
1903 silly addNameRange     '0.1.0', '0.2.0', '0.2.1',
1903 silly addNameRange     '0.2.2', '0.2.3', '0.2.4',
1903 silly addNameRange     '0.2.5', '0.2.6', '0.2.7',
1903 silly addNameRange     '0.2.8', '0.3.1', '0.3.2',
1903 silly addNameRange     '0.3.3', '0.3.4', '0.3.5',
1903 silly addNameRange     '0.4.0', '0.4.1', '0.5.0',
1903 silly addNameRange     '0.5.1', '0.6.0'
1903 silly addNameRange   ]
1903 silly addNameRange ]
1904 silly addNamed @eslint/plugin-kit@0.6.0
1905 verbose addNamed "0.6.0" is a plain semver version for @eslint/plugin-kit
1906 silly mapToRegistry name @eslint/plugin-kit
1907 silly mapToRegistry scope (from package name) @eslint
1908 verbose mapToRegistry no registry URL found in name for scope @eslint
1909 silly mapToRegistry using default registry
1910 silly mapToRegistry registry https://registry.npmjs.org/
1911 silly mapToRegistry data Result {
1911 silly mapToRegistry   raw: '@eslint/plugin-kit',
1911 silly mapToRegistry   scope: '@eslint',
1911 silly mapToRegistry   name: '@eslint/plugin-kit',
1911 silly mapToRegistry   rawSpec: '',
1911 silly mapToRegistry   spec: 'latest',
1911 silly mapToRegistry   type: 'tag'
1911 silly mapToRegistry }
1912 silly mapToRegistry uri https://registry.npmjs.org/@eslint%2fplugin-kit
1913 verbose addRemoteTarball https://registry.npmjs.org/@eslint/plugin-kit/-/plugin-kit-0.6.0.tgz not in flight; adding
1914 verbose addRemoteTarball [
1914 verbose addRemoteTarball   'https://registry.npmjs.org/@eslint/plugin-kit/-/plugin-kit-0.6.0.tgz',
1914 verbose addRemoteTarball   'e0cb12ec66719cb2211ad36499fb516f2a63899d'
1914 verbose addRemoteTarball ]
1915 info retry fetch attempt 1 at 2:42:32 PM
1916 info attempt registry request try #1 at 2:42:32 PM
1917 http fetch GET https://registry.npmjs.org/@eslint/plugin-kit/-/plugin-kit-0.6.0.tgz
1918 http fetch 200 https://registry.npmjs.org/@eslint/plugin-kit/-/plugin-kit-0.6.0.tgz
1919 silly fetchAndShaCheck shasum e0cb12ec66719cb2211ad36499fb516f2a63899d
1920 verbose addTmpTarball /tmp/npm-9435-555b3955/registry.npmjs.org/_40eslint/plugin-kit/-/plugin-kit-0.6.0.tgz not in flight; adding
1921 verbose addTmpTarball already have metadata; skipping unpack for @eslint/plugin-kit@0.6.0
1922 verbose correctMkdir /home/ahmed-wael/.npm correctMkdir not in flight; initializing
1923 silly cache afterAdd @eslint/plugin-kit@0.6.0
1924 verbose afterAdd /home/ahmed-wael/.npm/@eslint/plugin-kit/0.6.0/package/package.json not in flight; writing
1925 verbose correctMkdir /home/ahmed-wael/.npm correctMkdir not in flight; initializing
1926 verbose afterAdd /home/ahmed-wael/.npm/@eslint/plugin-kit/0.6.0/package/package.json written
1927 silly install resolved [
1927 silly install resolved   {
1927 silly install resolved     name: '@eslint/core',
1927 silly install resolved     version: '1.1.0',
1927 silly install resolved     description: 'Runtime-agnostic core of ESLint',
1927 silly install resolved     type: 'module',
1927 silly install resolved     types: './dist/esm/types.d.ts',
1927 silly install resolved     exports: { types: [Object] },
1927 silly install resolved     publishConfig: { access: 'public' },
1927 silly install resolved     scripts: {
1927 silly install resolved       'build:cts': `node -e "fs.cpSync('dist/esm/types.d.ts', 'dist/cjs/types.d.cts')"`,
1927 silly install resolved       build: 'tsc && npm run build:cts',
1927 silly install resolved       'lint:types': 'attw --pack',
1927 silly install resolved       'test:jsr': 'npx -y jsr@latest publish --dry-run',
1927 silly install resolved       'test:types': 'tsc -p tests/types/tsconfig.json'
1927 silly install resolved     },
1927 silly install resolved     repository: {
1927 silly install resolved       type: 'git',
1927 silly install resolved       url: 'git+https://github.com/eslint/rewrite.git',
1927 silly install resolved       directory: 'packages/core'
1927 silly install resolved     },
1927 silly install resolved     keywords: [ 'eslint', 'core' ],
1927 silly install resolved     author: { name: 'Nicholas C. Zakas' },
1927 silly install resolved     license: 'Apache-2.0',
1927 silly install resolved     bugs: { url: 'https://github.com/eslint/rewrite/issues' },
1927 silly install resolved     homepage: 'https://github.com/eslint/rewrite/tree/main/packages/core#readme',
1927 silly install resolved     dependencies: { '@types/json-schema': '^7.0.15' },
1927 silly install resolved     devDependencies: { 'json-schema': '^0.4.0' },
1927 silly install resolved     engines: { node: '^20.19.0 || ^22.13.0 || >=24' },
1927 silly install resolved     gitHead: '7960653fe678b563051e2fbb99caf9fd3c07528c',
1927 silly install resolved     _id: '@eslint/core@1.1.0',
1927 silly install resolved     _nodeVersion: '24.13.0',
1927 silly install resolved     _npmVersion: '11.8.0',
1927 silly install resolved     dist: {
1927 silly install resolved       integrity: 'sha512-/nr9K9wkr3P1EzFTdFdMoLuo1PmIxjmwvPozwoSodjNBdefGujXQUF93u1DDZpEaTuDvMsIQddsd35BwtrW9Xw==',
1927 silly install resolved       shasum: '51f5cd970e216fbdae6721ac84491f57f965836d',
1927 silly install resolved       tarball: 'https://registry.npmjs.org/@eslint/core/-/core-1.1.0.tgz',
1927 silly install resolved       fileCount: 5,
1927 silly install resolved       unpackedSize: 90798,
1927 silly install resolved       attestations: [Object],
1927 silly install resolved       signatures: [Array]
1927 silly install resolved     },
1927 silly install resolved     _npmUser: {
1927 silly install resolved       name: 'GitHub Actions',
1927 silly install resolved       email: 'npm-oidc-no-reply@github.com',
1927 silly install resolved       trustedPublisher: [Object]
1927 silly install resolved     },
1927 silly install resolved     directories: {},
1927 silly install resolved     maintainers: [ [Object], [Object] ],
1927 silly install resolved     _npmOperationalInternal: {
1927 silly install resolved       host: 's3://npm-registry-packages-npm-production',
1927 silly install resolved       tmp: 'tmp/core_1.1.0_1769793431834_0.7958262587126739'
1927 silly install resolved     },
1927 silly install resolved     _hasShrinkwrap: false,
1927 silly install resolved     _shasum: '51f5cd970e216fbdae6721ac84491f57f965836d',
1927 silly install resolved     _resolved: 'https://registry.npmjs.org/@eslint/core/-/core-1.1.0.tgz',
1927 silly install resolved     _from: '@eslint/core@>=1.1.0 <2.0.0'
1927 silly install resolved   },
1927 silly install resolved   {
1927 silly install resolved     name: '@eslint/config-array',
1927 silly install resolved     version: '0.23.1',
1927 silly install resolved     description: 'General purpose glob-based configuration matching.',
1927 silly install resolved     author: { name: 'Nicholas C. Zakas' },
1927 silly install resolved     type: 'module',
1927 silly install resolved     main: 'dist/esm/index.js',
1927 silly install resolved     types: 'dist/esm/index.d.ts',
1927 silly install resolved     exports: { require: [Object], import: [Object] },
1927 silly install resolved     publishConfig: { access: 'public' },
1927 silly install resolved     repository: {
1927 silly install resolved       type: 'git',
1927 silly install resolved       url: 'git+https://github.com/eslint/rewrite.git',
1927 silly install resolved       directory: 'packages/config-array'
1927 silly install resolved     },
1927 silly install resolved     bugs: { url: 'https://github.com/eslint/rewrite/issues' },
1927 silly install resolved     homepage: 'https://github.com/eslint/rewrite/tree/main/packages/config-array#readme',
1927 silly install resolved     scripts: {
1927 silly install resolved       'build:dedupe-types': 'node ../../tools/dedupe-types.js dist/cjs/index.cjs dist/esm/index.js',
1927 silly install resolved       'build:cts': 'node ../../tools/build-cts.js dist/esm/index.d.ts dist/cjs/index.d.cts',
1927 silly install resolved       'build:std__path': 'rollup -c rollup.std__path-config.js && node fix-std__path-imports',
1927 silly install resolved       build: 'rollup -c && npm run build:dedupe-types && tsc -p tsconfig.esm.json && npm run build:cts && npm run build:std__path',
1927 silly install resolved       'lint:types': 'attw --pack',
1927 silly install resolved       pretest: 'npm run build',
1927 silly install resolved       test: 'npm run test:types && npm run test:unit',
1927 silly install resolved       'test:coverage': 'npm run build && c8 npm run test:unit',
1927 silly install resolved       'test:jsr': 'npx -y jsr@latest publish --dry-run',
1927 silly install resolved       'test:types': 'tsc -p tests/types/tsconfig.json',
1927 silly install resolved       'test:unit': 'mocha "tests/**/*.test.js"'
1927 silly install resolved     },
1927 silly install resolved     keywords: [ 'configuration', 'configarray', 'config file' ],
1927 silly install resolved     license: 'Apache-2.0',
1927 silly install resolved     dependencies: {
1927 silly install resolved       '@eslint/object-schema': '^3.0.1',
1927 silly install resolved       debug: '^4.3.1',
1927 silly install resolved       minimatch: '^10.1.1'
1927 silly install resolved     },
1927 silly install resolved     devDependencies: { '@jsr/std__path': '^1.0.4', 'rollup-plugin-copy': '^3.5.0' },
1927 silly install resolved     engines: { node: '^20.19.0 || ^22.13.0 || >=24' },
1927 silly install resolved     gitHead: '0f972f9282d1babf881deeb12b01375f1147d24f',
1927 silly install resolved     _id: '@eslint/config-array@0.23.1',
1927 silly install resolved     _nodeVersion: '24.13.0',
1927 silly install resolved     _npmVersion: '11.9.0',
1927 silly install resolved     dist: {
1927 silly install resolved       integrity: 'sha512-uVSdg/V4dfQmTjJzR0szNczjOH/J+FyUMMjYtr07xFRXR7EDf9i1qdxrD0VusZH9knj1/ecxzCQQxyic5NzAiA==',
1927 silly install resolved       shasum: '908223da7b9148f1af5bfb3144b77a9387a89446',
1927 silly install resolved       tarball: 'https://registry.npmjs.org/@eslint/config-array/-/config-array-0.23.1.tgz',
1927 silly install resolved       fileCount: 14,
1927 silly install resolved       unpackedSize: 325985,
1927 silly install resolved       attestations: [Object],
1927 silly install resolved       signatures: [Array]
1927 silly install resolved     },
1927 silly install resolved     _npmUser: {
1927 silly install resolved       name: 'GitHub Actions',
1927 silly install resolved       email: 'npm-oidc-no-reply@github.com',
1927 silly install resolved       trustedPublisher: [Object]
1927 silly install resolved     },
1927 silly install resolved     directories: {},
1927 silly install resolved     maintainers: [ [Object], [Object] ],
1927 silly install resolved     _npmOperationalInternal: {
1927 silly install resolved       host: 's3://npm-registry-packages-npm-production',
1927 silly install resolved       tmp: 'tmp/config-array_0.23.1_1770422530293_0.4066392527459046'
1927 silly install resolved     },
1927 silly install resolved     _hasShrinkwrap: false,
1927 silly install resolved     _shasum: '908223da7b9148f1af5bfb3144b77a9387a89446',
1927 silly install resolved     _resolved: 'https://registry.npmjs.org/@eslint/config-array/-/config-array-0.23.1.tgz',
1927 silly install resolved     _from: '@eslint/config-array@>=0.23.0 <0.24.0'
1927 silly install resolved   },
1927 silly install resolved   {
1927 silly install resolved     name: 'ignore',
1927 silly install resolved     version: '5.3.2',
1927 silly install resolved     keywords: [
1927 silly install resolved       'ignore',
1927 silly install resolved       '.gitignore',
1927 silly install resolved       'gitignore',
1927 silly install resolved       'npmignore',
1927 silly install resolved       'rules',
1927 silly install resolved       'manager',
1927 silly install resolved       'filter',
1927 silly install resolved       'regexp',
1927 silly install resolved       'regex',
1927 silly install resolved       'fnmatch',
1927 silly install resolved       'glob',
1927 silly install resolved       'asterisks',
1927 silly install resolved       'regular-expression'
1927 silly install resolved     ],
1927 silly install resolved     author: { name: 'kael' },
1927 silly install resolved     license: 'MIT',
1927 silly install resolved     _id: 'ignore@5.3.2',
1927 silly install resolved     maintainers: [ [Object] ],
1927 silly install resolved     homepage: 'https://github.com/kaelzhang/node-ignore#readme',
1927 silly install resolved     bugs: { url: 'https://github.com/kaelzhang/node-ignore/issues' },
1927 silly install resolved     dist: {
1927 silly install resolved       shasum: '3cd40e729f3643fd87cb04e50bf0eb722bc596f5',
1927 silly install resolved       tarball: 'https://registry.npmjs.org/ignore/-/ignore-5.3.2.tgz',
1927 silly install resolved       fileCount: 6,
1927 silly install resolved       integrity: 'sha512-hsBTNUqQTDwkWtcdYI2i06Y/nUBEsNEDJKjWdigLvegy8kDuJAS8uRlpkkcQpyEXL0Z/pjDy5HBmMjRCJ2gq+g==',
1927 silly install resolved       signatures: [Array],
1927 silly install resolved       unpackedSize: 53630
1927 silly install resolved     },
1927 silly install resolved     types: './index.d.ts',
1927 silly install resolved     engines: { node: '>= 4' },
1927 silly install resolved     gitHead: 'cfd0fce1258fe87950d8ce3d18b345bf7d4ed780',
1927 silly install resolved     scripts: {
1927 silly install resolved       tap: 'tap --reporter classic',
1927 silly install resolved       test: 'npm run test:only',
1927 silly install resolved       build: 'babel -o legacy.js index.js',
1927 silly install resolved       report: 'tap --coverage-report=html',
1927 silly install resolved       'test:ts': 'node ./test/ts/simple.js',
1927 silly install resolved       posttest: 'npm run report && codecov',
1927 silly install resolved       'test:git': 'npm run tap test/git-check-ignore.js',
1927 silly install resolved       'test:tsc': 'tsc ./test/ts/simple.ts --lib ES6',
1927 silly install resolved       'test:lint': 'eslint .',
1927 silly install resolved       'test:only': 'npm run test:lint && npm run test:tsc && npm run test:ts && npm run test:cases',
1927 silly install resolved       'test:cases': 'npm run tap test/*.js -- --coverage',
1927 silly install resolved       'test:win32': 'IGNORE_TEST_WIN32=1 npm run test',
1927 silly install resolved       'test:ignore': 'npm run tap test/ignore.js',
1927 silly install resolved       'test:others': 'npm run tap test/others.js',
1927 silly install resolved       prepublishOnly: 'npm run build',
1927 silly install resolved       'test:ignore:only': 'IGNORE_ONLY_IGNORES=1 npm run tap test/ignore.js',
1927 silly install resolved       'test:no-coverage': 'npm run tap test/*.js -- --no-check-coverage'
1927 silly install resolved     },
1927 silly install resolved     _npmUser: { name: 'kael', email: 'i@kael.me' },
1927 silly install resolved     repository: {
1927 silly install resolved       url: 'git+ssh://git@github.com/kaelzhang/node-ignore.git',
1927 silly install resolved       type: 'git'
1927 silly install resolved     },
1927 silly install resolved     _npmVersion: '10.2.4',
1927 silly install resolved     description: 'Ignore is a manager and filter for .gitignore rules, the one used by eslint, gitbook and many others.',
1927 silly install resolved     directories: {},
1927 silly install resolved     _nodeVersion: '21.6.2',
1927 silly install resolved     _hasShrinkwrap: false,
1927 silly install resolved     devDependencies: {
1927 silly install resolved       tap: '^16.3.9',
1927 silly install resolved       tmp: '0.2.3',
1927 silly install resolved       debug: '^4.3.4',
1927 silly install resolved       eslint: '^8.46.0',
1927 silly install resolved       mkdirp: '^3.0.1',
1927 silly install resolved       rimraf: '^6.0.1',
1927 silly install resolved       codecov: '^3.8.2',
1927 silly install resolved       'pre-suf': '^1.1.1',
1927 silly install resolved       '@babel/cli': '^7.22.9',
1927 silly install resolved       'spawn-sync': '^2.0.0',
1927 silly install resolved       typescript: '^5.1.6',
1927 silly install resolved       '@babel/core': '^7.22.9',
1927 silly install resolved       '@babel/preset-env': '^7.22.9',
1927 silly install resolved       'eslint-config-ostai': '^3.0.0',
1927 silly install resolved       'eslint-plugin-import': '^2.28.0'
1927 silly install resolved     },
1927 silly install resolved     _npmOperationalInternal: {
1927 silly install resolved       tmp: 'tmp/ignore_5.3.2_1723452659889_0.7906479894948728',
1927 silly install resolved       host: 's3://npm-registry-packages'
1927 silly install resolved     },
1927 silly install resolved     _shasum: '3cd40e729f3643fd87cb04e50bf0eb722bc596f5',
1927 silly install resolved     _resolved: 'https://registry.npmjs.org/ignore/-/ignore-5.3.2.tgz',
1927 silly install resolved     _from: 'ignore@>=5.2.0 <6.0.0'
1927 silly install resolved   },
1927 silly install resolved   {
1927 silly install resolved     name: 'eslint-scope',
1927 silly install resolved     description: 'ECMAScript scope analyzer for ESLint',
1927 silly install resolved     homepage: 'https://github.com/eslint/js/blob/main/packages/eslint-scope/README.md',
1927 silly install resolved     main: './dist/eslint-scope.cjs',
1927 silly install resolved     types: './lib/index.d.cts',
1927 silly install resolved     type: 'module',
1927 silly install resolved     exports: { '.': [Object], './package.json': './package.json' },
1927 silly install resolved     version: '9.1.0',
1927 silly install resolved     engines: { node: '^20.19.0 || ^22.13.0 || >=24' },
1927 silly install resolved     repository: {
1927 silly install resolved       type: 'git',
1927 silly install resolved       url: 'git+https://github.com/eslint/js.git',
1927 silly install resolved       directory: 'packages/eslint-scope'
1927 silly install resolved     },
1927 silly install resolved     funding: 'https://opencollective.com/eslint',
1927 silly install resolved     keywords: [ 'eslint' ],
1927 silly install resolved     bugs: { url: 'https://github.com/eslint/js/issues' },
1927 silly install resolved     license: 'BSD-2-Clause',
1927 silly install resolved     scripts: {
1927 silly install resolved       build: 'rollup -c',
1927 silly install resolved       'lint:types': 'attw --pack',
1927 silly install resolved       pretest: 'npm run build',
1927 silly install resolved       test: 'node Makefile.js test && npm run test:types',
1927 silly install resolved       'test:types': 'tsc -p tsconfig.json && tsc -p tests/types/tsconfig.json'
1927 silly install resolved     },
1927 silly install resolved     dependencies: {
1927 silly install resolved       '@types/esrecurse': '^4.3.1',
1927 silly install resolved       '@types/estree': '^1.0.8',
1927 silly install resolved       esrecurse: '^4.3.0',
1927 silly install resolved       estraverse: '^5.2.0'
1927 silly install resolved     },
1927 silly install resolved     devDependencies: {
1927 silly install resolved       '@arethetypeswrong/cli': '^0.18.2',
1927 silly install resolved       '@typescript-eslint/parser': '^8.7.0',
1927 silly install resolved       chai: '^6.0.0',
1927 silly install resolved       eslint: '>=10.0.0-rc.0 <10.0.0 || ^10.0.0',
1927 silly install resolved       'eslint-visitor-keys': '^5.0.0',
1927 silly install resolved       espree: '^11.1.0',
1927 silly install resolved       'npm-license': '^0.3.3',
1927 silly install resolved       rollup: '^2.52.7',
1927 silly install resolved       shelljs: '^0.8.5',
1927 silly install resolved       typescript: '^5.4.2'
1927 silly install resolved     },
1927 silly install resolved     gitHead: '80033b85614e3183ec340ac4fbdb6f73b393dd2d',
1927 silly install resolved     _id: 'eslint-scope@9.1.0',
1927 silly install resolved     _nodeVersion: '24.12.0',
1927 silly install resolved     _npmVersion: '11.7.0',
1927 silly install resolved     dist: {
1927 silly install resolved       integrity: 'sha512-CkWE42hOJsNj9FJRaoMX9waUFYhqY4jmyLFdAdzZr6VaCg3ynLYx4WnOdkaIifGfH4gsUcBTn4OZbHXkpLD0FQ==',
1927 silly install resolved       shasum: 'dfcb41d6c0d73df6b977a50cf3e91c41ddb4154e',
1927 silly install resolved       tarball: 'https://registry.npmjs.org/eslint-scope/-/eslint-scope-9.1.0.tgz',
1927 silly install resolved       fileCount: 15,
1927 silly install resolved       unpackedSize: 194230,
1927 silly install resolved       attestations: [Object],
1927 silly install resolved       signatures: [Array]
1927 silly install resolved     },
1927 silly install resolved     _npmUser: {
1927 silly install resolved       name: 'GitHub Actions',
1927 silly install resolved       email: 'npm-oidc-no-reply@github.com',
1927 silly install resolved       trustedPublisher: [Object]
1927 silly install resolved     },
1927 silly install resolved     directories: {},
1927 silly install resolved     maintainers: [ [Object], [Object] ],
1927 silly install resolved     _npmOperationalInternal: {
1927 silly install resolved       host: 's3://npm-registry-packages-npm-production',
1927 silly install resolved       tmp: 'tmp/eslint-scope_9.1.0_1768846942577_0.13587489383253026'
1927 silly install resolved     },
1927 silly install resolved     _hasShrinkwrap: false,
1927 silly install resolved     _shasum: 'dfcb41d6c0d73df6b977a50cf3e91c41ddb4154e',
1927 silly install resolved     _resolved: 'https://registry.npmjs.org/eslint-scope/-/eslint-scope-9.1.0.tgz',
1927 silly install resolved     _from: 'eslint-scope@>=9.1.0 <10.0.0'
1927 silly install resolved   },
1927 silly install resolved   {
1927 silly install resolved     name: 'espree',
1927 silly install resolved     description: 'An Esprima-compatible JavaScript parser built on Acorn',
1927 silly install resolved     author: {
1927 silly install resolved       name: 'Nicholas C. Zakas',
1927 silly install resolved       email: 'nicholas+npm@nczconsulting.com'
1927 silly install resolved     },
1927 silly install resolved     homepage: 'https://github.com/eslint/js/blob/main/packages/espree/README.md',
1927 silly install resolved     main: 'dist/espree.cjs',
1927 silly install resolved     types: './dist/espree.d.cts',
1927 silly install resolved     type: 'module',
1927 silly install resolved     exports: { '.': [Object], './package.json': './package.json' },
1927 silly install resolved     version: '11.1.0',
1927 silly install resolved     engines: { node: '^20.19.0 || ^22.13.0 || >=24' },
1927 silly install resolved     repository: {
1927 silly install resolved       type: 'git',
1927 silly install resolved       url: 'git+https://github.com/eslint/js.git',
1927 silly install resolved       directory: 'packages/espree'
1927 silly install resolved     },
1927 silly install resolved     bugs: { url: 'https://github.com/eslint/js/issues' },
1927 silly install resolved     funding: 'https://opencollective.com/eslint',
1927 silly install resolved     license: 'BSD-2-Clause',
1927 silly install resolved     dependencies: {
1927 silly install resolved       acorn: '^8.15.0',
1927 silly install resolved       'acorn-jsx': '^5.3.2',
1927 silly install resolved       'eslint-visitor-keys': '^5.0.0'
1927 silly install resolved     },
1927 silly install resolved     devDependencies: {
1927 silly install resolved       '@arethetypeswrong/cli': '^0.18.2',
1927 silly install resolved       rollup: '^2.79.1',
1927 silly install resolved       shelljs: '^0.8.5',
1927 silly install resolved       tsd: '^0.33.0',
1927 silly install resolved       typescript: '^5.9.3'
1927 silly install resolved     },
1927 silly install resolved     keywords: [ 'ast', 'ecmascript', 'javascript', 'parser', 'syntax', 'acorn' ],
1927 silly install resolved     scripts: {
1927 silly install resolved       build: `rollup -c rollup.config.js && npm run build:types && node -e "fs.rmSync('dist/lib', { recursive: true })"`,
1927 silly install resolved       'build:debug': 'npm run build -- -m',
1927 silly install resolved       'build:docs': 'node tools/sync-docs.js',
1927 silly install resolved       'build:types': 'tsc && tsc -p tsconfig-cjs.json',
1927 silly install resolved       'lint:types': 'attw --pack',
1927 silly install resolved       pretest: 'npm run build',
1927 silly install resolved       test: 'npm run test:types && npm run test:cjs && npm run test:esm',
1927 silly install resolved       'test:cjs': 'mocha --color --reporter progress --timeout 30000 "tests/**/*.test.cjs"',
1927 silly install resolved       'test:esm': 'c8 mocha --color --reporter progress --timeout 30000 "tests/**/*.test.js"',
1927 silly install resolved       'test:types': 'tsd --typings dist/espree.d.ts'
1927 silly install resolved     },
1927 silly install resolved     gitHead: '80033b85614e3183ec340ac4fbdb6f73b393dd2d',
1927 silly install resolved     _id: 'espree@11.1.0',
1927 silly install resolved     _nodeVersion: '24.12.0',
1927 silly install resolved     _npmVersion: '11.7.0',
1927 silly install resolved     dist: {
1927 silly install resolved       integrity: 'sha512-WFWYhO1fV4iYkqOOvq8FbqIhr2pYfoDY0kCotMkDeNtGpiGGkZ1iov2u8ydjtgM8yF8rzK7oaTbw2NAzbAbehw==',
1927 silly install resolved       shasum: '7d0c82a69f8df670728dba256264b383fbf73e8f',
1927 silly install resolved       tarball: 'https://registry.npmjs.org/espree/-/espree-11.1.0.tgz',
1927 silly install resolved       fileCount: 14,
1927 silly install resolved       unpackedSize: 109030,
1927 silly install resolved       attestations: [Object],
1927 silly install resolved       signatures: [Array]
1927 silly install resolved     },
1927 silly install resolved     _npmUser: {
1927 silly install resolved       name: 'GitHub Actions',
1927 silly install resolved       email: 'npm-oidc-no-reply@github.com',
1927 silly install resolved       trustedPublisher: [Object]
1927 silly install resolved     },
1927 silly install resolved     directories: {},
1927 silly install resolved     maintainers: [ [Object], [Object] ],
1927 silly install resolved     _npmOperationalInternal: {
1927 silly install resolved       host: 's3://npm-registry-packages-npm-production',
1927 silly install resolved       tmp: 'tmp/espree_11.1.0_1768846934484_0.532122949349304'
1927 silly install resolved     },
1927 silly install resolved     _hasShrinkwrap: false,
1927 silly install resolved     _shasum: '7d0c82a69f8df670728dba256264b383fbf73e8f',
1927 silly install resolved     _resolved: 'https://registry.npmjs.org/espree/-/espree-11.1.0.tgz',
1927 silly install resolved     _from: 'espree@>=11.1.0 <12.0.0'
1927 silly install resolved   },
1927 silly install resolved   {
1927 silly install resolved     author: {
1927 silly install resolved       name: 'Isaac Z. Schlueter',
1927 silly install resolved       email: 'i@izs.me',
1927 silly install resolved       url: 'http://blog.izs.me'
1927 silly install resolved     },
1927 silly install resolved     name: 'minimatch',
1927 silly install resolved     description: 'a glob matcher in javascript',
1927 silly install resolved     version: '10.2.0',
1927 silly install resolved     repository: {
1927 silly install resolved       type: 'git',
1927 silly install resolved       url: 'git+ssh://git@github.com/isaacs/minimatch.git'
1927 silly install resolved     },
1927 silly install resolved     main: './dist/commonjs/index.js',
1927 silly install resolved     types: './dist/commonjs/index.d.ts',
1927 silly install resolved     exports: { './package.json': './package.json', '.': [Object] },
1927 silly install resolved     scripts: {
1927 silly install resolved       preversion: 'npm test',
1927 silly install resolved       postversion: 'npm publish',
1927 silly install resolved       prepublishOnly: 'git push origin --follow-tags',
1927 silly install resolved       prepare: 'tshy',
1927 silly install resolved       pretest: 'npm run prepare',
1927 silly install resolved       presnap: 'npm run prepare',
1927 silly install resolved       test: 'tap',
1927 silly install resolved       snap: 'tap',
1927 silly install resolved       format: 'prettier --write .',
1927 silly install resolved       benchmark: 'node benchmark/index.js',
1927 silly install resolved       typedoc: 'typedoc --tsconfig .tshy/esm.json ./src/*.ts'
1927 silly install resolved     },
1927 silly install resolved     engines: { node: '20 || >=22' },
1927 silly install resolved     devDependencies: {
1927 silly install resolved       '@types/node': '^24.0.0',
1927 silly install resolved       mkdirp: '^3.0.1',
1927 silly install resolved       prettier: '^3.6.2',
1927 silly install resolved       tap: '^21.1.0',
1927 silly install resolved       tshy: '^3.0.2',
1927 silly install resolved       typedoc: '^0.28.5'
1927 silly install resolved     },
1927 silly install resolved     funding: { url: 'https://github.com/sponsors/isaacs' },
1927 silly install resolved     license: 'BlueOak-1.0.0',
1927 silly install resolved     tshy: { exports: [Object] },
1927 silly install resolved     type: 'module',
1927 silly install resolved     module: './dist/esm/index.js',
1927 silly install resolved     dependencies: { 'brace-expansion': '^5.0.2' },
1927 silly install resolved     gitHead: '1a62a2a667db92078811f2b7fc345737deded17a',
1927 silly install resolved     _id: 'minimatch@10.2.0',
1927 silly install resolved     bugs: { url: 'https://github.com/isaacs/minimatch/issues' },
1927 silly install resolved     homepage: 'https://github.com/isaacs/minimatch#readme',
1927 silly install resolved     _nodeVersion: '24.4.1',
1927 silly install resolved     _npmVersion: '11.10.0',
1927 silly install resolved     dist: {
1927 silly install resolved       integrity: 'sha512-ugkC31VaVg9cF0DFVoADH12k6061zNZkZON+aX8AWsR9GhPcErkcMBceb6znR8wLERM2AkkOxy2nWRLpT9Jq5w==',
1927 silly install resolved       shasum: 'e710473e66e3e1aaf376d0aa82438375cac86e9e',
1927 silly install resolved       tarball: 'https://registry.npmjs.org/minimatch/-/minimatch-10.2.0.tgz',
1927 silly install resolved       fileCount: 53,
1927 silly install resolved       unpackedSize: 459039,
1927 silly install resolved       signatures: [Array]
1927 silly install resolved     },
1927 silly install resolved     _npmUser: { name: 'isaacs', email: 'i@izs.me' },
1927 silly install resolved     directories: {},
1927 silly install resolved     maintainers: [ [Object] ],
1927 silly install resolved     _npmOperationalInternal: {
1927 silly install resolved       host: 's3://npm-registry-packages-npm-production',
1927 silly install resolved       tmp: 'tmp/minimatch_10.2.0_1770922069045_0.6926373465282041'
1927 silly install resolved     },
1927 silly install resolved     _hasShrinkwrap: false,
1927 silly install resolved     _shasum: 'e710473e66e3e1aaf376d0aa82438375cac86e9e',
1927 silly install resolved     _resolved: 'https://registry.npmjs.org/minimatch/-/minimatch-10.2.0.tgz',
1927 silly install resolved     _from: 'minimatch@>=10.1.1 <11.0.0'
1927 silly install resolved   },
1927 silly install resolved   {
1927 silly install resolved     name: 'eslint-visitor-keys',
1927 silly install resolved     version: '5.0.0',
1927 silly install resolved     description: 'Constants and utilities about visitor keys to traverse AST.',
1927 silly install resolved     type: 'module',
1927 silly install resolved     main: 'dist/eslint-visitor-keys.cjs',
1927 silly install resolved     types: './dist/index.d.ts',
1927 silly install resolved     exports: { '.': [Array], './package.json': './package.json' },
1927 silly install resolved     engines: { node: '^20.19.0 || ^22.13.0 || >=24' },
1927 silly install resolved     devDependencies: {
1927 silly install resolved       opener: '^1.5.2',
1927 silly install resolved       rollup: '^4.50.2',
1927 silly install resolved       'rollup-plugin-dts': '^6.2.3',
1927 silly install resolved       tsd: '^0.33.0',
1927 silly install resolved       typescript: '^5.9.2'
1927 silly install resolved     },
1927 silly install resolved     scripts: {
1927 silly install resolved       build: 'npm run build:cjs && npm run build:types',
1927 silly install resolved       'build:cjs': 'rollup -c',
1927 silly install resolved       'build:debug': 'npm run build:cjs -- -m && npm run build:types',
1927 silly install resolved       'build:types': 'tsc -v && tsc',
1927 silly install resolved       test: 'mocha "tests/**/*.test.cjs" && c8 mocha "tests/**/*.test.js" && npm run test:types',
1927 silly install resolved       'test:open-coverage': 'c8 report --reporter lcov && opener coverage/lcov-report/index.html',
1927 silly install resolved       'test:types': 'tsd'
1927 silly install resolved     },
1927 silly install resolved     repository: {
1927 silly install resolved       type: 'git',
1927 silly install resolved       url: 'git+https://github.com/eslint/js.git',
1927 silly install resolved       directory: 'packages/eslint-visitor-keys'
1927 silly install resolved     },
1927 silly install resolved     funding: 'https://opencollective.com/eslint',
1927 silly install resolved     keywords: [ 'eslint' ],
1927 silly install resolved     author: { name: 'Toru Nagashima', url: 'https://github.com/mysticatea' },
1927 silly install resolved     license: 'Apache-2.0',
1927 silly install resolved     bugs: { url: 'https://github.com/eslint/js/issues' },
1927 silly install resolved     homepage: 'https://github.com/eslint/js/blob/main/packages/eslint-visitor-keys/README.md',
1927 silly install resolved     gitHead: '3efd40382d3d87505c8165bab121ebe0362924c0',
1927 silly install resolved     _id: 'eslint-visitor-keys@5.0.0',
1927 silly install resolved     _nodeVersion: '24.11.0',
1927 silly install resolved     _npmVersion: '11.6.2',
1927 silly install resolved     dist: {
1927 silly install resolved       integrity: 'sha512-A0XeIi7CXU7nPlfHS9loMYEKxUaONu/hTEzHTGba9Huu94Cq1hPivf+DE5erJozZOky0LfvXAyrV/tcswpLI0Q==',
1927 silly install resolved       shasum: 'b9aa1a74aa48c44b3ae46c1597ce7171246a94a9',
1927 silly install resolved       tarball: 'https://registry.npmjs.org/eslint-visitor-keys/-/eslint-visitor-keys-5.0.0.tgz',
1927 silly install resolved       fileCount: 9,
1927 silly install resolved       unpackedSize: 35864,
1927 silly install resolved       attestations: [Object],
1927 silly install resolved       signatures: [Array]
1927 silly install resolved     },
1927 silly install resolved     _npmUser: {
1927 silly install resolved       name: 'GitHub Actions',
1927 silly install resolved       email: 'npm-oidc-no-reply@github.com',
1927 silly install resolved       trustedPublisher: [Object]
1927 silly install resolved     },
1927 silly install resolved     directories: {},
1927 silly install resolved     maintainers: [ [Object], [Object] ],
1927 silly install resolved     _npmOperationalInternal: {
1927 silly install resolved       host: 's3://npm-registry-packages-npm-production',
1927 silly install resolved       tmp: 'tmp/eslint-visitor-keys_5.0.0_1762792202358_0.29412120038633316'
1927 silly install resolved     },
1927 silly install resolved     _hasShrinkwrap: false,
1927 silly install resolved     _shasum: 'b9aa1a74aa48c44b3ae46c1597ce7171246a94a9',
1927 silly install resolved     _resolved: 'https://registry.npmjs.org/eslint-visitor-keys/-/eslint-visitor-keys-5.0.0.tgz',
1927 silly install resolved     _from: 'eslint-visitor-keys@>=5.0.0 <6.0.0'
1927 silly install resolved   },
1927 silly install resolved   {
1927 silly install resolved     name: '@eslint/config-helpers',
1927 silly install resolved     version: '0.5.2',
1927 silly install resolved     description: 'Helper utilities for creating ESLint configuration',
1927 silly install resolved     type: 'module',
1927 silly install resolved     main: 'dist/esm/index.js',
1927 silly install resolved     types: 'dist/esm/index.d.ts',
1927 silly install resolved     exports: { require: [Object], import: [Object] },
1927 silly install resolved     publishConfig: { access: 'public' },
1927 silly install resolved     directories: { test: 'tests' },
1927 silly install resolved     scripts: {
1927 silly install resolved       'build:dedupe-types': 'node ../../tools/dedupe-types.js dist/cjs/index.cjs dist/esm/index.js',
1927 silly install resolved       'build:cts': 'node ../../tools/build-cts.js dist/esm/index.d.ts dist/cjs/index.d.cts',
1927 silly install resolved       build: 'rollup -c && npm run build:dedupe-types && tsc -p tsconfig.esm.json && npm run build:cts',
1927 silly install resolved       'lint:types': 'attw --pack',
1927 silly install resolved       test: 'mocha "tests/**/*.test.js"',
1927 silly install resolved       'test:coverage': 'c8 npm test',
1927 silly install resolved       'test:jsr': 'npx -y jsr@latest publish --dry-run',
1927 silly install resolved       'test:pnpm': 'cd tests/pnpm && pnpm install && pnpm exec tsc',
1927 silly install resolved       'test:types': 'tsc -p tests/types/tsconfig.json'
1927 silly install resolved     },
1927 silly install resolved     repository: {
1927 silly install resolved       type: 'git',
1927 silly install resolved       url: 'git+https://github.com/eslint/rewrite.git',
1927 silly install resolved       directory: 'packages/config-helpers'
1927 silly install resolved     },
1927 silly install resolved     keywords: [ 'eslint' ],
1927 silly install resolved     license: 'Apache-2.0',
1927 silly install resolved     bugs: { url: 'https://github.com/eslint/rewrite/issues' },
1927 silly install resolved     homepage: 'https://github.com/eslint/rewrite/tree/main/packages/config-helpers#readme',
1927 silly install resolved     dependencies: { '@eslint/core': '^1.1.0' },
1927 silly install resolved     devDependencies: { 'rollup-plugin-copy': '^3.5.0' },
1927 silly install resolved     engines: { node: '^20.19.0 || ^22.13.0 || >=24' },
1927 silly install resolved     gitHead: '7960653fe678b563051e2fbb99caf9fd3c07528c',
1927 silly install resolved     _id: '@eslint/config-helpers@0.5.2',
1927 silly install resolved     _nodeVersion: '24.13.0',
1927 silly install resolved     _npmVersion: '11.8.0',
1927 silly install resolved     dist: {
1927 silly install resolved       integrity: 'sha512-a5MxrdDXEvqnIq+LisyCX6tQMPF/dSJpCfBgBauY+pNZ28yCtSsTvyTYrMhaI+LK26bVyCJfJkT0u8KIj2i1dQ==',
1927 silly install resolved       shasum: '314c7b03d02a371ad8c0a7f6821d5a8a8437ba9d',
1927 silly install resolved       tarball: 'https://registry.npmjs.org/@eslint/config-helpers/-/config-helpers-0.5.2.tgz',
1927 silly install resolved       fileCount: 10,
1927 silly install resolved       unpackedSize: 57397,
1927 silly install resolved       attestations: [Object],
1927 silly install resolved       signatures: [Array]
1927 silly install resolved     },
1927 silly install resolved     _npmUser: {
1927 silly install resolved       name: 'GitHub Actions',
1927 silly install resolved       email: 'npm-oidc-no-reply@github.com',
1927 silly install resolved       trustedPublisher: [Object]
1927 silly install resolved     },
1927 silly install resolved     maintainers: [ [Object], [Object] ],
1927 silly install resolved     _npmOperationalInternal: {
1927 silly install resolved       host: 's3://npm-registry-packages-npm-production',
1927 silly install resolved       tmp: 'tmp/config-helpers_0.5.2_1769793437820_0.47917030571012464'
1927 silly install resolved     },
1927 silly install resolved     _hasShrinkwrap: false,
1927 silly install resolved     _shasum: '314c7b03d02a371ad8c0a7f6821d5a8a8437ba9d',
1927 silly install resolved     _resolved: 'https://registry.npmjs.org/@eslint/config-helpers/-/config-helpers-0.5.2.tgz',
1927 silly install resolved     _from: '@eslint/config-helpers@>=0.5.2 <0.6.0'
1927 silly install resolved   },
1927 silly install resolved   {
1927 silly install resolved     name: '@eslint/plugin-kit',
1927 silly install resolved     version: '0.6.0',
1927 silly install resolved     description: 'Utilities for building ESLint plugins.',
1927 silly install resolved     author: { name: 'Nicholas C. Zakas' },
1927 silly install resolved     type: 'module',
1927 silly install resolved     main: 'dist/esm/index.js',
1927 silly install resolved     types: 'dist/esm/index.d.ts',
1927 silly install resolved     exports: { require: [Object], import: [Object] },
1927 silly install resolved     publishConfig: { access: 'public' },
1927 silly install resolved     repository: {
1927 silly install resolved       type: 'git',
1927 silly install resolved       url: 'git+https://github.com/eslint/rewrite.git',
1927 silly install resolved       directory: 'packages/plugin-kit'
1927 silly install resolved     },
1927 silly install resolved     bugs: { url: 'https://github.com/eslint/rewrite/issues' },
1927 silly install resolved     homepage: 'https://github.com/eslint/rewrite/tree/main/packages/plugin-kit#readme',
1927 silly install resolved     scripts: {
1927 silly install resolved       'build:dedupe-types': 'node ../../tools/dedupe-types.js dist/cjs/index.cjs dist/esm/index.js',
1927 silly install resolved       'build:cts': 'node ../../tools/build-cts.js dist/esm/index.d.ts dist/cjs/index.d.cts',
1927 silly install resolved       build: 'rollup -c && npm run build:dedupe-types && tsc -p tsconfig.esm.json && npm run build:cts',
1927 silly install resolved       'lint:types': 'attw --pack',
1927 silly install resolved       pretest: 'npm run build',
1927 silly install resolved       test: 'mocha "tests/**/*.test.js"',
1927 silly install resolved       'test:coverage': 'c8 npm test',
1927 silly install resolved       'test:jsr': 'npx -y jsr@latest publish --dry-run',
1927 silly install resolved       'test:types': 'tsc -p tests/types/tsconfig.json'
1927 silly install resolved     },
1927 silly install resolved     keywords: [ 'eslint', 'eslintplugin', 'eslint-plugin' ],
1927 silly install resolved     license: 'Apache-2.0',
1927 silly install resolved     dependencies: { '@eslint/core': '^1.1.0', levn: '^0.4.1' },
1927 silly install resolved     devDependencies: { '@types/levn': '^0.4.0', 'rollup-plugin-copy': '^3.5.0' },
1927 silly install resolved     engines: { node: '^20.19.0 || ^22.13.0 || >=24' },
1927 silly install resolved     gitHead: '7960653fe678b563051e2fbb99caf9fd3c07528c',
1927 silly install resolved     _id: '@eslint/plugin-kit@0.6.0',
1927 silly install resolved     _nodeVersion: '24.13.0',
1927 silly install resolved     _npmVersion: '11.8.0',
1927 silly install resolved     dist: {
1927 silly install resolved       integrity: 'sha512-bIZEUzOI1jkhviX2cp5vNyXQc6olzb2ohewQubuYlMXZ2Q/XjBO0x0XhGPvc9fjSIiUN0vw+0hq53BJ4eQSJKQ==',
1927 silly install resolved       shasum: 'e0cb12ec66719cb2211ad36499fb516f2a63899d',
1927 silly install resolved       tarball: 'https://registry.npmjs.org/@eslint/plugin-kit/-/plugin-kit-0.6.0.tgz',
1927 silly install resolved       fileCount: 10,
1927 silly install resolved       unpackedSize: 108396,
1927 silly install resolved       attestations: [Object],
1927 silly install resolved       signatures: [Array]
1927 silly install resolved     },
1927 silly install resolved     _npmUser: {
1927 silly install resolved       name: 'GitHub Actions',
1927 silly install resolved       email: 'npm-oidc-no-reply@github.com',
1927 silly install resolved       trustedPublisher: [Object]
1927 silly install resolved     },
1927 silly install resolved     directories: {},
1927 silly install resolved     maintainers: [ [Object], [Object] ],
1927 silly install resolved     _npmOperationalInternal: {
1927 silly install resolved       host: 's3://npm-registry-packages-npm-production',
1927 silly install resolved       tmp: 'tmp/plugin-kit_0.6.0_1769793443698_0.3791284793309473'
1927 silly install resolved     },
1927 silly install resolved     _hasShrinkwrap: false,
1927 silly install resolved     _shasum: 'e0cb12ec66719cb2211ad36499fb516f2a63899d',
1927 silly install resolved     _resolved: 'https://registry.npmjs.org/@eslint/plugin-kit/-/plugin-kit-0.6.0.tgz',
1927 silly install resolved     _from: '@eslint/plugin-kit@>=0.6.0 <0.7.0'
1927 silly install resolved   }
1927 silly install resolved ]
1928 info install @eslint/core@1.1.0 into /home/ahmed-wael/ITI/Courses/Node/Tasks/4/node_modules/eslint
1929 info install @eslint/config-array@0.23.1 into /home/ahmed-wael/ITI/Courses/Node/Tasks/4/node_modules/eslint
1930 info install ignore@5.3.2 into /home/ahmed-wael/ITI/Courses/Node/Tasks/4/node_modules/eslint
1931 info install eslint-scope@9.1.0 into /home/ahmed-wael/ITI/Courses/Node/Tasks/4/node_modules/eslint
1932 info install espree@11.1.0 into /home/ahmed-wael/ITI/Courses/Node/Tasks/4/node_modules/eslint
1933 info install minimatch@10.2.0 into /home/ahmed-wael/ITI/Courses/Node/Tasks/4/node_modules/eslint
1934 info install eslint-visitor-keys@5.0.0 into /home/ahmed-wael/ITI/Courses/Node/Tasks/4/node_modules/eslint
1935 info install @eslint/config-helpers@0.5.2 into /home/ahmed-wael/ITI/Courses/Node/Tasks/4/node_modules/eslint
1936 info install @eslint/plugin-kit@0.6.0 into /home/ahmed-wael/ITI/Courses/Node/Tasks/4/node_modules/eslint
1937 info installOne @eslint/core@1.1.0
1938 verbose installOne of @eslint/core to /home/ahmed-wael/ITI/Courses/Node/Tasks/4/node_modules/eslint not in flight; installing
1939 verbose correctMkdir /home/ahmed-wael/.npm/_locks correctMkdir not in flight; initializing
1940 info installOne @eslint/config-array@0.23.1
1941 verbose installOne of @eslint/config-array to /home/ahmed-wael/ITI/Courses/Node/Tasks/4/node_modules/eslint not in flight; installing
1942 verbose correctMkdir /home/ahmed-wael/.npm/_locks correctMkdir not in flight; initializing
1943 info installOne ignore@5.3.2
1944 verbose installOne of ignore to /home/ahmed-wael/ITI/Courses/Node/Tasks/4/node_modules/eslint not in flight; installing
1945 verbose correctMkdir /home/ahmed-wael/.npm/_locks correctMkdir not in flight; initializing
1946 info installOne eslint-scope@9.1.0
1947 verbose installOne of eslint-scope to /home/ahmed-wael/ITI/Courses/Node/Tasks/4/node_modules/eslint not in flight; installing
1948 verbose correctMkdir /home/ahmed-wael/.npm/_locks correctMkdir not in flight; initializing
1949 info installOne espree@11.1.0
1950 verbose installOne of espree to /home/ahmed-wael/ITI/Courses/Node/Tasks/4/node_modules/eslint not in flight; installing
1951 verbose correctMkdir /home/ahmed-wael/.npm/_locks correctMkdir not in flight; initializing
1952 info installOne minimatch@10.2.0
1953 verbose installOne of minimatch to /home/ahmed-wael/ITI/Courses/Node/Tasks/4/node_modules/eslint not in flight; installing
1954 verbose correctMkdir /home/ahmed-wael/.npm/_locks correctMkdir not in flight; initializing
1955 info installOne eslint-visitor-keys@5.0.0
1956 verbose installOne of eslint-visitor-keys to /home/ahmed-wael/ITI/Courses/Node/Tasks/4/node_modules/eslint not in flight; installing
1957 verbose correctMkdir /home/ahmed-wael/.npm/_locks correctMkdir not in flight; initializing
1958 info installOne @eslint/config-helpers@0.5.2
1959 verbose installOne of @eslint/config-helpers to /home/ahmed-wael/ITI/Courses/Node/Tasks/4/node_modules/eslint not in flight; installing
1960 verbose correctMkdir /home/ahmed-wael/.npm/_locks correctMkdir not in flight; initializing
1961 info installOne @eslint/plugin-kit@0.6.0
1962 verbose installOne of @eslint/plugin-kit to /home/ahmed-wael/ITI/Courses/Node/Tasks/4/node_modules/eslint not in flight; installing
1963 verbose correctMkdir /home/ahmed-wael/.npm/_locks correctMkdir not in flight; initializing
1964 verbose lock using /home/ahmed-wael/.npm/_locks/eslint-core-e82c55ebff8661a3.lock for /home/ahmed-wael/ITI/Courses/Node/Tasks/4/node_modules/eslint/node_modules/@eslint/core
1965 verbose lock using /home/ahmed-wael/.npm/_locks/eslint-config-array-625e0c0a267bb0b8.lock for /home/ahmed-wael/ITI/Courses/Node/Tasks/4/node_modules/eslint/node_modules/@eslint/config-array
1966 verbose lock using /home/ahmed-wael/.npm/_locks/ignore-b9c80f65d9ab2e1e.lock for /home/ahmed-wael/ITI/Courses/Node/Tasks/4/node_modules/eslint/node_modules/ignore
1967 verbose lock using /home/ahmed-wael/.npm/_locks/minimatch-bb86d74edf467a23.lock for /home/ahmed-wael/ITI/Courses/Node/Tasks/4/node_modules/eslint/node_modules/minimatch
1968 verbose lock using /home/ahmed-wael/.npm/_locks/eslint-visitor-keys-b9f5a0df182aecad.lock for /home/ahmed-wael/ITI/Courses/Node/Tasks/4/node_modules/eslint/node_modules/eslint-visitor-keys
1969 verbose lock using /home/ahmed-wael/.npm/_locks/eslint-config-helpers-a730302229f6ef15.lock for /home/ahmed-wael/ITI/Courses/Node/Tasks/4/node_modules/eslint/node_modules/@eslint/config-helpers
1970 silly install write writing @eslint/core 1.1.0 to /home/ahmed-wael/ITI/Courses/Node/Tasks/4/node_modules/eslint/node_modules/@eslint/core
1971 verbose lock using /home/ahmed-wael/.npm/_locks/eslint-plugin-kit-5f3b26ab74d7ebe6.lock for /home/ahmed-wael/ITI/Courses/Node/Tasks/4/node_modules/eslint/node_modules/@eslint/plugin-kit
1972 silly install write writing @eslint/config-array 0.23.1 to /home/ahmed-wael/ITI/Courses/Node/Tasks/4/node_modules/eslint/node_modules/@eslint/config-array
1973 silly install write writing ignore 5.3.2 to /home/ahmed-wael/ITI/Courses/Node/Tasks/4/node_modules/eslint/node_modules/ignore
1974 silly install write writing minimatch 10.2.0 to /home/ahmed-wael/ITI/Courses/Node/Tasks/4/node_modules/eslint/node_modules/minimatch
1975 silly install write writing eslint-visitor-keys 5.0.0 to /home/ahmed-wael/ITI/Courses/Node/Tasks/4/node_modules/eslint/node_modules/eslint-visitor-keys
1976 verbose lock using /home/ahmed-wael/.npm/_locks/eslint-scope-8424784b6f0d04da.lock for /home/ahmed-wael/ITI/Courses/Node/Tasks/4/node_modules/eslint/node_modules/eslint-scope
1977 silly install write writing @eslint/config-helpers 0.5.2 to /home/ahmed-wael/ITI/Courses/Node/Tasks/4/node_modules/eslint/node_modules/@eslint/config-helpers
1978 verbose lock using /home/ahmed-wael/.npm/_locks/espree-57bcbc5d931626d3.lock for /home/ahmed-wael/ITI/Courses/Node/Tasks/4/node_modules/eslint/node_modules/espree
1979 silly install write writing @eslint/plugin-kit 0.6.0 to /home/ahmed-wael/ITI/Courses/Node/Tasks/4/node_modules/eslint/node_modules/@eslint/plugin-kit
1980 silly install write writing eslint-scope 9.1.0 to /home/ahmed-wael/ITI/Courses/Node/Tasks/4/node_modules/eslint/node_modules/eslint-scope
1981 silly install write writing espree 11.1.0 to /home/ahmed-wael/ITI/Courses/Node/Tasks/4/node_modules/eslint/node_modules/espree
1982 verbose unbuild node_modules/eslint/node_modules/@eslint/core
1983 verbose unbuild node_modules/eslint/node_modules/@eslint/config-array
1984 verbose unbuild node_modules/eslint/node_modules/ignore
1985 verbose unbuild node_modules/eslint/node_modules/minimatch
1986 verbose unbuild node_modules/eslint/node_modules/eslint-visitor-keys
1987 verbose unbuild node_modules/eslint/node_modules/@eslint/config-helpers
1988 verbose unbuild node_modules/eslint/node_modules/@eslint/plugin-kit
1989 verbose unbuild node_modules/eslint/node_modules/eslint-scope
1990 verbose unbuild node_modules/eslint/node_modules/espree
1991 silly gentlyRm /home/ahmed-wael/ITI/Courses/Node/Tasks/4/node_modules/eslint/node_modules/@eslint/core is being purged from base /home/ahmed-wael/ITI/Courses/Node/Tasks/4
1992 verbose gentlyRm don't care about contents; nuking /home/ahmed-wael/ITI/Courses/Node/Tasks/4/node_modules/eslint/node_modules/@eslint/core
1993 silly gentlyRm /home/ahmed-wael/ITI/Courses/Node/Tasks/4/node_modules/eslint/node_modules/@eslint/config-array is being purged from base /home/ahmed-wael/ITI/Courses/Node/Tasks/4
1994 verbose gentlyRm don't care about contents; nuking /home/ahmed-wael/ITI/Courses/Node/Tasks/4/node_modules/eslint/node_modules/@eslint/config-array
1995 silly gentlyRm /home/ahmed-wael/ITI/Courses/Node/Tasks/4/node_modules/eslint/node_modules/ignore is being purged from base /home/ahmed-wael/ITI/Courses/Node/Tasks/4
1996 verbose gentlyRm don't care about contents; nuking /home/ahmed-wael/ITI/Courses/Node/Tasks/4/node_modules/eslint/node_modules/ignore
1997 silly gentlyRm /home/ahmed-wael/ITI/Courses/Node/Tasks/4/node_modules/eslint/node_modules/minimatch is being purged from base /home/ahmed-wael/ITI/Courses/Node/Tasks/4
1998 verbose gentlyRm don't care about contents; nuking /home/ahmed-wael/ITI/Courses/Node/Tasks/4/node_modules/eslint/node_modules/minimatch
1999 silly gentlyRm /home/ahmed-wael/ITI/Courses/Node/Tasks/4/node_modules/eslint/node_modules/eslint-visitor-keys is being purged from base /home/ahmed-wael/ITI/Courses/Node/Tasks/4
2000 verbose gentlyRm don't care about contents; nuking /home/ahmed-wael/ITI/Courses/Node/Tasks/4/node_modules/eslint/node_modules/eslint-visitor-keys
2001 silly gentlyRm /home/ahmed-wael/ITI/Courses/Node/Tasks/4/node_modules/eslint/node_modules/@eslint/config-helpers is being purged from base /home/ahmed-wael/ITI/Courses/Node/Tasks/4
2002 verbose gentlyRm don't care about contents; nuking /home/ahmed-wael/ITI/Courses/Node/Tasks/4/node_modules/eslint/node_modules/@eslint/config-helpers
2003 verbose tar unpack /home/ahmed-wael/.npm/@eslint/core/1.1.0/package.tgz
2004 verbose tar unpacking to /home/ahmed-wael/ITI/Courses/Node/Tasks/4/node_modules/eslint/node_modules/@eslint/core
2005 silly gentlyRm /home/ahmed-wael/ITI/Courses/Node/Tasks/4/node_modules/eslint/node_modules/@eslint/core is being purged
2006 verbose gentlyRm don't care about contents; nuking /home/ahmed-wael/ITI/Courses/Node/Tasks/4/node_modules/eslint/node_modules/@eslint/core
2007 silly gentlyRm /home/ahmed-wael/ITI/Courses/Node/Tasks/4/node_modules/eslint/node_modules/@eslint/plugin-kit is being purged from base /home/ahmed-wael/ITI/Courses/Node/Tasks/4
2008 verbose gentlyRm don't care about contents; nuking /home/ahmed-wael/ITI/Courses/Node/Tasks/4/node_modules/eslint/node_modules/@eslint/plugin-kit
2009 verbose tar unpack /home/ahmed-wael/.npm/@eslint/config-array/0.23.1/package.tgz
2010 verbose tar unpacking to /home/ahmed-wael/ITI/Courses/Node/Tasks/4/node_modules/eslint/node_modules/@eslint/config-array
2011 silly gentlyRm /home/ahmed-wael/ITI/Courses/Node/Tasks/4/node_modules/eslint/node_modules/@eslint/config-array is being purged
2012 verbose gentlyRm don't care about contents; nuking /home/ahmed-wael/ITI/Courses/Node/Tasks/4/node_modules/eslint/node_modules/@eslint/config-array
2013 verbose tar unpack /home/ahmed-wael/.npm/ignore/5.3.2/package.tgz
2014 verbose tar unpacking to /home/ahmed-wael/ITI/Courses/Node/Tasks/4/node_modules/eslint/node_modules/ignore
2015 silly gentlyRm /home/ahmed-wael/ITI/Courses/Node/Tasks/4/node_modules/eslint/node_modules/ignore is being purged
2016 verbose gentlyRm don't care about contents; nuking /home/ahmed-wael/ITI/Courses/Node/Tasks/4/node_modules/eslint/node_modules/ignore
2017 verbose tar unpack /home/ahmed-wael/.npm/minimatch/10.2.0/package.tgz
2018 verbose tar unpacking to /home/ahmed-wael/ITI/Courses/Node/Tasks/4/node_modules/eslint/node_modules/minimatch
2019 silly gentlyRm /home/ahmed-wael/ITI/Courses/Node/Tasks/4/node_modules/eslint/node_modules/minimatch is being purged
2020 verbose gentlyRm don't care about contents; nuking /home/ahmed-wael/ITI/Courses/Node/Tasks/4/node_modules/eslint/node_modules/minimatch
2021 verbose tar unpack /home/ahmed-wael/.npm/eslint-visitor-keys/5.0.0/package.tgz
2022 verbose tar unpacking to /home/ahmed-wael/ITI/Courses/Node/Tasks/4/node_modules/eslint/node_modules/eslint-visitor-keys
2023 silly gentlyRm /home/ahmed-wael/ITI/Courses/Node/Tasks/4/node_modules/eslint/node_modules/eslint-visitor-keys is being purged
2024 verbose gentlyRm don't care about contents; nuking /home/ahmed-wael/ITI/Courses/Node/Tasks/4/node_modules/eslint/node_modules/eslint-visitor-keys
2025 verbose tar unpack /home/ahmed-wael/.npm/@eslint/config-helpers/0.5.2/package.tgz
2026 verbose tar unpacking to /home/ahmed-wael/ITI/Courses/Node/Tasks/4/node_modules/eslint/node_modules/@eslint/config-helpers
2027 silly gentlyRm /home/ahmed-wael/ITI/Courses/Node/Tasks/4/node_modules/eslint/node_modules/@eslint/config-helpers is being purged
2028 verbose gentlyRm don't care about contents; nuking /home/ahmed-wael/ITI/Courses/Node/Tasks/4/node_modules/eslint/node_modules/@eslint/config-helpers
2029 silly gentlyRm /home/ahmed-wael/ITI/Courses/Node/Tasks/4/node_modules/eslint/node_modules/espree is being purged from base /home/ahmed-wael/ITI/Courses/Node/Tasks/4
2030 verbose gentlyRm don't care about contents; nuking /home/ahmed-wael/ITI/Courses/Node/Tasks/4/node_modules/eslint/node_modules/espree
2031 silly gentlyRm /home/ahmed-wael/ITI/Courses/Node/Tasks/4/node_modules/eslint/node_modules/eslint-scope is being purged from base /home/ahmed-wael/ITI/Courses/Node/Tasks/4
2032 verbose gentlyRm don't care about contents; nuking /home/ahmed-wael/ITI/Courses/Node/Tasks/4/node_modules/eslint/node_modules/eslint-scope
2033 silly gunzTarPerm modes [ '775', '664' ]
2034 verbose tar unpack /home/ahmed-wael/.npm/@eslint/plugin-kit/0.6.0/package.tgz
2035 verbose tar unpacking to /home/ahmed-wael/ITI/Courses/Node/Tasks/4/node_modules/eslint/node_modules/@eslint/plugin-kit
2036 silly gentlyRm /home/ahmed-wael/ITI/Courses/Node/Tasks/4/node_modules/eslint/node_modules/@eslint/plugin-kit is being purged
2037 verbose gentlyRm don't care about contents; nuking /home/ahmed-wael/ITI/Courses/Node/Tasks/4/node_modules/eslint/node_modules/@eslint/plugin-kit
2038 silly gunzTarPerm modes [ '775', '664' ]
2039 silly gunzTarPerm modes [ '775', '664' ]
2040 silly gunzTarPerm modes [ '775', '664' ]
2041 silly gunzTarPerm modes [ '775', '664' ]
2042 silly gunzTarPerm modes [ '775', '664' ]
2043 verbose tar unpack /home/ahmed-wael/.npm/espree/11.1.0/package.tgz
2044 verbose tar unpacking to /home/ahmed-wael/ITI/Courses/Node/Tasks/4/node_modules/eslint/node_modules/espree
2045 silly gentlyRm /home/ahmed-wael/ITI/Courses/Node/Tasks/4/node_modules/eslint/node_modules/espree is being purged
2046 verbose gentlyRm don't care about contents; nuking /home/ahmed-wael/ITI/Courses/Node/Tasks/4/node_modules/eslint/node_modules/espree
2047 verbose tar unpack /home/ahmed-wael/.npm/eslint-scope/9.1.0/package.tgz
2048 verbose tar unpacking to /home/ahmed-wael/ITI/Courses/Node/Tasks/4/node_modules/eslint/node_modules/eslint-scope
2049 silly gentlyRm /home/ahmed-wael/ITI/Courses/Node/Tasks/4/node_modules/eslint/node_modules/eslint-scope is being purged
2050 verbose gentlyRm don't care about contents; nuking /home/ahmed-wael/ITI/Courses/Node/Tasks/4/node_modules/eslint/node_modules/eslint-scope
2051 silly gunzTarPerm modes [ '775', '664' ]
2052 silly gunzTarPerm modes [ '775', '664' ]
2053 silly gunzTarPerm modes [ '775', '664' ]
2054 silly gunzTarPerm extractEntry LICENSE-MIT
2055 silly gunzTarPerm modified mode [ 'LICENSE-MIT', 420, 436 ]
2056 silly gunzTarPerm extractEntry LICENSE
2057 silly gunzTarPerm modified mode [ 'LICENSE', 420, 436 ]
2058 silly gunzTarPerm extractEntry LICENSE
2059 silly gunzTarPerm modified mode [ 'LICENSE', 420, 436 ]
2060 silly gunzTarPerm extractEntry dist/commonjs/assert-valid-pattern.js
2061 silly gunzTarPerm modified mode [ 'dist/commonjs/assert-valid-pattern.js', 420, 436 ]
2062 silly gunzTarPerm extractEntry LICENSE
2063 silly gunzTarPerm modified mode [ 'LICENSE', 420, 436 ]
2064 silly gunzTarPerm extractEntry LICENSE
2065 silly gunzTarPerm modified mode [ 'LICENSE', 420, 436 ]
2066 silly gunzTarPerm extractEntry LICENSE
2067 silly gunzTarPerm modified mode [ 'LICENSE', 420, 436 ]
2068 silly gunzTarPerm extractEntry LICENSE
2069 silly gunzTarPerm modified mode [ 'LICENSE', 420, 436 ]
2070 silly gunzTarPerm extractEntry LICENSE
2071 silly gunzTarPerm modified mode [ 'LICENSE', 420, 436 ]
2072 silly gunzTarPerm extractEntry index.js
2073 silly gunzTarPerm modified mode [ 'index.js', 420, 436 ]
2074 silly gunzTarPerm extractEntry legacy.js
2075 silly gunzTarPerm modified mode [ 'legacy.js', 420, 436 ]
2076 silly gunzTarPerm extractEntry dist/cjs/index.cjs
2077 silly gunzTarPerm modified mode [ 'dist/cjs/index.cjs', 420, 436 ]
2078 silly gunzTarPerm extractEntry dist/cjs/index.d.cts
2079 silly gunzTarPerm modified mode [ 'dist/cjs/index.d.cts', 420, 436 ]
2080 silly gunzTarPerm extractEntry dist/eslint-visitor-keys.cjs
2081 silly gunzTarPerm modified mode [ 'dist/eslint-visitor-keys.cjs', 420, 436 ]
2082 silly gunzTarPerm extractEntry dist/eslint-visitor-keys.d.cts
2083 silly gunzTarPerm modified mode [ 'dist/eslint-visitor-keys.d.cts', 420, 436 ]
2084 silly gunzTarPerm extractEntry dist/cjs/index.cjs
2085 silly gunzTarPerm modified mode [ 'dist/cjs/index.cjs', 420, 436 ]
2086 silly gunzTarPerm extractEntry dist/cjs/index.d.cts
2087 silly gunzTarPerm modified mode [ 'dist/cjs/index.d.cts', 420, 436 ]
2088 silly gunzTarPerm extractEntry dist/esm/assert-valid-pattern.js
2089 silly gunzTarPerm modified mode [ 'dist/esm/assert-valid-pattern.js', 420, 436 ]
2090 silly gunzTarPerm extractEntry dist/commonjs/ast.js
2091 silly gunzTarPerm modified mode [ 'dist/commonjs/ast.js', 420, 436 ]
2092 silly gunzTarPerm extractEntry dist/espree.cjs
2093 silly gunzTarPerm modified mode [ 'dist/espree.cjs', 420, 436 ]
2094 silly gunzTarPerm extractEntry dist/espree.d.cts
2095 silly gunzTarPerm modified mode [ 'dist/espree.d.cts', 420, 436 ]
2096 silly gunzTarPerm extractEntry dist/eslint-scope.cjs
2097 silly gunzTarPerm modified mode [ 'dist/eslint-scope.cjs', 420, 436 ]
2098 silly gunzTarPerm extractEntry lib/index.d.cts
2099 silly gunzTarPerm modified mode [ 'lib/index.d.cts', 420, 436 ]
2100 silly gunzTarPerm extractEntry dist/cjs/types.d.cts
2101 silly gunzTarPerm modified mode [ 'dist/cjs/types.d.cts', 420, 436 ]
2102 silly gunzTarPerm extractEntry package.json
2103 silly gunzTarPerm modified mode [ 'package.json', 420, 436 ]
2104 silly gunzTarPerm extractEntry dist/cjs/index.cjs
2105 silly gunzTarPerm modified mode [ 'dist/cjs/index.cjs', 420, 436 ]
2106 silly gunzTarPerm extractEntry dist/cjs/std__path/posix.cjs
2107 silly gunzTarPerm modified mode [ 'dist/cjs/std__path/posix.cjs', 420, 436 ]
2108 silly gunzTarPerm extractEntry package.json
2109 silly gunzTarPerm modified mode [ 'package.json', 420, 436 ]
2110 silly gunzTarPerm extractEntry README.md
2111 silly gunzTarPerm modified mode [ 'README.md', 420, 436 ]
2112 silly gunzTarPerm extractEntry lib/index.js
2113 silly gunzTarPerm modified mode [ 'lib/index.js', 420, 436 ]
2114 silly gunzTarPerm extractEntry lib/visitor-keys.js
2115 silly gunzTarPerm modified mode [ 'lib/visitor-keys.js', 420, 436 ]
2116 silly gunzTarPerm extractEntry dist/cjs/types.cts
2117 silly gunzTarPerm modified mode [ 'dist/cjs/types.cts', 420, 436 ]
2118 silly gunzTarPerm extractEntry dist/esm/index.js
2119 silly gunzTarPerm modified mode [ 'dist/esm/index.js', 420, 436 ]
2120 silly gunzTarPerm extractEntry espree.js
2121 silly gunzTarPerm modified mode [ 'espree.js', 420, 436 ]
2122 silly gunzTarPerm extractEntry lib/espree.js
2123 silly gunzTarPerm modified mode [ 'lib/espree.js', 420, 436 ]
2124 silly gunzTarPerm extractEntry lib/assert.js
2125 silly gunzTarPerm modified mode [ 'lib/assert.js', 420, 436 ]
2126 silly gunzTarPerm extractEntry dist/cjs/types.cts
2127 silly gunzTarPerm modified mode [ 'dist/cjs/types.cts', 420, 436 ]
2128 silly gunzTarPerm extractEntry dist/esm/index.js
2129 silly gunzTarPerm modified mode [ 'dist/esm/index.js', 420, 436 ]
2130 silly gunzTarPerm extractEntry README.md
2131 silly gunzTarPerm modified mode [ 'README.md', 420, 436 ]
2132 silly gunzTarPerm extractEntry dist/esm/types.d.ts
2133 silly gunzTarPerm modified mode [ 'dist/esm/types.d.ts', 420, 436 ]
2134 silly gunzTarPerm extractEntry dist/cjs/std__path/windows.cjs
2135 silly gunzTarPerm modified mode [ 'dist/cjs/std__path/windows.cjs', 420, 436 ]
2136 silly gunzTarPerm extractEntry dist/esm/ast.js
2137 silly gunzTarPerm modified mode [ 'dist/esm/ast.js', 420, 436 ]
2138 silly gunzTarPerm extractEntry index.d.ts
2139 silly gunzTarPerm modified mode [ 'index.d.ts', 420, 436 ]
2140 silly gunzTarPerm extractEntry package.json
2141 silly gunzTarPerm modified mode [ 'package.json', 420, 436 ]
2142 silly gunzTarPerm extractEntry README.md
2143 silly gunzTarPerm modified mode [ 'README.md', 420, 436 ]
2144 silly gunzTarPerm extractEntry lib/features.js
2145 silly gunzTarPerm modified mode [ 'lib/features.js', 420, 436 ]
2146 silly gunzTarPerm extractEntry lib/definition.js
2147 silly gunzTarPerm modified mode [ 'lib/definition.js', 420, 436 ]
2148 silly gunzTarPerm extractEntry lib/index.js
2149 silly gunzTarPerm modified mode [ 'lib/index.js', 420, 436 ]
2150 silly gunzTarPerm extractEntry package.json
2151 silly gunzTarPerm modified mode [ 'package.json', 420, 436 ]
2152 silly gunzTarPerm extractEntry package.json
2153 silly gunzTarPerm modified mode [ 'package.json', 420, 436 ]
2154 silly gunzTarPerm extractEntry dist/commonjs/brace-expressions.js
2155 silly gunzTarPerm modified mode [ 'dist/commonjs/brace-expressions.js', 420, 436 ]
2156 silly gunzTarPerm extractEntry dist/cjs/index.d.cts
2157 silly gunzTarPerm modified mode [ 'dist/cjs/index.d.cts', 420, 436 ]
2158 silly gunzTarPerm extractEntry dist/index.d.ts
2159 silly gunzTarPerm modified mode [ 'dist/index.d.ts', 420, 436 ]
2160 silly gunzTarPerm extractEntry dist/visitor-keys.d.ts
2161 silly gunzTarPerm modified mode [ 'dist/visitor-keys.d.ts', 420, 436 ]
2162 silly gunzTarPerm extractEntry lib/options.js
2163 silly gunzTarPerm modified mode [ 'lib/options.js', 420, 436 ]
2164 silly gunzTarPerm extractEntry lib/token-translator.js
2165 silly gunzTarPerm modified mode [ 'lib/token-translator.js', 420, 436 ]
2166 silly gunzTarPerm extractEntry README.md
2167 silly gunzTarPerm modified mode [ 'README.md', 420, 436 ]
2168 silly gunzTarPerm extractEntry dist/esm/index.d.ts
2169 silly gunzTarPerm modified mode [ 'dist/esm/index.d.ts', 420, 436 ]
2170 silly gunzTarPerm extractEntry lib/pattern-visitor.js
2171 silly gunzTarPerm modified mode [ 'lib/pattern-visitor.js', 420, 436 ]
2172 silly gunzTarPerm extractEntry README.md
2173 silly gunzTarPerm modified mode [ 'README.md', 420, 436 ]
2174 silly gunzTarPerm extractEntry dist/esm/index.d.ts
2175 silly gunzTarPerm modified mode [ 'dist/esm/index.d.ts', 420, 436 ]
2176 silly gunzTarPerm extractEntry dist/esm/brace-expressions.js
2177 silly gunzTarPerm modified mode [ 'dist/esm/brace-expressions.js', 420, 436 ]
2178 silly gunzTarPerm extractEntry dist/commonjs/escape.js
2179 silly gunzTarPerm modified mode [ 'dist/commonjs/escape.js', 420, 436 ]
2180 silly gunzTarPerm extractEntry dist/cjs/types.cts
2181 silly gunzTarPerm modified mode [ 'dist/cjs/types.cts', 420, 436 ]
2182 silly gunzTarPerm extractEntry dist/esm/index.js
2183 silly gunzTarPerm modified mode [ 'dist/esm/index.js', 420, 436 ]
2184 silly gunzTarPerm extractEntry lib/types.js
2185 silly gunzTarPerm modified mode [ 'lib/types.js', 420, 436 ]
2186 silly gunzTarPerm extractEntry package.json
2187 silly gunzTarPerm modified mode [ 'package.json', 420, 436 ]
2188 silly gunzTarPerm extractEntry dist/esm/types.d.ts
2189 silly gunzTarPerm modified mode [ 'dist/esm/types.d.ts', 420, 436 ]
2190 silly gunzTarPerm extractEntry dist/esm/types.ts
2191 silly gunzTarPerm modified mode [ 'dist/esm/types.ts', 420, 436 ]
2192 silly gunzTarPerm extractEntry dist/esm/types.d.ts
2193 silly gunzTarPerm modified mode [ 'dist/esm/types.d.ts', 420, 436 ]
2194 silly gunzTarPerm extractEntry dist/esm/types.ts
2195 silly gunzTarPerm modified mode [ 'dist/esm/types.ts', 420, 436 ]
2196 silly gunzTarPerm extractEntry lib/reference.js
2197 silly gunzTarPerm modified mode [ 'lib/reference.js', 420, 436 ]
2198 silly gunzTarPerm extractEntry lib/referencer.js
2199 silly gunzTarPerm modified mode [ 'lib/referencer.js', 420, 436 ]
2200 silly gunzTarPerm extractEntry dist/esm/escape.js
2201 silly gunzTarPerm modified mode [ 'dist/esm/escape.js', 420, 436 ]
2202 silly gunzTarPerm extractEntry dist/commonjs/index.js
2203 silly gunzTarPerm modified mode [ 'dist/commonjs/index.js', 420, 436 ]
2204 silly gunzTarPerm extractEntry dist/esm/std__path/posix.js
2205 silly gunzTarPerm modified mode [ 'dist/esm/std__path/posix.js', 420, 436 ]
2206 silly gunzTarPerm extractEntry dist/espree.d.cts.map
2207 silly gunzTarPerm modified mode [ 'dist/espree.d.cts.map', 420, 436 ]
2208 silly gunzTarPerm extractEntry lib/scope-manager.js
2209 silly gunzTarPerm modified mode [ 'lib/scope-manager.js', 420, 436 ]
2210 silly gunzTarPerm extractEntry dist/esm/index.js
2211 silly gunzTarPerm modified mode [ 'dist/esm/index.js', 420, 436 ]
2212 silly gunzTarPerm extractEntry dist/esm/std__path/windows.js
2213 silly gunzTarPerm modified mode [ 'dist/esm/std__path/windows.js', 420, 436 ]
2214 silly gunzTarPerm extractEntry dist/espree.d.ts.map
2215 silly gunzTarPerm modified mode [ 'dist/espree.d.ts.map', 420, 436 ]
2216 silly gunzTarPerm extractEntry README.md
2217 silly gunzTarPerm modified mode [ 'README.md', 420, 436 ]
2218 silly gunzTarPerm extractEntry lib/scope.js
2219 silly gunzTarPerm modified mode [ 'lib/scope.js', 420, 436 ]
2220 silly gunzTarPerm extractEntry lib/variable.js
2221 silly gunzTarPerm modified mode [ 'lib/variable.js', 420, 436 ]
2222 silly gunzTarPerm extractEntry dist/commonjs/unescape.js
2223 silly gunzTarPerm modified mode [ 'dist/commonjs/unescape.js', 420, 436 ]
2224 verbose write writing to /home/ahmed-wael/ITI/Courses/Node/Tasks/4/node_modules/eslint/node_modules/ignore/package.json
2225 verbose write writing to /home/ahmed-wael/ITI/Courses/Node/Tasks/4/node_modules/eslint/node_modules/@eslint/core/package.json
2226 silly gunzTarPerm extractEntry package.json
2227 silly gunzTarPerm modified mode [ 'package.json', 420, 436 ]
2228 info preinstall ignore@5.3.2
2229 silly gunzTarPerm extractEntry dist/espree.d.ts
2230 silly gunzTarPerm modified mode [ 'dist/espree.d.ts', 420, 436 ]
2231 info preinstall @eslint/core@1.1.0
2232 verbose readDependencies loading dependencies from /home/ahmed-wael/ITI/Courses/Node/Tasks/4/node_modules/eslint/node_modules/ignore/package.json
2233 verbose readDependencies loading dependencies from /home/ahmed-wael/ITI/Courses/Node/Tasks/4/node_modules/eslint/node_modules/@eslint/core/package.json
2234 silly gunzTarPerm extractEntry package.json
2235 silly gunzTarPerm modified mode [ 'package.json', 420, 436 ]
2236 silly gunzTarPerm extractEntry README.md
2237 silly gunzTarPerm modified mode [ 'README.md', 420, 436 ]
2238 silly gunzTarPerm extractEntry dist/esm/unescape.js
2239 silly gunzTarPerm modified mode [ 'dist/esm/unescape.js', 420, 436 ]
2240 silly gunzTarPerm extractEntry dist/commonjs/package.json
2241 silly gunzTarPerm modified mode [ 'dist/commonjs/package.json', 420, 436 ]
2242 silly gunzTarPerm extractEntry README.md
2243 silly gunzTarPerm modified mode [ 'README.md', 420, 436 ]
2244 silly gunzTarPerm extractEntry dist/esm/index.d.ts
2245 silly gunzTarPerm modified mode [ 'dist/esm/index.d.ts', 420, 436 ]
2246 silly gunzTarPerm extractEntry lib/index.d.ts
2247 silly gunzTarPerm modified mode [ 'lib/index.d.ts', 420, 436 ]
2248 silly gunzTarPerm extractEntry dist/esm/package.json
2249 silly gunzTarPerm modified mode [ 'dist/esm/package.json', 420, 436 ]
2250 silly gunzTarPerm extractEntry package.json
2251 silly gunzTarPerm modified mode [ 'package.json', 420, 436 ]
2252 verbose readDependencies loading dependencies from /home/ahmed-wael/ITI/Courses/Node/Tasks/4/node_modules/eslint/node_modules/ignore/package.json
2253 verbose readDependencies loading dependencies from /home/ahmed-wael/ITI/Courses/Node/Tasks/4/node_modules/eslint/node_modules/@eslint/core/package.json
2254 silly gunzTarPerm extractEntry dist/esm/types.d.ts
2255 silly gunzTarPerm modified mode [ 'dist/esm/types.d.ts', 420, 436 ]
2256 silly gunzTarPerm extractEntry dist/commonjs/assert-valid-pattern.d.ts.map
2257 silly gunzTarPerm modified mode [ 'dist/commonjs/assert-valid-pattern.d.ts.map', 420, 436 ]
2258 silly gunzTarPerm extractEntry dist/esm/assert-valid-pattern.d.ts.map
2259 silly gunzTarPerm modified mode [ 'dist/esm/assert-valid-pattern.d.ts.map', 420, 436 ]
2260 verbose write writing to /home/ahmed-wael/ITI/Courses/Node/Tasks/4/node_modules/eslint/node_modules/eslint-visitor-keys/package.json
2261 silly install resolved []
2262 verbose about to build /home/ahmed-wael/ITI/Courses/Node/Tasks/4/node_modules/eslint/node_modules/ignore
2263 info build /home/ahmed-wael/ITI/Courses/Node/Tasks/4/node_modules/eslint/node_modules/ignore
2264 silly install resolved []
2265 verbose about to build /home/ahmed-wael/ITI/Courses/Node/Tasks/4/node_modules/eslint/node_modules/@eslint/core
2266 info build /home/ahmed-wael/ITI/Courses/Node/Tasks/4/node_modules/eslint/node_modules/@eslint/core
2267 silly gunzTarPerm extractEntry dist/esm/types.ts
2268 silly gunzTarPerm modified mode [ 'dist/esm/types.ts', 420, 436 ]
2269 info preinstall eslint-visitor-keys@5.0.0
2270 verbose readDependencies loading dependencies from /home/ahmed-wael/ITI/Courses/Node/Tasks/4/node_modules/eslint/node_modules/eslint-visitor-keys/package.json
2271 silly gunzTarPerm extractEntry dist/commonjs/assert-valid-pattern.js.map
2272 silly gunzTarPerm modified mode [ 'dist/commonjs/assert-valid-pattern.js.map', 420, 436 ]
2273 silly gunzTarPerm extractEntry dist/esm/assert-valid-pattern.js.map
2274 silly gunzTarPerm modified mode [ 'dist/esm/assert-valid-pattern.js.map', 420, 436 ]
2275 info linkStuff ignore@5.3.2
2276 silly linkStuff ignore@5.3.2 has /home/ahmed-wael/ITI/Courses/Node/Tasks/4/node_modules/eslint/node_modules as its parent node_modules
2277 verbose write writing to /home/ahmed-wael/ITI/Courses/Node/Tasks/4/node_modules/eslint/node_modules/@eslint/config-helpers/package.json
2278 info linkStuff @eslint/core@1.1.0
2279 silly linkStuff @eslint/core@1.1.0 has /home/ahmed-wael/ITI/Courses/Node/Tasks/4/node_modules/eslint/node_modules as its parent node_modules
2280 verbose write writing to /home/ahmed-wael/ITI/Courses/Node/Tasks/4/node_modules/eslint/node_modules/@eslint/plugin-kit/package.json
2281 silly gunzTarPerm extractEntry dist/commonjs/ast.d.ts.map
2282 silly gunzTarPerm modified mode [ 'dist/commonjs/ast.d.ts.map', 420, 436 ]
2283 silly gunzTarPerm extractEntry dist/esm/ast.d.ts.map
2284 silly gunzTarPerm modified mode [ 'dist/esm/ast.d.ts.map', 420, 436 ]
2285 info preinstall @eslint/config-helpers@0.5.2
2286 verbose linkBins ignore@5.3.2
2287 verbose linkMans ignore@5.3.2
2288 verbose rebuildBundles ignore@5.3.2
2289 verbose readDependencies loading dependencies from /home/ahmed-wael/ITI/Courses/Node/Tasks/4/node_modules/eslint/node_modules/eslint-visitor-keys/package.json
2290 verbose linkBins @eslint/core@1.1.0
2291 verbose linkMans @eslint/core@1.1.0
2292 verbose rebuildBundles @eslint/core@1.1.0
2293 info preinstall @eslint/plugin-kit@0.6.0
2294 info install ignore@5.3.2
2295 info install @eslint/core@1.1.0
2296 verbose readDependencies loading dependencies from /home/ahmed-wael/ITI/Courses/Node/Tasks/4/node_modules/eslint/node_modules/@eslint/config-helpers/package.json
2297 verbose readDependencies loading dependencies from /home/ahmed-wael/ITI/Courses/Node/Tasks/4/node_modules/eslint/node_modules/@eslint/plugin-kit/package.json
2298 info postinstall ignore@5.3.2
2299 info postinstall @eslint/core@1.1.0
2300 silly gunzTarPerm extractEntry dist/commonjs/ast.js.map
2301 silly gunzTarPerm modified mode [ 'dist/commonjs/ast.js.map', 420, 436 ]
2302 silly gunzTarPerm extractEntry dist/esm/ast.js.map
2303 silly gunzTarPerm modified mode [ 'dist/esm/ast.js.map', 420, 436 ]
2304 verbose unlock done using /home/ahmed-wael/.npm/_locks/ignore-b9c80f65d9ab2e1e.lock for /home/ahmed-wael/ITI/Courses/Node/Tasks/4/node_modules/eslint/node_modules/ignore
2305 verbose unlock done using /home/ahmed-wael/.npm/_locks/eslint-core-e82c55ebff8661a3.lock for /home/ahmed-wael/ITI/Courses/Node/Tasks/4/node_modules/eslint/node_modules/@eslint/core
2306 silly install resolved []
2307 verbose about to build /home/ahmed-wael/ITI/Courses/Node/Tasks/4/node_modules/eslint/node_modules/eslint-visitor-keys
2308 info build /home/ahmed-wael/ITI/Courses/Node/Tasks/4/node_modules/eslint/node_modules/eslint-visitor-keys
2309 verbose readDependencies loading dependencies from /home/ahmed-wael/ITI/Courses/Node/Tasks/4/node_modules/eslint/node_modules/@eslint/config-helpers/package.json
2310 verbose readDependencies loading dependencies from /home/ahmed-wael/ITI/Courses/Node/Tasks/4/node_modules/eslint/node_modules/@eslint/plugin-kit/package.json
2311 silly gunzTarPerm extractEntry dist/commonjs/brace-expressions.d.ts.map
2312 silly gunzTarPerm modified mode [ 'dist/commonjs/brace-expressions.d.ts.map', 420, 436 ]
2313 info linkStuff eslint-visitor-keys@5.0.0
2314 silly linkStuff eslint-visitor-keys@5.0.0 has /home/ahmed-wael/ITI/Courses/Node/Tasks/4/node_modules/eslint/node_modules as its parent node_modules
2315 silly gunzTarPerm extractEntry dist/esm/brace-expressions.d.ts.map
2316 silly gunzTarPerm modified mode [ 'dist/esm/brace-expressions.d.ts.map', 420, 436 ]
2317 silly gunzTarPerm extractEntry dist/commonjs/brace-expressions.js.map
2318 silly gunzTarPerm modified mode [ 'dist/commonjs/brace-expressions.js.map', 420, 436 ]
2319 silly install resolved []
2320 verbose about to build /home/ahmed-wael/ITI/Courses/Node/Tasks/4/node_modules/eslint/node_modules/@eslint/config-helpers
2321 info build /home/ahmed-wael/ITI/Courses/Node/Tasks/4/node_modules/eslint/node_modules/@eslint/config-helpers
2322 silly install resolved []
2323 verbose about to build /home/ahmed-wael/ITI/Courses/Node/Tasks/4/node_modules/eslint/node_modules/@eslint/plugin-kit
2324 info build /home/ahmed-wael/ITI/Courses/Node/Tasks/4/node_modules/eslint/node_modules/@eslint/plugin-kit
2325 verbose write writing to /home/ahmed-wael/ITI/Courses/Node/Tasks/4/node_modules/eslint/node_modules/espree/package.json
2326 verbose linkBins eslint-visitor-keys@5.0.0
2327 verbose linkMans eslint-visitor-keys@5.0.0
2328 verbose rebuildBundles eslint-visitor-keys@5.0.0
2329 info install eslint-visitor-keys@5.0.0
2330 info postinstall eslint-visitor-keys@5.0.0
2331 info preinstall espree@11.1.0
2332 silly gunzTarPerm extractEntry dist/esm/brace-expressions.js.map
2333 silly gunzTarPerm modified mode [ 'dist/esm/brace-expressions.js.map', 420, 436 ]
2334 silly gunzTarPerm extractEntry dist/commonjs/escape.d.ts.map
2335 silly gunzTarPerm modified mode [ 'dist/commonjs/escape.d.ts.map', 420, 436 ]
2336 verbose readDependencies loading dependencies from /home/ahmed-wael/ITI/Courses/Node/Tasks/4/node_modules/eslint/node_modules/espree/package.json
2337 verbose unlock done using /home/ahmed-wael/.npm/_locks/eslint-visitor-keys-b9f5a0df182aecad.lock for /home/ahmed-wael/ITI/Courses/Node/Tasks/4/node_modules/eslint/node_modules/eslint-visitor-keys
2338 info linkStuff @eslint/config-helpers@0.5.2
2339 silly linkStuff @eslint/config-helpers@0.5.2 has /home/ahmed-wael/ITI/Courses/Node/Tasks/4/node_modules/eslint/node_modules as its parent node_modules
2340 verbose write writing to /home/ahmed-wael/ITI/Courses/Node/Tasks/4/node_modules/eslint/node_modules/@eslint/config-array/package.json
2341 info linkStuff @eslint/plugin-kit@0.6.0
2342 silly linkStuff @eslint/plugin-kit@0.6.0 has /home/ahmed-wael/ITI/Courses/Node/Tasks/4/node_modules/eslint/node_modules as its parent node_modules
2343 verbose write writing to /home/ahmed-wael/ITI/Courses/Node/Tasks/4/node_modules/eslint/node_modules/eslint-scope/package.json
2344 silly gunzTarPerm extractEntry dist/esm/escape.d.ts.map
2345 silly gunzTarPerm modified mode [ 'dist/esm/escape.d.ts.map', 420, 436 ]
2346 silly gunzTarPerm extractEntry dist/commonjs/escape.js.map
2347 silly gunzTarPerm modified mode [ 'dist/commonjs/escape.js.map', 420, 436 ]
2348 info preinstall @eslint/config-array@0.23.1
2349 verbose linkBins @eslint/config-helpers@0.5.2
2350 verbose linkMans @eslint/config-helpers@0.5.2
2351 verbose rebuildBundles @eslint/config-helpers@0.5.2
2352 verbose linkBins @eslint/plugin-kit@0.6.0
2353 verbose linkMans @eslint/plugin-kit@0.6.0
2354 verbose rebuildBundles @eslint/plugin-kit@0.6.0
2355 info install @eslint/config-helpers@0.5.2
2356 verbose readDependencies loading dependencies from /home/ahmed-wael/ITI/Courses/Node/Tasks/4/node_modules/eslint/node_modules/@eslint/config-array/package.json
2357 info install @eslint/plugin-kit@0.6.0
2358 info preinstall eslint-scope@9.1.0
2359 info postinstall @eslint/config-helpers@0.5.2
2360 verbose readDependencies loading dependencies from /home/ahmed-wael/ITI/Courses/Node/Tasks/4/node_modules/eslint/node_modules/espree/package.json
2361 info postinstall @eslint/plugin-kit@0.6.0
2362 verbose readDependencies loading dependencies from /home/ahmed-wael/ITI/Courses/Node/Tasks/4/node_modules/eslint/node_modules/eslint-scope/package.json
2363 verbose unlock done using /home/ahmed-wael/.npm/_locks/eslint-config-helpers-a730302229f6ef15.lock for /home/ahmed-wael/ITI/Courses/Node/Tasks/4/node_modules/eslint/node_modules/@eslint/config-helpers
2364 verbose unlock done using /home/ahmed-wael/.npm/_locks/eslint-plugin-kit-5f3b26ab74d7ebe6.lock for /home/ahmed-wael/ITI/Courses/Node/Tasks/4/node_modules/eslint/node_modules/@eslint/plugin-kit
2365 silly gunzTarPerm extractEntry dist/esm/escape.js.map
2366 silly gunzTarPerm modified mode [ 'dist/esm/escape.js.map', 420, 436 ]
2367 silly gunzTarPerm extractEntry dist/commonjs/index.d.ts.map
2368 silly gunzTarPerm modified mode [ 'dist/commonjs/index.d.ts.map', 420, 436 ]
2369 silly prepareForInstallMany adding @eslint/object-schema@^3.0.1 from @eslint/config-array dependencies
2370 verbose readDependencies loading dependencies from /home/ahmed-wael/ITI/Courses/Node/Tasks/4/node_modules/eslint/node_modules/@eslint/config-array/package.json
2371 silly install resolved []
2372 verbose about to build /home/ahmed-wael/ITI/Courses/Node/Tasks/4/node_modules/eslint/node_modules/espree
2373 info build /home/ahmed-wael/ITI/Courses/Node/Tasks/4/node_modules/eslint/node_modules/espree
2374 silly gunzTarPerm extractEntry dist/esm/index.d.ts.map
2375 silly gunzTarPerm modified mode [ 'dist/esm/index.d.ts.map', 420, 436 ]
2376 silly gunzTarPerm extractEntry dist/commonjs/index.js.map
2377 silly gunzTarPerm modified mode [ 'dist/commonjs/index.js.map', 420, 436 ]
2378 silly prepareForInstallMany adding @types/esrecurse@^4.3.1 from eslint-scope dependencies
2379 verbose readDependencies loading dependencies from /home/ahmed-wael/ITI/Courses/Node/Tasks/4/node_modules/eslint/node_modules/eslint-scope/package.json
2380 info linkStuff espree@11.1.0
2381 silly linkStuff espree@11.1.0 has /home/ahmed-wael/ITI/Courses/Node/Tasks/4/node_modules/eslint/node_modules as its parent node_modules
2382 silly gunzTarPerm extractEntry dist/esm/index.js.map
2383 silly gunzTarPerm modified mode [ 'dist/esm/index.js.map', 420, 436 ]
2384 silly cache add args [ '@eslint/object-schema@^3.0.1', null ]
2385 verbose cache add spec @eslint/object-schema@^3.0.1
2386 silly cache add parsed spec Result {
2386 silly cache add   raw: '@eslint/object-schema@^3.0.1',
2386 silly cache add   scope: '@eslint',
2386 silly cache add   name: '@eslint/object-schema',
2386 silly cache add   rawSpec: '^3.0.1',
2386 silly cache add   spec: '>=3.0.1 <4.0.0',
2386 silly cache add   type: 'range'
2386 silly cache add }
2387 silly addNamed @eslint/object-schema@>=3.0.1 <4.0.0
2388 verbose addNamed ">=3.0.1 <4.0.0" is a valid semver range for @eslint/object-schema
2389 silly addNameRange {
2389 silly addNameRange   name: '@eslint/object-schema',
2389 silly addNameRange   range: '>=3.0.1 <4.0.0',
2389 silly addNameRange   hasData: false
2389 silly addNameRange }
2390 silly mapToRegistry name @eslint/object-schema
2391 silly mapToRegistry scope (from package name) @eslint
2392 verbose mapToRegistry no registry URL found in name for scope @eslint
2393 silly mapToRegistry using default registry
2394 silly mapToRegistry registry https://registry.npmjs.org/
2395 silly mapToRegistry data Result {
2395 silly mapToRegistry   raw: '@eslint/object-schema',
2395 silly mapToRegistry   scope: '@eslint',
2395 silly mapToRegistry   name: '@eslint/object-schema',
2395 silly mapToRegistry   rawSpec: '',
2395 silly mapToRegistry   spec: 'latest',
2395 silly mapToRegistry   type: 'tag'
2395 silly mapToRegistry }
2396 silly mapToRegistry uri https://registry.npmjs.org/@eslint%2fobject-schema
2397 verbose addNameRange registry:https://registry.npmjs.org/@eslint%2fobject-schema not in flight; fetching
2398 verbose request uri https://registry.npmjs.org/@eslint%2fobject-schema
2399 verbose request no auth needed
2400 info attempt registry request try #1 at 2:42:33 PM
2401 http request GET https://registry.npmjs.org/@eslint%2fobject-schema
2402 silly cache add args [ '@types/esrecurse@^4.3.1', null ]
2403 verbose cache add spec @types/esrecurse@^4.3.1
2404 silly cache add parsed spec Result {
2404 silly cache add   raw: '@types/esrecurse@^4.3.1',
2404 silly cache add   scope: '@types',
2404 silly cache add   name: '@types/esrecurse',
2404 silly cache add   rawSpec: '^4.3.1',
2404 silly cache add   spec: '>=4.3.1 <5.0.0',
2404 silly cache add   type: 'range'
2404 silly cache add }
2405 silly addNamed @types/esrecurse@>=4.3.1 <5.0.0
2406 verbose addNamed ">=4.3.1 <5.0.0" is a valid semver range for @types/esrecurse
2407 silly addNameRange { name: '@types/esrecurse', range: '>=4.3.1 <5.0.0', hasData: false }
2408 silly mapToRegistry name @types/esrecurse
2409 silly mapToRegistry scope (from package name) @types
2410 verbose mapToRegistry no registry URL found in name for scope @types
2411 silly mapToRegistry using default registry
2412 silly mapToRegistry registry https://registry.npmjs.org/
2413 silly mapToRegistry data Result {
2413 silly mapToRegistry   raw: '@types/esrecurse',
2413 silly mapToRegistry   scope: '@types',
2413 silly mapToRegistry   name: '@types/esrecurse',
2413 silly mapToRegistry   rawSpec: '',
2413 silly mapToRegistry   spec: 'latest',
2413 silly mapToRegistry   type: 'tag'
2413 silly mapToRegistry }
2414 silly mapToRegistry uri https://registry.npmjs.org/@types%2fesrecurse
2415 verbose addNameRange registry:https://registry.npmjs.org/@types%2fesrecurse not in flight; fetching
2416 verbose linkBins espree@11.1.0
2417 verbose linkMans espree@11.1.0
2418 verbose rebuildBundles espree@11.1.0
2419 verbose request uri https://registry.npmjs.org/@types%2fesrecurse
2420 verbose request no auth needed
2421 info attempt registry request try #1 at 2:42:33 PM
2422 http request GET https://registry.npmjs.org/@types%2fesrecurse
2423 info install espree@11.1.0
2424 info postinstall espree@11.1.0
2425 silly gunzTarPerm extractEntry dist/commonjs/unescape.d.ts.map
2426 silly gunzTarPerm modified mode [ 'dist/commonjs/unescape.d.ts.map', 420, 436 ]
2427 verbose unlock done using /home/ahmed-wael/.npm/_locks/espree-57bcbc5d931626d3.lock for /home/ahmed-wael/ITI/Courses/Node/Tasks/4/node_modules/eslint/node_modules/espree
2428 silly gunzTarPerm extractEntry dist/esm/unescape.d.ts.map
2429 silly gunzTarPerm modified mode [ 'dist/esm/unescape.d.ts.map', 420, 436 ]
2430 silly gunzTarPerm extractEntry dist/commonjs/unescape.js.map
2431 silly gunzTarPerm modified mode [ 'dist/commonjs/unescape.js.map', 420, 436 ]
2432 silly gunzTarPerm extractEntry dist/esm/unescape.js.map
2433 silly gunzTarPerm modified mode [ 'dist/esm/unescape.js.map', 420, 436 ]
2434 silly gunzTarPerm extractEntry LICENSE.md
2435 silly gunzTarPerm modified mode [ 'LICENSE.md', 420, 436 ]
2436 silly gunzTarPerm extractEntry README.md
2437 silly gunzTarPerm modified mode [ 'README.md', 420, 436 ]
2438 silly gunzTarPerm extractEntry dist/commonjs/assert-valid-pattern.d.ts
2439 silly gunzTarPerm modified mode [ 'dist/commonjs/assert-valid-pattern.d.ts', 420, 436 ]
2440 silly gunzTarPerm extractEntry dist/esm/assert-valid-pattern.d.ts
2441 silly gunzTarPerm modified mode [ 'dist/esm/assert-valid-pattern.d.ts', 420, 436 ]
2442 silly gunzTarPerm extractEntry dist/commonjs/ast.d.ts
2443 silly gunzTarPerm modified mode [ 'dist/commonjs/ast.d.ts', 420, 436 ]
2444 silly gunzTarPerm extractEntry dist/esm/ast.d.ts
2445 silly gunzTarPerm modified mode [ 'dist/esm/ast.d.ts', 420, 436 ]
2446 silly gunzTarPerm extractEntry dist/commonjs/brace-expressions.d.ts
2447 silly gunzTarPerm modified mode [ 'dist/commonjs/brace-expressions.d.ts', 420, 436 ]
2448 silly gunzTarPerm extractEntry dist/esm/brace-expressions.d.ts
2449 silly gunzTarPerm modified mode [ 'dist/esm/brace-expressions.d.ts', 420, 436 ]
2450 silly gunzTarPerm extractEntry dist/commonjs/escape.d.ts
2451 silly gunzTarPerm modified mode [ 'dist/commonjs/escape.d.ts', 420, 436 ]
2452 silly gunzTarPerm extractEntry dist/esm/escape.d.ts
2453 silly gunzTarPerm modified mode [ 'dist/esm/escape.d.ts', 420, 436 ]
2454 silly gunzTarPerm extractEntry dist/commonjs/index.d.ts
2455 silly gunzTarPerm modified mode [ 'dist/commonjs/index.d.ts', 420, 436 ]
2456 silly gunzTarPerm extractEntry dist/esm/index.d.ts
2457 silly gunzTarPerm modified mode [ 'dist/esm/index.d.ts', 420, 436 ]
2458 silly gunzTarPerm extractEntry dist/commonjs/unescape.d.ts
2459 silly gunzTarPerm modified mode [ 'dist/commonjs/unescape.d.ts', 420, 436 ]
2460 silly gunzTarPerm extractEntry dist/esm/unescape.d.ts
2461 silly gunzTarPerm modified mode [ 'dist/esm/unescape.d.ts', 420, 436 ]
2462 verbose write writing to /home/ahmed-wael/ITI/Courses/Node/Tasks/4/node_modules/eslint/node_modules/minimatch/package.json
2463 info preinstall minimatch@10.2.0
2464 verbose readDependencies loading dependencies from /home/ahmed-wael/ITI/Courses/Node/Tasks/4/node_modules/eslint/node_modules/minimatch/package.json
2465 silly prepareForInstallMany adding brace-expansion@^5.0.2 from minimatch dependencies
2466 verbose readDependencies loading dependencies from /home/ahmed-wael/ITI/Courses/Node/Tasks/4/node_modules/eslint/node_modules/minimatch/package.json
2467 silly cache add args [ 'brace-expansion@^5.0.2', null ]
2468 verbose cache add spec brace-expansion@^5.0.2
2469 silly cache add parsed spec Result {
2469 silly cache add   raw: 'brace-expansion@^5.0.2',
2469 silly cache add   scope: null,
2469 silly cache add   name: 'brace-expansion',
2469 silly cache add   rawSpec: '^5.0.2',
2469 silly cache add   spec: '>=5.0.2 <6.0.0',
2469 silly cache add   type: 'range'
2469 silly cache add }
2470 silly addNamed brace-expansion@>=5.0.2 <6.0.0
2471 verbose addNamed ">=5.0.2 <6.0.0" is a valid semver range for brace-expansion
2472 silly addNameRange { name: 'brace-expansion', range: '>=5.0.2 <6.0.0', hasData: false }
2473 silly mapToRegistry name brace-expansion
2474 silly mapToRegistry using default registry
2475 silly mapToRegistry registry https://registry.npmjs.org/
2476 silly mapToRegistry data Result {
2476 silly mapToRegistry   raw: 'brace-expansion',
2476 silly mapToRegistry   scope: null,
2476 silly mapToRegistry   name: 'brace-expansion',
2476 silly mapToRegistry   rawSpec: '',
2476 silly mapToRegistry   spec: 'latest',
2476 silly mapToRegistry   type: 'tag'
2476 silly mapToRegistry }
2477 silly mapToRegistry uri https://registry.npmjs.org/brace-expansion
2478 verbose addNameRange registry:https://registry.npmjs.org/brace-expansion not in flight; fetching
2479 verbose request uri https://registry.npmjs.org/brace-expansion
2480 verbose request no auth needed
2481 info attempt registry request try #1 at 2:42:33 PM
2482 verbose etag W/"0276badab7cc1b5f86baae02951eaebc"
2483 verbose lastModified Wed, 11 Jun 2025 08:52:59 GMT
2484 http request GET https://registry.npmjs.org/brace-expansion
2485 http 200 https://registry.npmjs.org/@eslint%2fobject-schema
2486 verbose headers {
2486 verbose headers   date: 'Sun, 15 Feb 2026 12:42:33 GMT',
2486 verbose headers   'content-type': 'application/json',
2486 verbose headers   'transfer-encoding': 'chunked',
2486 verbose headers   connection: 'keep-alive',
2486 verbose headers   'content-encoding': 'gzip',
2486 verbose headers   'cf-ray': '9ce4e2c55eb4ed58-MXP',
2486 verbose headers   'cf-cache-status': 'HIT',
2486 verbose headers   'access-control-allow-origin': '*',
2486 verbose headers   age: '218',
2486 verbose headers   'cache-control': 'public, max-age=300',
2486 verbose headers   etag: 'W/"0e14d903f00bedbce600ea0199a70de0"',
2486 verbose headers   'last-modified': 'Sat, 07 Feb 2026 00:02:09 GMT',
2486 verbose headers   vary: 'accept-encoding, accept',
2486 verbose headers   'set-cookie': [
2486 verbose headers     '_cfuvid=fbQ1Q3C4fBk.osRggxqrIgqN6q5umO1NZUa8JTWwBOY-1771159353402-0.0.1.1-604800000; path=/; domain=.npmjs.org; HttpOnly; Secure; SameSite=None'
2486 verbose headers   ],
2486 verbose headers   server: 'cloudflare'
2486 verbose headers }
2487 silly get cb [
2487 silly get   200,
2487 silly get   {
2487 silly get     date: 'Sun, 15 Feb 2026 12:42:33 GMT',
2487 silly get     'content-type': 'application/json',
2487 silly get     'transfer-encoding': 'chunked',
2487 silly get     connection: 'keep-alive',
2487 silly get     'content-encoding': 'gzip',
2487 silly get     'cf-ray': '9ce4e2c55eb4ed58-MXP',
2487 silly get     'cf-cache-status': 'HIT',
2487 silly get     'access-control-allow-origin': '*',
2487 silly get     age: '218',
2487 silly get     'cache-control': 'public, max-age=300',
2487 silly get     etag: 'W/"0e14d903f00bedbce600ea0199a70de0"',
2487 silly get     'last-modified': 'Sat, 07 Feb 2026 00:02:09 GMT',
2487 silly get     vary: 'accept-encoding, accept',
2487 silly get     'set-cookie': [
2487 silly get       '_cfuvid=fbQ1Q3C4fBk.osRggxqrIgqN6q5umO1NZUa8JTWwBOY-1771159353402-0.0.1.1-604800000; path=/; domain=.npmjs.org; HttpOnly; Secure; SameSite=None'
2487 silly get     ],
2487 silly get     server: 'cloudflare'
2487 silly get   }
2487 silly get ]
2488 verbose get saving @eslint/object-schema to /home/ahmed-wael/.npm/registry.npmjs.org/_40eslint_252fobject-schema/.cache.json
2489 verbose correctMkdir /home/ahmed-wael/.npm correctMkdir not in flight; initializing
2490 silly addNameRange number 2 {
2490 silly addNameRange   name: '@eslint/object-schema',
2490 silly addNameRange   range: '>=3.0.1 <4.0.0',
2490 silly addNameRange   hasData: true
2490 silly addNameRange }
2491 silly addNameRange versions [
2491 silly addNameRange   '@eslint/object-schema',
2491 silly addNameRange   [
2491 silly addNameRange     '2.1.3', '2.1.4',
2491 silly addNameRange     '2.1.5', '2.1.6',
2491 silly addNameRange     '2.1.7', '3.0.0',
2491 silly addNameRange     '3.0.1'
2491 silly addNameRange   ]
2491 silly addNameRange ]
2492 silly addNamed @eslint/object-schema@3.0.1
2493 verbose addNamed "3.0.1" is a plain semver version for @eslint/object-schema
2494 silly mapToRegistry name @eslint/object-schema
2495 silly mapToRegistry scope (from package name) @eslint
2496 verbose mapToRegistry no registry URL found in name for scope @eslint
2497 silly mapToRegistry using default registry
2498 silly mapToRegistry registry https://registry.npmjs.org/
2499 silly mapToRegistry data Result {
2499 silly mapToRegistry   raw: '@eslint/object-schema',
2499 silly mapToRegistry   scope: '@eslint',
2499 silly mapToRegistry   name: '@eslint/object-schema',
2499 silly mapToRegistry   rawSpec: '',
2499 silly mapToRegistry   spec: 'latest',
2499 silly mapToRegistry   type: 'tag'
2499 silly mapToRegistry }
2500 silly mapToRegistry uri https://registry.npmjs.org/@eslint%2fobject-schema
2501 verbose addRemoteTarball https://registry.npmjs.org/@eslint/object-schema/-/object-schema-3.0.1.tgz not in flight; adding
2502 verbose addRemoteTarball [
2502 verbose addRemoteTarball   'https://registry.npmjs.org/@eslint/object-schema/-/object-schema-3.0.1.tgz',
2502 verbose addRemoteTarball   '9a1dc9af00d790dc79a9bf57a756e3cb2740ddb9'
2502 verbose addRemoteTarball ]
2503 info retry fetch attempt 1 at 2:42:33 PM
2504 info attempt registry request try #1 at 2:42:33 PM
2505 http fetch GET https://registry.npmjs.org/@eslint/object-schema/-/object-schema-3.0.1.tgz
2506 http fetch 200 https://registry.npmjs.org/@eslint/object-schema/-/object-schema-3.0.1.tgz
2507 silly fetchAndShaCheck shasum 9a1dc9af00d790dc79a9bf57a756e3cb2740ddb9
2508 verbose addTmpTarball /tmp/npm-9435-555b3955/registry.npmjs.org/_40eslint/object-schema/-/object-schema-3.0.1.tgz not in flight; adding
2509 verbose addTmpTarball already have metadata; skipping unpack for @eslint/object-schema@3.0.1
2510 verbose correctMkdir /home/ahmed-wael/.npm correctMkdir not in flight; initializing
2511 silly cache afterAdd @eslint/object-schema@3.0.1
2512 verbose afterAdd /home/ahmed-wael/.npm/@eslint/object-schema/3.0.1/package/package.json not in flight; writing
2513 verbose correctMkdir /home/ahmed-wael/.npm correctMkdir not in flight; initializing
2514 verbose afterAdd /home/ahmed-wael/.npm/@eslint/object-schema/3.0.1/package/package.json written
2515 silly install resolved [
2515 silly install resolved   {
2515 silly install resolved     name: '@eslint/object-schema',
2515 silly install resolved     version: '3.0.1',
2515 silly install resolved     description: 'An object schema merger/validator',
2515 silly install resolved     type: 'module',
2515 silly install resolved     main: 'dist/esm/index.js',
2515 silly install resolved     types: 'dist/esm/index.d.ts',
2515 silly install resolved     exports: { require: [Object], import: [Object] },
2515 silly install resolved     publishConfig: { access: 'public' },
2515 silly install resolved     directories: { test: 'tests' },
2515 silly install resolved     scripts: {
2515 silly install resolved       'build:dedupe-types': 'node ../../tools/dedupe-types.js dist/cjs/index.cjs dist/esm/index.js',
2515 silly install resolved       'build:cts': 'node ../../tools/build-cts.js dist/esm/index.d.ts dist/cjs/index.d.cts',
2515 silly install resolved       build: 'rollup -c && npm run build:dedupe-types && tsc -p tsconfig.esm.json && npm run build:cts',
2515 silly install resolved       'lint:types': 'attw --pack',
2515 silly install resolved       pretest: 'npm run build',
2515 silly install resolved       test: 'npm run test:types && npm run test:unit',
2515 silly install resolved       'test:coverage': 'c8 npm run test:unit',
2515 silly install resolved       'test:jsr': 'npx -y jsr@latest publish --dry-run',
2515 silly install resolved       'test:types': 'tsc -p tests/types/tsconfig.json',
2515 silly install resolved       'test:unit': 'mocha "tests/**/*.test.js"'
2515 silly install resolved     },
2515 silly install resolved     repository: {
2515 silly install resolved       type: 'git',
2515 silly install resolved       url: 'git+https://github.com/eslint/rewrite.git',
2515 silly install resolved       directory: 'packages/object-schema'
2515 silly install resolved     },
2515 silly install resolved     keywords: [ 'object', 'validation', 'schema', 'merge' ],
2515 silly install resolved     author: { name: 'Nicholas C. Zakas' },
2515 silly install resolved     license: 'Apache-2.0',
2515 silly install resolved     bugs: { url: 'https://github.com/eslint/rewrite/issues' },
2515 silly install resolved     homepage: 'https://github.com/eslint/rewrite/tree/main/packages/object-schema#readme',
2515 silly install resolved     devDependencies: { 'rollup-plugin-copy': '^3.5.0' },
2515 silly install resolved     engines: { node: '^20.19.0 || ^22.13.0 || >=24' },
2515 silly install resolved     gitHead: '0f972f9282d1babf881deeb12b01375f1147d24f',
2515 silly install resolved     _id: '@eslint/object-schema@3.0.1',
2515 silly install resolved     _nodeVersion: '24.13.0',
2515 silly install resolved     _npmVersion: '11.9.0',
2515 silly install resolved     dist: {
2515 silly install resolved       integrity: 'sha512-P9cq2dpr+LU8j3qbLygLcSZrl2/ds/pUpfnHNNuk5HW7mnngHs+6WSq5C9mO3rqRX8A1poxqLTC9cu0KOyJlBg==',
2515 silly install resolved       shasum: '9a1dc9af00d790dc79a9bf57a756e3cb2740ddb9',
2515 silly install resolved       tarball: 'https://registry.npmjs.org/@eslint/object-schema/-/object-schema-3.0.1.tgz',
2515 silly install resolved       fileCount: 10,
2515 silly install resolved       unpackedSize: 58226,
2515 silly install resolved       attestations: [Object],
2515 silly install resolved       signatures: [Array]
2515 silly install resolved     },
2515 silly install resolved     _npmUser: {
2515 silly install resolved       name: 'GitHub Actions',
2515 silly install resolved       email: 'npm-oidc-no-reply@github.com',
2515 silly install resolved       trustedPublisher: [Object]
2515 silly install resolved     },
2515 silly install resolved     maintainers: [ [Object], [Object] ],
2515 silly install resolved     _npmOperationalInternal: {
2515 silly install resolved       host: 's3://npm-registry-packages-npm-production',
2515 silly install resolved       tmp: 'tmp/object-schema_3.0.1_1770422527218_0.3342435392610974'
2515 silly install resolved     },
2515 silly install resolved     _hasShrinkwrap: false,
2515 silly install resolved     _shasum: '9a1dc9af00d790dc79a9bf57a756e3cb2740ddb9',
2515 silly install resolved     _resolved: 'https://registry.npmjs.org/@eslint/object-schema/-/object-schema-3.0.1.tgz',
2515 silly install resolved     _from: '@eslint/object-schema@>=3.0.1 <4.0.0'
2515 silly install resolved   }
2515 silly install resolved ]
2516 info install @eslint/object-schema@3.0.1 into /home/ahmed-wael/ITI/Courses/Node/Tasks/4/node_modules/eslint/node_modules/@eslint/config-array
2517 info installOne @eslint/object-schema@3.0.1
2518 verbose installOne of @eslint/object-schema to /home/ahmed-wael/ITI/Courses/Node/Tasks/4/node_modules/eslint/node_modules/@eslint/config-array not in flight; installing
2519 verbose correctMkdir /home/ahmed-wael/.npm/_locks correctMkdir not in flight; initializing
2520 verbose lock using /home/ahmed-wael/.npm/_locks/eslint-object-schema-43529c7f3f629d24.lock for /home/ahmed-wael/ITI/Courses/Node/Tasks/4/node_modules/eslint/node_modules/@eslint/config-array/node_modules/@eslint/object-schema
2521 silly install write writing @eslint/object-schema 3.0.1 to /home/ahmed-wael/ITI/Courses/Node/Tasks/4/node_modules/eslint/node_modules/@eslint/config-array/node_modules/@eslint/object-schema
2522 verbose unbuild node_modules/eslint/node_modules/@eslint/config-array/node_modules/@eslint/object-schema
2523 silly gentlyRm /home/ahmed-wael/ITI/Courses/Node/Tasks/4/node_modules/eslint/node_modules/@eslint/config-array/node_modules/@eslint/object-schema is being purged from base /home/ahmed-wael/ITI/Courses/Node/Tasks/4
2524 verbose gentlyRm don't care about contents; nuking /home/ahmed-wael/ITI/Courses/Node/Tasks/4/node_modules/eslint/node_modules/@eslint/config-array/node_modules/@eslint/object-schema
2525 verbose tar unpack /home/ahmed-wael/.npm/@eslint/object-schema/3.0.1/package.tgz
2526 verbose tar unpacking to /home/ahmed-wael/ITI/Courses/Node/Tasks/4/node_modules/eslint/node_modules/@eslint/config-array/node_modules/@eslint/object-schema
2527 silly gentlyRm /home/ahmed-wael/ITI/Courses/Node/Tasks/4/node_modules/eslint/node_modules/@eslint/config-array/node_modules/@eslint/object-schema is being purged
2528 verbose gentlyRm don't care about contents; nuking /home/ahmed-wael/ITI/Courses/Node/Tasks/4/node_modules/eslint/node_modules/@eslint/config-array/node_modules/@eslint/object-schema
2529 silly gunzTarPerm modes [ '775', '664' ]
2530 silly gunzTarPerm extractEntry LICENSE
2531 silly gunzTarPerm modified mode [ 'LICENSE', 420, 436 ]
2532 silly gunzTarPerm extractEntry dist/cjs/index.cjs
2533 silly gunzTarPerm modified mode [ 'dist/cjs/index.cjs', 420, 436 ]
2534 silly gunzTarPerm extractEntry dist/cjs/index.d.cts
2535 silly gunzTarPerm modified mode [ 'dist/cjs/index.d.cts', 420, 436 ]
2536 silly gunzTarPerm extractEntry dist/cjs/types.cts
2537 silly gunzTarPerm modified mode [ 'dist/cjs/types.cts', 420, 436 ]
2538 silly gunzTarPerm extractEntry dist/esm/index.js
2539 silly gunzTarPerm modified mode [ 'dist/esm/index.js', 420, 436 ]
2540 silly gunzTarPerm extractEntry package.json
2541 silly gunzTarPerm modified mode [ 'package.json', 420, 436 ]
2542 silly gunzTarPerm extractEntry README.md
2543 silly gunzTarPerm modified mode [ 'README.md', 420, 436 ]
2544 silly gunzTarPerm extractEntry dist/esm/index.d.ts
2545 silly gunzTarPerm modified mode [ 'dist/esm/index.d.ts', 420, 436 ]
2546 silly gunzTarPerm extractEntry dist/esm/types.d.ts
2547 silly gunzTarPerm modified mode [ 'dist/esm/types.d.ts', 420, 436 ]
2548 silly gunzTarPerm extractEntry dist/esm/types.ts
2549 silly gunzTarPerm modified mode [ 'dist/esm/types.ts', 420, 436 ]
2550 verbose write writing to /home/ahmed-wael/ITI/Courses/Node/Tasks/4/node_modules/eslint/node_modules/@eslint/config-array/node_modules/@eslint/object-schema/package.json
2551 info preinstall @eslint/object-schema@3.0.1
2552 verbose readDependencies loading dependencies from /home/ahmed-wael/ITI/Courses/Node/Tasks/4/node_modules/eslint/node_modules/@eslint/config-array/node_modules/@eslint/object-schema/package.json
2553 verbose readDependencies loading dependencies from /home/ahmed-wael/ITI/Courses/Node/Tasks/4/node_modules/eslint/node_modules/@eslint/config-array/node_modules/@eslint/object-schema/package.json
2554 silly install resolved []
2555 verbose about to build /home/ahmed-wael/ITI/Courses/Node/Tasks/4/node_modules/eslint/node_modules/@eslint/config-array/node_modules/@eslint/object-schema
2556 info build /home/ahmed-wael/ITI/Courses/Node/Tasks/4/node_modules/eslint/node_modules/@eslint/config-array/node_modules/@eslint/object-schema
2557 info linkStuff @eslint/object-schema@3.0.1
2558 silly linkStuff @eslint/object-schema@3.0.1 has /home/ahmed-wael/ITI/Courses/Node/Tasks/4/node_modules/eslint/node_modules/@eslint/config-array/node_modules as its parent node_modules
2559 verbose linkBins @eslint/object-schema@3.0.1
2560 verbose linkMans @eslint/object-schema@3.0.1
2561 verbose rebuildBundles @eslint/object-schema@3.0.1
2562 info install @eslint/object-schema@3.0.1
2563 info postinstall @eslint/object-schema@3.0.1
2564 verbose unlock done using /home/ahmed-wael/.npm/_locks/eslint-object-schema-43529c7f3f629d24.lock for /home/ahmed-wael/ITI/Courses/Node/Tasks/4/node_modules/eslint/node_modules/@eslint/config-array/node_modules/@eslint/object-schema
2565 verbose about to build /home/ahmed-wael/ITI/Courses/Node/Tasks/4/node_modules/eslint/node_modules/@eslint/config-array
2566 info build /home/ahmed-wael/ITI/Courses/Node/Tasks/4/node_modules/eslint/node_modules/@eslint/config-array
2567 info linkStuff @eslint/config-array@0.23.1
2568 silly linkStuff @eslint/config-array@0.23.1 has /home/ahmed-wael/ITI/Courses/Node/Tasks/4/node_modules/eslint/node_modules as its parent node_modules
2569 verbose linkBins @eslint/config-array@0.23.1
2570 verbose linkMans @eslint/config-array@0.23.1
2571 verbose rebuildBundles @eslint/config-array@0.23.1
2572 verbose rebuildBundles [ '@eslint' ]
2573 info install @eslint/config-array@0.23.1
2574 info postinstall @eslint/config-array@0.23.1
2575 verbose unlock done using /home/ahmed-wael/.npm/_locks/eslint-config-array-625e0c0a267bb0b8.lock for /home/ahmed-wael/ITI/Courses/Node/Tasks/4/node_modules/eslint/node_modules/@eslint/config-array
2576 http 200 https://registry.npmjs.org/@types%2fesrecurse
2577 verbose headers {
2577 verbose headers   date: 'Sun, 15 Feb 2026 12:42:33 GMT',
2577 verbose headers   'content-type': 'application/json',
2577 verbose headers   'transfer-encoding': 'chunked',
2577 verbose headers   connection: 'keep-alive',
2577 verbose headers   'content-encoding': 'gzip',
2577 verbose headers   'cf-ray': '9ce4e2c55a564bee-MXP',
2577 verbose headers   'cf-cache-status': 'HIT',
2577 verbose headers   'access-control-allow-origin': '*',
2577 verbose headers   age: '247',
2577 verbose headers   'cache-control': 'public, max-age=300',
2577 verbose headers   etag: 'W/"424442133087e76daabf750e9bc6a75d"',
2577 verbose headers   'last-modified': 'Sun, 03 Aug 2025 06:41:27 GMT',
2577 verbose headers   vary: 'accept-encoding, accept',
2577 verbose headers   'set-cookie': [
2577 verbose headers     '_cfuvid=zOBLZkYaO1TEQvSiC2gOOBSGZhgyELc0vaczT983djQ-1771159353207-0.0.1.1-604800000; path=/; domain=.npmjs.org; HttpOnly; Secure; SameSite=None'
2577 verbose headers   ],
2577 verbose headers   server: 'cloudflare'
2577 verbose headers }
2578 silly get cb [
2578 silly get   200,
2578 silly get   {
2578 silly get     date: 'Sun, 15 Feb 2026 12:42:33 GMT',
2578 silly get     'content-type': 'application/json',
2578 silly get     'transfer-encoding': 'chunked',
2578 silly get     connection: 'keep-alive',
2578 silly get     'content-encoding': 'gzip',
2578 silly get     'cf-ray': '9ce4e2c55a564bee-MXP',
2578 silly get     'cf-cache-status': 'HIT',
2578 silly get     'access-control-allow-origin': '*',
2578 silly get     age: '247',
2578 silly get     'cache-control': 'public, max-age=300',
2578 silly get     etag: 'W/"424442133087e76daabf750e9bc6a75d"',
2578 silly get     'last-modified': 'Sun, 03 Aug 2025 06:41:27 GMT',
2578 silly get     vary: 'accept-encoding, accept',
2578 silly get     'set-cookie': [
2578 silly get       '_cfuvid=zOBLZkYaO1TEQvSiC2gOOBSGZhgyELc0vaczT983djQ-1771159353207-0.0.1.1-604800000; path=/; domain=.npmjs.org; HttpOnly; Secure; SameSite=None'
2578 silly get     ],
2578 silly get     server: 'cloudflare'
2578 silly get   }
2578 silly get ]
2579 verbose get saving @types/esrecurse to /home/ahmed-wael/.npm/registry.npmjs.org/_40types_252fesrecurse/.cache.json
2580 verbose correctMkdir /home/ahmed-wael/.npm correctMkdir not in flight; initializing
2581 silly addNameRange number 2 { name: '@types/esrecurse', range: '>=4.3.1 <5.0.0', hasData: true }
2582 silly addNameRange versions [ '@types/esrecurse', [ '4.3.0', '4.3.1' ] ]
2583 silly addNamed @types/esrecurse@4.3.1
2584 verbose addNamed "4.3.1" is a plain semver version for @types/esrecurse
2585 silly mapToRegistry name @types/esrecurse
2586 silly mapToRegistry scope (from package name) @types
2587 verbose mapToRegistry no registry URL found in name for scope @types
2588 silly mapToRegistry using default registry
2589 silly mapToRegistry registry https://registry.npmjs.org/
2590 silly mapToRegistry data Result {
2590 silly mapToRegistry   raw: '@types/esrecurse',
2590 silly mapToRegistry   scope: '@types',
2590 silly mapToRegistry   name: '@types/esrecurse',
2590 silly mapToRegistry   rawSpec: '',
2590 silly mapToRegistry   spec: 'latest',
2590 silly mapToRegistry   type: 'tag'
2590 silly mapToRegistry }
2591 silly mapToRegistry uri https://registry.npmjs.org/@types%2fesrecurse
2592 verbose addRemoteTarball https://registry.npmjs.org/@types/esrecurse/-/esrecurse-4.3.1.tgz not in flight; adding
2593 verbose addRemoteTarball [
2593 verbose addRemoteTarball   'https://registry.npmjs.org/@types/esrecurse/-/esrecurse-4.3.1.tgz',
2593 verbose addRemoteTarball   '6f636af962fbe6191b830bd676ba5986926bccec'
2593 verbose addRemoteTarball ]
2594 info retry fetch attempt 1 at 2:42:33 PM
2595 info attempt registry request try #1 at 2:42:33 PM
2596 http fetch GET https://registry.npmjs.org/@types/esrecurse/-/esrecurse-4.3.1.tgz
2597 http 200 https://registry.npmjs.org/brace-expansion
2598 verbose headers {
2598 verbose headers   date: 'Sun, 15 Feb 2026 12:42:33 GMT',
2598 verbose headers   'content-type': 'application/json',
2598 verbose headers   'transfer-encoding': 'chunked',
2598 verbose headers   connection: 'keep-alive',
2598 verbose headers   'content-encoding': 'gzip',
2598 verbose headers   'cf-ray': '9ce4e2c589a65243-MXP',
2598 verbose headers   'cf-cache-status': 'HIT',
2598 verbose headers   'access-control-allow-origin': '*',
2598 verbose headers   age: '125',
2598 verbose headers   'cache-control': 'public, max-age=300',
2598 verbose headers   etag: 'W/"60c33b9b952ef01fbd01d32bcc9b6eba"',
2598 verbose headers   'last-modified': 'Thu, 12 Feb 2026 08:18:56 GMT',
2598 verbose headers   vary: 'accept-encoding, accept',
2598 verbose headers   'set-cookie': [
2598 verbose headers     '_cfuvid=M.jS5aA0Hl43YC1Et.BLbgI1C74I5HRo1PCdxiEX1Uc-1771159353224-0.0.1.1-604800000; path=/; domain=.npmjs.org; HttpOnly; Secure; SameSite=None'
2598 verbose headers   ],
2598 verbose headers   server: 'cloudflare'
2598 verbose headers }
2599 silly get cb [
2599 silly get   200,
2599 silly get   {
2599 silly get     date: 'Sun, 15 Feb 2026 12:42:33 GMT',
2599 silly get     'content-type': 'application/json',
2599 silly get     'transfer-encoding': 'chunked',
2599 silly get     connection: 'keep-alive',
2599 silly get     'content-encoding': 'gzip',
2599 silly get     'cf-ray': '9ce4e2c589a65243-MXP',
2599 silly get     'cf-cache-status': 'HIT',
2599 silly get     'access-control-allow-origin': '*',
2599 silly get     age: '125',
2599 silly get     'cache-control': 'public, max-age=300',
2599 silly get     etag: 'W/"60c33b9b952ef01fbd01d32bcc9b6eba"',
2599 silly get     'last-modified': 'Thu, 12 Feb 2026 08:18:56 GMT',
2599 silly get     vary: 'accept-encoding, accept',
2599 silly get     'set-cookie': [
2599 silly get       '_cfuvid=M.jS5aA0Hl43YC1Et.BLbgI1C74I5HRo1PCdxiEX1Uc-1771159353224-0.0.1.1-604800000; path=/; domain=.npmjs.org; HttpOnly; Secure; SameSite=None'
2599 silly get     ],
2599 silly get     server: 'cloudflare'
2599 silly get   }
2599 silly get ]
2600 verbose get saving brace-expansion to /home/ahmed-wael/.npm/registry.npmjs.org/brace-expansion/.cache.json
2601 verbose correctMkdir /home/ahmed-wael/.npm correctMkdir not in flight; initializing
2602 silly addNameRange number 2 { name: 'brace-expansion', range: '>=5.0.2 <6.0.0', hasData: true }
2603 silly addNameRange versions [
2603 silly addNameRange   'brace-expansion',
2603 silly addNameRange   [
2603 silly addNameRange     '0.0.0', '1.0.0',  '1.0.1',
2603 silly addNameRange     '1.1.0', '1.1.1',  '1.1.2',
2603 silly addNameRange     '1.1.3', '1.1.4',  '1.1.5',
2603 silly addNameRange     '1.1.6', '1.1.7',  '1.1.8',
2603 silly addNameRange     '1.1.9', '1.1.10', '1.1.11',
2603 silly addNameRange     '2.0.0', '2.0.1',  '3.0.0',
2603 silly addNameRange     '4.0.0', '4.0.1',  '3.0.1',
2603 silly addNameRange     '2.0.2', '1.1.12', '5.0.2'
2603 silly addNameRange   ]
2603 silly addNameRange ]
2604 silly addNamed brace-expansion@5.0.2
2605 verbose addNamed "5.0.2" is a plain semver version for brace-expansion
2606 silly mapToRegistry name brace-expansion
2607 silly mapToRegistry using default registry
2608 silly mapToRegistry registry https://registry.npmjs.org/
2609 silly mapToRegistry data Result {
2609 silly mapToRegistry   raw: 'brace-expansion',
2609 silly mapToRegistry   scope: null,
2609 silly mapToRegistry   name: 'brace-expansion',
2609 silly mapToRegistry   rawSpec: '',
2609 silly mapToRegistry   spec: 'latest',
2609 silly mapToRegistry   type: 'tag'
2609 silly mapToRegistry }
2610 silly mapToRegistry uri https://registry.npmjs.org/brace-expansion
2611 verbose addRemoteTarball https://registry.npmjs.org/brace-expansion/-/brace-expansion-5.0.2.tgz not in flight; adding
2612 verbose addRemoteTarball [
2612 verbose addRemoteTarball   'https://registry.npmjs.org/brace-expansion/-/brace-expansion-5.0.2.tgz',
2612 verbose addRemoteTarball   'b6c16d0791087af6c2bc463f52a8142046c06b6f'
2612 verbose addRemoteTarball ]
2613 info retry fetch attempt 1 at 2:42:33 PM
2614 info attempt registry request try #1 at 2:42:33 PM
2615 http fetch GET https://registry.npmjs.org/brace-expansion/-/brace-expansion-5.0.2.tgz
2616 http fetch 200 https://registry.npmjs.org/@types/esrecurse/-/esrecurse-4.3.1.tgz
2617 silly fetchAndShaCheck shasum 6f636af962fbe6191b830bd676ba5986926bccec
2618 verbose addTmpTarball /tmp/npm-9435-555b3955/registry.npmjs.org/_40types/esrecurse/-/esrecurse-4.3.1.tgz not in flight; adding
2619 verbose addTmpTarball already have metadata; skipping unpack for @types/esrecurse@4.3.1
2620 verbose correctMkdir /home/ahmed-wael/.npm correctMkdir not in flight; initializing
2621 silly cache afterAdd @types/esrecurse@4.3.1
2622 verbose afterAdd /home/ahmed-wael/.npm/@types/esrecurse/4.3.1/package/package.json not in flight; writing
2623 verbose correctMkdir /home/ahmed-wael/.npm correctMkdir not in flight; initializing
2624 verbose afterAdd /home/ahmed-wael/.npm/@types/esrecurse/4.3.1/package/package.json written
2625 silly install resolved [
2625 silly install resolved   {
2625 silly install resolved     name: '@types/esrecurse',
2625 silly install resolved     version: '4.3.1',
2625 silly install resolved     license: 'MIT',
2625 silly install resolved     _id: '@types/esrecurse@4.3.1',
2625 silly install resolved     maintainers: [ [Object] ],
2625 silly install resolved     contributors: [ [Object] ],
2625 silly install resolved     homepage: 'https://github.com/DefinitelyTyped/DefinitelyTyped/tree/master/types/esrecurse',
2625 silly install resolved     dist: {
2625 silly install resolved       shasum: '6f636af962fbe6191b830bd676ba5986926bccec',
2625 silly install resolved       tarball: 'https://registry.npmjs.org/@types/esrecurse/-/esrecurse-4.3.1.tgz',
2625 silly install resolved       fileCount: 5,
2625 silly install resolved       integrity: 'sha512-xJBAbDifo5hpffDBuHl0Y8ywswbiAp/Wi7Y/GtAgSlZyIABppyurxVueOPE8LUQOxdlgi6Zqce7uoEpqNTeiUw==',
2625 silly install resolved       signatures: [Array],
2625 silly install resolved       unpackedSize: 5347
2625 silly install resolved     },
2625 silly install resolved     main: '',
2625 silly install resolved     types: 'index.d.ts',
2625 silly install resolved     scripts: {},
2625 silly install resolved     _npmUser: { name: 'types', email: 'ts-npm-types@microsoft.com' },
2625 silly install resolved     repository: {
2625 silly install resolved       url: 'https://github.com/DefinitelyTyped/DefinitelyTyped.git',
2625 silly install resolved       type: 'git',
2625 silly install resolved       directory: 'types/esrecurse'
2625 silly install resolved     },
2625 silly install resolved     description: 'TypeScript definitions for esrecurse',
2625 silly install resolved     directories: {},
2625 silly install resolved     dependencies: {},
2625 silly install resolved     _hasShrinkwrap: false,
2625 silly install resolved     peerDependencies: {},
2625 silly install resolved     typeScriptVersion: '5.1',
2625 silly install resolved     _npmOperationalInternal: {
2625 silly install resolved       tmp: 'tmp/esrecurse_4.3.1_1752896829582_0.7264499604709875',
2625 silly install resolved       host: 's3://npm-registry-packages-npm-production'
2625 silly install resolved     },
2625 silly install resolved     typesPublisherContentHash: '0e4ed7e0fe84b6879532ce29fdfe397c1fc205d0c9dbc17172b64f3016ae0065',
2625 silly install resolved     _shasum: '6f636af962fbe6191b830bd676ba5986926bccec',
2625 silly install resolved     _resolved: 'https://registry.npmjs.org/@types/esrecurse/-/esrecurse-4.3.1.tgz',
2625 silly install resolved     _from: '@types/esrecurse@>=4.3.1 <5.0.0'
2625 silly install resolved   }
2625 silly install resolved ]
2626 info install @types/esrecurse@4.3.1 into /home/ahmed-wael/ITI/Courses/Node/Tasks/4/node_modules/eslint/node_modules/eslint-scope
2627 info installOne @types/esrecurse@4.3.1
2628 verbose installOne of @types/esrecurse to /home/ahmed-wael/ITI/Courses/Node/Tasks/4/node_modules/eslint/node_modules/eslint-scope not in flight; installing
2629 verbose correctMkdir /home/ahmed-wael/.npm/_locks correctMkdir not in flight; initializing
2630 verbose lock using /home/ahmed-wael/.npm/_locks/types-esrecurse-ee5930c43dace931.lock for /home/ahmed-wael/ITI/Courses/Node/Tasks/4/node_modules/eslint/node_modules/eslint-scope/node_modules/@types/esrecurse
2631 silly install write writing @types/esrecurse 4.3.1 to /home/ahmed-wael/ITI/Courses/Node/Tasks/4/node_modules/eslint/node_modules/eslint-scope/node_modules/@types/esrecurse
2632 verbose unbuild node_modules/eslint/node_modules/eslint-scope/node_modules/@types/esrecurse
2633 silly gentlyRm /home/ahmed-wael/ITI/Courses/Node/Tasks/4/node_modules/eslint/node_modules/eslint-scope/node_modules/@types/esrecurse is being purged from base /home/ahmed-wael/ITI/Courses/Node/Tasks/4
2634 verbose gentlyRm don't care about contents; nuking /home/ahmed-wael/ITI/Courses/Node/Tasks/4/node_modules/eslint/node_modules/eslint-scope/node_modules/@types/esrecurse
2635 verbose tar unpack /home/ahmed-wael/.npm/@types/esrecurse/4.3.1/package.tgz
2636 verbose tar unpacking to /home/ahmed-wael/ITI/Courses/Node/Tasks/4/node_modules/eslint/node_modules/eslint-scope/node_modules/@types/esrecurse
2637 silly gentlyRm /home/ahmed-wael/ITI/Courses/Node/Tasks/4/node_modules/eslint/node_modules/eslint-scope/node_modules/@types/esrecurse is being purged
2638 verbose gentlyRm don't care about contents; nuking /home/ahmed-wael/ITI/Courses/Node/Tasks/4/node_modules/eslint/node_modules/eslint-scope/node_modules/@types/esrecurse
2639 silly gunzTarPerm modes [ '775', '664' ]
2640 silly gunzTarPerm extractEntry
2641 silly gunzTarPerm modified mode [ '', 493, 509 ]
2642 silly gunzTarPerm extractEntry
2643 silly gunzTarPerm modified mode [ '', 420, 436 ]
2644 silly gunzTarPerm extractEntry
2645 silly gunzTarPerm modified mode [ '', 420, 436 ]
2646 silly gunzTarPerm extractEntry
2647 silly gunzTarPerm modified mode [ '', 420, 436 ]
2648 silly gunzTarPerm extractEntry
2649 silly gunzTarPerm modified mode [ '', 420, 436 ]
2650 verbose unlock done using /home/ahmed-wael/.npm/_locks/types-esrecurse-ee5930c43dace931.lock for /home/ahmed-wael/ITI/Courses/Node/Tasks/4/node_modules/eslint/node_modules/eslint-scope/node_modules/@types/esrecurse
2651 verbose about to build /home/ahmed-wael/ITI/Courses/Node/Tasks/4/node_modules/eslint/node_modules/eslint-scope
2652 verbose unlock done using /home/ahmed-wael/.npm/_locks/eslint-scope-8424784b6f0d04da.lock for /home/ahmed-wael/ITI/Courses/Node/Tasks/4/node_modules/eslint/node_modules/eslint-scope
2653 http fetch 200 https://registry.npmjs.org/brace-expansion/-/brace-expansion-5.0.2.tgz
2654 silly fetchAndShaCheck shasum b6c16d0791087af6c2bc463f52a8142046c06b6f
2655 verbose addTmpTarball /tmp/npm-9435-555b3955/registry.npmjs.org/brace-expansion/-/brace-expansion-5.0.2.tgz not in flight; adding
2656 verbose addTmpTarball already have metadata; skipping unpack for brace-expansion@5.0.2
2657 verbose correctMkdir /home/ahmed-wael/.npm correctMkdir not in flight; initializing
2658 silly cache afterAdd brace-expansion@5.0.2
2659 verbose afterAdd /home/ahmed-wael/.npm/brace-expansion/5.0.2/package/package.json not in flight; writing
2660 verbose correctMkdir /home/ahmed-wael/.npm correctMkdir not in flight; initializing
2661 verbose afterAdd /home/ahmed-wael/.npm/brace-expansion/5.0.2/package/package.json written
2662 silly install resolved [
2662 silly install resolved   {
2662 silly install resolved     name: 'brace-expansion',
2662 silly install resolved     description: 'Brace expansion as known from sh/bash',
2662 silly install resolved     version: '5.0.2',
2662 silly install resolved     exports: { './package.json': './package.json', '.': [Object] },
2662 silly install resolved     type: 'module',
2662 silly install resolved     scripts: {
2662 silly install resolved       preversion: 'npm test',
2662 silly install resolved       postversion: 'npm publish',
2662 silly install resolved       prepublishOnly: 'git push origin --follow-tags',
2662 silly install resolved       prepare: 'tshy',
2662 silly install resolved       pretest: 'npm run prepare',
2662 silly install resolved       presnap: 'npm run prepare',
2662 silly install resolved       test: 'tap',
2662 silly install resolved       snap: 'tap',
2662 silly install resolved       format: 'prettier --write .',
2662 silly install resolved       benchmark: 'node benchmark/index.js',
2662 silly install resolved       typedoc: 'typedoc --tsconfig .tshy/esm.json ./src/*.ts'
2662 silly install resolved     },
2662 silly install resolved     devDependencies: {
2662 silly install resolved       '@types/brace-expansion': '^1.1.2',
2662 silly install resolved       '@types/node': '^25.2.1',
2662 silly install resolved       mkdirp: '^3.0.1',
2662 silly install resolved       prettier: '^3.3.2',
2662 silly install resolved       tap: '^21.5.0',
2662 silly install resolved       tshy: '^3.0.2',
2662 silly install resolved       typedoc: '^0.28.5'
2662 silly install resolved     },
2662 silly install resolved     dependencies: { 'balanced-match': '^4.0.2' },
2662 silly install resolved     license: 'MIT',
2662 silly install resolved     engines: { node: '20 || >=22' },
2662 silly install resolved     tshy: { exports: [Object] },
2662 silly install resolved     main: './dist/commonjs/index.js',
2662 silly install resolved     types: './dist/commonjs/index.d.ts',
2662 silly install resolved     module: './dist/esm/index.js',
2662 silly install resolved     repository: {
2662 silly install resolved       type: 'git',
2662 silly install resolved       url: 'git+ssh://git@github.com/juliangruber/brace-expansion.git'
2662 silly install resolved     },
2662 silly install resolved     _id: 'brace-expansion@5.0.2',
2662 silly install resolved     gitHead: '5a678888ded7979056bd7e24c4a83abac2ac733e',
2662 silly install resolved     bugs: { url: 'https://github.com/juliangruber/brace-expansion/issues' },
2662 silly install resolved     homepage: 'https://github.com/juliangruber/brace-expansion#readme',
2662 silly install resolved     _nodeVersion: '22.14.0',
2662 silly install resolved     _npmVersion: '10.9.2',
2662 silly install resolved     dist: {
2662 silly install resolved       integrity: 'sha512-Pdk8c9poy+YhOgVWw1JNN22/HcivgKWwpxKq04M/jTmHyCZn12WPJebZxdjSa5TmBqISrUSgNYU3eRORljfCCw==',
2662 silly install resolved       shasum: 'b6c16d0791087af6c2bc463f52a8142046c06b6f',
2662 silly install resolved       tarball: 'https://registry.npmjs.org/brace-expansion/-/brace-expansion-5.0.2.tgz',
2662 silly install resolved       fileCount: 13,
2662 silly install resolved       unpackedSize: 47243,
2662 silly install resolved       signatures: [Array]
2662 silly install resolved     },
2662 silly install resolved     _npmUser: { name: 'juliangruber', email: 'julian@juliangruber.com' },
2662 silly install resolved     directories: {},
2662 silly install resolved     maintainers: [ [Object], [Object] ],
2662 silly install resolved     _npmOperationalInternal: {
2662 silly install resolved       host: 's3://npm-registry-packages-npm-production',
2662 silly install resolved       tmp: 'tmp/brace-expansion_5.0.2_1770884334767_0.17279897718845016'
2662 silly install resolved     },
2662 silly install resolved     _hasShrinkwrap: false,
2662 silly install resolved     _shasum: 'b6c16d0791087af6c2bc463f52a8142046c06b6f',
2662 silly install resolved     _resolved: 'https://registry.npmjs.org/brace-expansion/-/brace-expansion-5.0.2.tgz',
2662 silly install resolved     _from: 'brace-expansion@>=5.0.2 <6.0.0'
2662 silly install resolved   }
2662 silly install resolved ]
2663 info install brace-expansion@5.0.2 into /home/ahmed-wael/ITI/Courses/Node/Tasks/4/node_modules/eslint/node_modules/minimatch
2664 info installOne brace-expansion@5.0.2
2665 verbose installOne of brace-expansion to /home/ahmed-wael/ITI/Courses/Node/Tasks/4/node_modules/eslint/node_modules/minimatch not in flight; installing
2666 verbose correctMkdir /home/ahmed-wael/.npm/_locks correctMkdir not in flight; initializing
2667 verbose lock using /home/ahmed-wael/.npm/_locks/brace-expansion-8c7f299b18edc61e.lock for /home/ahmed-wael/ITI/Courses/Node/Tasks/4/node_modules/eslint/node_modules/minimatch/node_modules/brace-expansion
2668 silly install write writing brace-expansion 5.0.2 to /home/ahmed-wael/ITI/Courses/Node/Tasks/4/node_modules/eslint/node_modules/minimatch/node_modules/brace-expansion
2669 verbose unbuild node_modules/eslint/node_modules/minimatch/node_modules/brace-expansion
2670 silly gentlyRm /home/ahmed-wael/ITI/Courses/Node/Tasks/4/node_modules/eslint/node_modules/minimatch/node_modules/brace-expansion is being purged from base /home/ahmed-wael/ITI/Courses/Node/Tasks/4
2671 verbose gentlyRm don't care about contents; nuking /home/ahmed-wael/ITI/Courses/Node/Tasks/4/node_modules/eslint/node_modules/minimatch/node_modules/brace-expansion
2672 verbose tar unpack /home/ahmed-wael/.npm/brace-expansion/5.0.2/package.tgz
2673 verbose tar unpacking to /home/ahmed-wael/ITI/Courses/Node/Tasks/4/node_modules/eslint/node_modules/minimatch/node_modules/brace-expansion
2674 silly gentlyRm /home/ahmed-wael/ITI/Courses/Node/Tasks/4/node_modules/eslint/node_modules/minimatch/node_modules/brace-expansion is being purged
2675 verbose gentlyRm don't care about contents; nuking /home/ahmed-wael/ITI/Courses/Node/Tasks/4/node_modules/eslint/node_modules/minimatch/node_modules/brace-expansion
2676 silly gunzTarPerm modes [ '775', '664' ]
2677 silly gunzTarPerm extractEntry LICENSE
2678 silly gunzTarPerm modified mode [ 'LICENSE', 420, 436 ]
2679 silly gunzTarPerm extractEntry dist/commonjs/index.js
2680 silly gunzTarPerm modified mode [ 'dist/commonjs/index.js', 420, 436 ]
2681 silly gunzTarPerm extractEntry dist/esm/index.js
2682 silly gunzTarPerm modified mode [ 'dist/esm/index.js', 420, 436 ]
2683 silly gunzTarPerm extractEntry dist/commonjs/package.json
2684 silly gunzTarPerm modified mode [ 'dist/commonjs/package.json', 420, 436 ]
2685 silly gunzTarPerm extractEntry dist/esm/package.json
2686 silly gunzTarPerm modified mode [ 'dist/esm/package.json', 420, 436 ]
2687 silly gunzTarPerm extractEntry package.json
2688 silly gunzTarPerm modified mode [ 'package.json', 420, 436 ]
2689 silly gunzTarPerm extractEntry dist/commonjs/index.d.ts.map
2690 silly gunzTarPerm modified mode [ 'dist/commonjs/index.d.ts.map', 420, 436 ]
2691 silly gunzTarPerm extractEntry dist/esm/index.d.ts.map
2692 silly gunzTarPerm modified mode [ 'dist/esm/index.d.ts.map', 420, 436 ]
2693 silly gunzTarPerm extractEntry dist/commonjs/index.js.map
2694 silly gunzTarPerm modified mode [ 'dist/commonjs/index.js.map', 420, 436 ]
2695 silly gunzTarPerm extractEntry dist/esm/index.js.map
2696 silly gunzTarPerm modified mode [ 'dist/esm/index.js.map', 420, 436 ]
2697 silly gunzTarPerm extractEntry README.md
2698 silly gunzTarPerm modified mode [ 'README.md', 420, 436 ]
2699 silly gunzTarPerm extractEntry dist/commonjs/index.d.ts
2700 silly gunzTarPerm modified mode [ 'dist/commonjs/index.d.ts', 420, 436 ]
2701 silly gunzTarPerm extractEntry dist/esm/index.d.ts
2702 silly gunzTarPerm modified mode [ 'dist/esm/index.d.ts', 420, 436 ]
2703 verbose write writing to /home/ahmed-wael/ITI/Courses/Node/Tasks/4/node_modules/eslint/node_modules/minimatch/node_modules/brace-expansion/package.json
2704 info preinstall brace-expansion@5.0.2
2705 verbose readDependencies loading dependencies from /home/ahmed-wael/ITI/Courses/Node/Tasks/4/node_modules/eslint/node_modules/minimatch/node_modules/brace-expansion/package.json
2706 silly prepareForInstallMany adding balanced-match@^4.0.2 from brace-expansion dependencies
2707 verbose readDependencies loading dependencies from /home/ahmed-wael/ITI/Courses/Node/Tasks/4/node_modules/eslint/node_modules/minimatch/node_modules/brace-expansion/package.json
2708 silly cache add args [ 'balanced-match@^4.0.2', null ]
2709 verbose cache add spec balanced-match@^4.0.2
2710 silly cache add parsed spec Result {
2710 silly cache add   raw: 'balanced-match@^4.0.2',
2710 silly cache add   scope: null,
2710 silly cache add   name: 'balanced-match',
2710 silly cache add   rawSpec: '^4.0.2',
2710 silly cache add   spec: '>=4.0.2 <5.0.0',
2710 silly cache add   type: 'range'
2710 silly cache add }
2711 silly addNamed balanced-match@>=4.0.2 <5.0.0
2712 verbose addNamed ">=4.0.2 <5.0.0" is a valid semver range for balanced-match
2713 silly addNameRange { name: 'balanced-match', range: '>=4.0.2 <5.0.0', hasData: false }
2714 silly mapToRegistry name balanced-match
2715 silly mapToRegistry using default registry
2716 silly mapToRegistry registry https://registry.npmjs.org/
2717 silly mapToRegistry data Result {
2717 silly mapToRegistry   raw: 'balanced-match',
2717 silly mapToRegistry   scope: null,
2717 silly mapToRegistry   name: 'balanced-match',
2717 silly mapToRegistry   rawSpec: '',
2717 silly mapToRegistry   spec: 'latest',
2717 silly mapToRegistry   type: 'tag'
2717 silly mapToRegistry }
2718 silly mapToRegistry uri https://registry.npmjs.org/balanced-match
2719 verbose addNameRange registry:https://registry.npmjs.org/balanced-match not in flight; fetching
2720 verbose request uri https://registry.npmjs.org/balanced-match
2721 verbose request no auth needed
2722 info attempt registry request try #1 at 2:42:33 PM
2723 verbose etag W/"f5f0052d0e6b8b6ff7bacdab9ba21af4"
2724 verbose lastModified Sat, 07 Oct 2023 13:34:05 GMT
2725 http request GET https://registry.npmjs.org/balanced-match
2726 http 200 https://registry.npmjs.org/balanced-match
2727 verbose headers {
2727 verbose headers   date: 'Sun, 15 Feb 2026 12:42:33 GMT',
2727 verbose headers   'content-type': 'application/json',
2727 verbose headers   'transfer-encoding': 'chunked',
2727 verbose headers   connection: 'keep-alive',
2727 verbose headers   'content-encoding': 'gzip',
2727 verbose headers   'cf-ray': '9ce4e2c8bbbb5243-MXP',
2727 verbose headers   'cf-cache-status': 'HIT',
2727 verbose headers   'access-control-allow-origin': '*',
2727 verbose headers   age: '233',
2727 verbose headers   'cache-control': 'public, max-age=300',
2727 verbose headers   etag: 'W/"592937c1349aafc27db5a47929c72696"',
2727 verbose headers   'last-modified': 'Mon, 09 Feb 2026 14:50:48 GMT',
2727 verbose headers   vary: 'accept-encoding, accept',
2727 verbose headers   'set-cookie': [
2727 verbose headers     '_cfuvid=zRJ8tVc8PTkJ1gSG23rYJSNxc1sBD5Y1S2z6OGQzuiw-1771159353737-0.0.1.1-604800000; path=/; domain=.npmjs.org; HttpOnly; Secure; SameSite=None'
2727 verbose headers   ],
2727 verbose headers   server: 'cloudflare'
2727 verbose headers }
2728 silly get cb [
2728 silly get   200,
2728 silly get   {
2728 silly get     date: 'Sun, 15 Feb 2026 12:42:33 GMT',
2728 silly get     'content-type': 'application/json',
2728 silly get     'transfer-encoding': 'chunked',
2728 silly get     connection: 'keep-alive',
2728 silly get     'content-encoding': 'gzip',
2728 silly get     'cf-ray': '9ce4e2c8bbbb5243-MXP',
2728 silly get     'cf-cache-status': 'HIT',
2728 silly get     'access-control-allow-origin': '*',
2728 silly get     age: '233',
2728 silly get     'cache-control': 'public, max-age=300',
2728 silly get     etag: 'W/"592937c1349aafc27db5a47929c72696"',
2728 silly get     'last-modified': 'Mon, 09 Feb 2026 14:50:48 GMT',
2728 silly get     vary: 'accept-encoding, accept',
2728 silly get     'set-cookie': [
2728 silly get       '_cfuvid=zRJ8tVc8PTkJ1gSG23rYJSNxc1sBD5Y1S2z6OGQzuiw-1771159353737-0.0.1.1-604800000; path=/; domain=.npmjs.org; HttpOnly; Secure; SameSite=None'
2728 silly get     ],
2728 silly get     server: 'cloudflare'
2728 silly get   }
2728 silly get ]
2729 verbose get saving balanced-match to /home/ahmed-wael/.npm/registry.npmjs.org/balanced-match/.cache.json
2730 verbose correctMkdir /home/ahmed-wael/.npm correctMkdir not in flight; initializing
2731 silly addNameRange number 2 { name: 'balanced-match', range: '>=4.0.2 <5.0.0', hasData: true }
2732 silly addNameRange versions [
2732 silly addNameRange   'balanced-match',
2732 silly addNameRange   [
2732 silly addNameRange     '0.0.0', '0.0.1', '0.1.0',
2732 silly addNameRange     '0.2.0', '0.2.1', '0.3.0',
2732 silly addNameRange     '0.4.0', '0.4.1', '0.4.2',
2732 silly addNameRange     '1.0.0', '1.0.1', '1.0.2',
2732 silly addNameRange     '2.0.0', '3.0.0', '3.0.1',
2732 silly addNameRange     '4.0.2'
2732 silly addNameRange   ]
2732 silly addNameRange ]
2733 silly addNamed balanced-match@4.0.2
2734 verbose addNamed "4.0.2" is a plain semver version for balanced-match
2735 silly mapToRegistry name balanced-match
2736 silly mapToRegistry using default registry
2737 silly mapToRegistry registry https://registry.npmjs.org/
2738 silly mapToRegistry data Result {
2738 silly mapToRegistry   raw: 'balanced-match',
2738 silly mapToRegistry   scope: null,
2738 silly mapToRegistry   name: 'balanced-match',
2738 silly mapToRegistry   rawSpec: '',
2738 silly mapToRegistry   spec: 'latest',
2738 silly mapToRegistry   type: 'tag'
2738 silly mapToRegistry }
2739 silly mapToRegistry uri https://registry.npmjs.org/balanced-match
2740 verbose addRemoteTarball https://registry.npmjs.org/balanced-match/-/balanced-match-4.0.2.tgz not in flight; adding
2741 verbose addRemoteTarball [
2741 verbose addRemoteTarball   'https://registry.npmjs.org/balanced-match/-/balanced-match-4.0.2.tgz',
2741 verbose addRemoteTarball   '241591ea634702bef9c482696f2469406e16d233'
2741 verbose addRemoteTarball ]
2742 info retry fetch attempt 1 at 2:42:34 PM
2743 info attempt registry request try #1 at 2:42:34 PM
2744 http fetch GET https://registry.npmjs.org/balanced-match/-/balanced-match-4.0.2.tgz
2745 http fetch 200 https://registry.npmjs.org/balanced-match/-/balanced-match-4.0.2.tgz
2746 silly fetchAndShaCheck shasum 241591ea634702bef9c482696f2469406e16d233
2747 verbose addTmpTarball /tmp/npm-9435-555b3955/registry.npmjs.org/balanced-match/-/balanced-match-4.0.2.tgz not in flight; adding
2748 verbose addTmpTarball already have metadata; skipping unpack for balanced-match@4.0.2
2749 verbose correctMkdir /home/ahmed-wael/.npm correctMkdir not in flight; initializing
2750 silly cache afterAdd balanced-match@4.0.2
2751 verbose afterAdd /home/ahmed-wael/.npm/balanced-match/4.0.2/package/package.json not in flight; writing
2752 verbose correctMkdir /home/ahmed-wael/.npm correctMkdir not in flight; initializing
2753 verbose afterAdd /home/ahmed-wael/.npm/balanced-match/4.0.2/package/package.json written
2754 silly install resolved [
2754 silly install resolved   {
2754 silly install resolved     name: 'balanced-match',
2754 silly install resolved     description: 'Match balanced character pairs, like "{" and "}"',
2754 silly install resolved     version: '4.0.2',
2754 silly install resolved     repository: {
2754 silly install resolved       type: 'git',
2754 silly install resolved       url: 'git://github.com/juliangruber/balanced-match.git'
2754 silly install resolved     },
2754 silly install resolved     exports: { './package.json': './package.json', '.': [Object] },
2754 silly install resolved     type: 'module',
2754 silly install resolved     scripts: {
2754 silly install resolved       preversion: 'npm test',
2754 silly install resolved       postversion: 'npm publish',
2754 silly install resolved       prepublishOnly: 'git push origin --follow-tags',
2754 silly install resolved       prepare: 'tshy',
2754 silly install resolved       pretest: 'npm run prepare',
2754 silly install resolved       presnap: 'npm run prepare',
2754 silly install resolved       test: 'tap',
2754 silly install resolved       snap: 'tap',
2754 silly install resolved       format: 'prettier --write .',
2754 silly install resolved       benchmark: 'node benchmark/index.js',
2754 silly install resolved       typedoc: 'typedoc --tsconfig .tshy/esm.json ./src/*.ts'
2754 silly install resolved     },
2754 silly install resolved     devDependencies: {
2754 silly install resolved       '@types/brace-expansion': '^1.1.2',
2754 silly install resolved       '@types/node': '^25.2.1',
2754 silly install resolved       mkdirp: '^3.0.1',
2754 silly install resolved       prettier: '^3.3.2',
2754 silly install resolved       tap: '^21.1.0',
2754 silly install resolved       tshy: '^3.0.2',
2754 silly install resolved       typedoc: '^0.28.5'
2754 silly install resolved     },
2754 silly install resolved     keywords: [ 'match', 'regexp', 'test', 'balanced', 'parse' ],
2754 silly install resolved     license: 'MIT',
2754 silly install resolved     engines: { node: '20 || >=22' },
2754 silly install resolved     tshy: { exports: [Object] },
2754 silly install resolved     main: './dist/commonjs/index.js',
2754 silly install resolved     types: './dist/commonjs/index.d.ts',
2754 silly install resolved     module: './dist/esm/index.js',
2754 silly install resolved     dependencies: { jackspeak: '^4.2.3' },
2754 silly install resolved     _id: 'balanced-match@4.0.2',
2754 silly install resolved     gitHead: 'e0ea70da61430e33ba13a9394e0a3d0122095096',
2754 silly install resolved     bugs: { url: 'https://github.com/juliangruber/balanced-match/issues' },
2754 silly install resolved     homepage: 'https://github.com/juliangruber/balanced-match#readme',
2754 silly install resolved     _nodeVersion: '22.14.0',
2754 silly install resolved     _npmVersion: '10.9.2',
2754 silly install resolved     dist: {
2754 silly install resolved       integrity: 'sha512-x0K50QvKQ97fdEz2kPehIerj+YTeptKF9hyYkKf6egnwmMWAkADiO0QCzSp0R5xN8FTZgYaBfSaue46Ej62nMg==',
2754 silly install resolved       shasum: '241591ea634702bef9c482696f2469406e16d233',
2754 silly install resolved       tarball: 'https://registry.npmjs.org/balanced-match/-/balanced-match-4.0.2.tgz',
2754 silly install resolved       fileCount: 13,
2754 silly install resolved       unpackedSize: 17629,
2754 silly install resolved       signatures: [Array]
2754 silly install resolved     },
2754 silly install resolved     _npmUser: { name: 'juliangruber', email: 'julian@juliangruber.com' },
2754 silly install resolved     directories: {},
2754 silly install resolved     maintainers: [ [Object] ],
2754 silly install resolved     _npmOperationalInternal: {
2754 silly install resolved       host: 's3://npm-registry-packages-npm-production',
2754 silly install resolved       tmp: 'tmp/balanced-match_4.0.2_1770648647330_0.9219850390943709'
2754 silly install resolved     },
2754 silly install resolved     _hasShrinkwrap: false,
2754 silly install resolved     _shasum: '241591ea634702bef9c482696f2469406e16d233',
2754 silly install resolved     _resolved: 'https://registry.npmjs.org/balanced-match/-/balanced-match-4.0.2.tgz',
2754 silly install resolved     _from: 'balanced-match@>=4.0.2 <5.0.0'
2754 silly install resolved   }
2754 silly install resolved ]
2755 info install balanced-match@4.0.2 into /home/ahmed-wael/ITI/Courses/Node/Tasks/4/node_modules/eslint/node_modules/minimatch/node_modules/brace-expansion
2756 info installOne balanced-match@4.0.2
2757 verbose installOne of balanced-match to /home/ahmed-wael/ITI/Courses/Node/Tasks/4/node_modules/eslint/node_modules/minimatch/node_modules/brace-expansion not in flight; installing
2758 verbose correctMkdir /home/ahmed-wael/.npm/_locks correctMkdir not in flight; initializing
2759 verbose lock using /home/ahmed-wael/.npm/_locks/balanced-match-20b801244a0a379b.lock for /home/ahmed-wael/ITI/Courses/Node/Tasks/4/node_modules/eslint/node_modules/minimatch/node_modules/brace-expansion/node_modules/balanced-match
2760 silly install write writing balanced-match 4.0.2 to /home/ahmed-wael/ITI/Courses/Node/Tasks/4/node_modules/eslint/node_modules/minimatch/node_modules/brace-expansion/node_modules/balanced-match
2761 verbose unbuild node_modules/eslint/node_modules/minimatch/node_modules/brace-expansion/node_modules/balanced-match
2762 silly gentlyRm /home/ahmed-wael/ITI/Courses/Node/Tasks/4/node_modules/eslint/node_modules/minimatch/node_modules/brace-expansion/node_modules/balanced-match is being purged from base /home/ahmed-wael/ITI/Courses/Node/Tasks/4
2763 verbose gentlyRm don't care about contents; nuking /home/ahmed-wael/ITI/Courses/Node/Tasks/4/node_modules/eslint/node_modules/minimatch/node_modules/brace-expansion/node_modules/balanced-match
2764 verbose tar unpack /home/ahmed-wael/.npm/balanced-match/4.0.2/package.tgz
2765 verbose tar unpacking to /home/ahmed-wael/ITI/Courses/Node/Tasks/4/node_modules/eslint/node_modules/minimatch/node_modules/brace-expansion/node_modules/balanced-match
2766 silly gentlyRm /home/ahmed-wael/ITI/Courses/Node/Tasks/4/node_modules/eslint/node_modules/minimatch/node_modules/brace-expansion/node_modules/balanced-match is being purged
2767 verbose gentlyRm don't care about contents; nuking /home/ahmed-wael/ITI/Courses/Node/Tasks/4/node_modules/eslint/node_modules/minimatch/node_modules/brace-expansion/node_modules/balanced-match
2768 silly gunzTarPerm modes [ '775', '664' ]
2769 silly gunzTarPerm extractEntry dist/commonjs/index.js
2770 silly gunzTarPerm modified mode [ 'dist/commonjs/index.js', 420, 436 ]
2771 silly gunzTarPerm extractEntry dist/esm/index.js
2772 silly gunzTarPerm modified mode [ 'dist/esm/index.js', 420, 436 ]
2773 silly gunzTarPerm extractEntry dist/commonjs/package.json
2774 silly gunzTarPerm modified mode [ 'dist/commonjs/package.json', 420, 436 ]
2775 silly gunzTarPerm extractEntry dist/esm/package.json
2776 silly gunzTarPerm modified mode [ 'dist/esm/package.json', 420, 436 ]
2777 silly gunzTarPerm extractEntry package.json
2778 silly gunzTarPerm modified mode [ 'package.json', 420, 436 ]
2779 silly gunzTarPerm extractEntry dist/commonjs/index.d.ts.map
2780 silly gunzTarPerm modified mode [ 'dist/commonjs/index.d.ts.map', 420, 436 ]
2781 silly gunzTarPerm extractEntry dist/esm/index.d.ts.map
2782 silly gunzTarPerm modified mode [ 'dist/esm/index.d.ts.map', 420, 436 ]
2783 silly gunzTarPerm extractEntry dist/commonjs/index.js.map
2784 silly gunzTarPerm modified mode [ 'dist/commonjs/index.js.map', 420, 436 ]
2785 silly gunzTarPerm extractEntry dist/esm/index.js.map
2786 silly gunzTarPerm modified mode [ 'dist/esm/index.js.map', 420, 436 ]
2787 silly gunzTarPerm extractEntry LICENSE.md
2788 silly gunzTarPerm modified mode [ 'LICENSE.md', 420, 436 ]
2789 silly gunzTarPerm extractEntry README.md
2790 silly gunzTarPerm modified mode [ 'README.md', 420, 436 ]
2791 silly gunzTarPerm extractEntry dist/commonjs/index.d.ts
2792 silly gunzTarPerm modified mode [ 'dist/commonjs/index.d.ts', 420, 436 ]
2793 silly gunzTarPerm extractEntry dist/esm/index.d.ts
2794 silly gunzTarPerm modified mode [ 'dist/esm/index.d.ts', 420, 436 ]
2795 verbose write writing to /home/ahmed-wael/ITI/Courses/Node/Tasks/4/node_modules/eslint/node_modules/minimatch/node_modules/brace-expansion/node_modules/balanced-match/package.json
2796 info preinstall balanced-match@4.0.2
2797 verbose readDependencies loading dependencies from /home/ahmed-wael/ITI/Courses/Node/Tasks/4/node_modules/eslint/node_modules/minimatch/node_modules/brace-expansion/node_modules/balanced-match/package.json
2798 silly prepareForInstallMany adding jackspeak@^4.2.3 from balanced-match dependencies
2799 verbose readDependencies loading dependencies from /home/ahmed-wael/ITI/Courses/Node/Tasks/4/node_modules/eslint/node_modules/minimatch/node_modules/brace-expansion/node_modules/balanced-match/package.json
2800 silly cache add args [ 'jackspeak@^4.2.3', null ]
2801 verbose cache add spec jackspeak@^4.2.3
2802 silly cache add parsed spec Result {
2802 silly cache add   raw: 'jackspeak@^4.2.3',
2802 silly cache add   scope: null,
2802 silly cache add   name: 'jackspeak',
2802 silly cache add   rawSpec: '^4.2.3',
2802 silly cache add   spec: '>=4.2.3 <5.0.0',
2802 silly cache add   type: 'range'
2802 silly cache add }
2803 silly addNamed jackspeak@>=4.2.3 <5.0.0
2804 verbose addNamed ">=4.2.3 <5.0.0" is a valid semver range for jackspeak
2805 silly addNameRange { name: 'jackspeak', range: '>=4.2.3 <5.0.0', hasData: false }
2806 silly mapToRegistry name jackspeak
2807 silly mapToRegistry using default registry
2808 silly mapToRegistry registry https://registry.npmjs.org/
2809 silly mapToRegistry data Result {
2809 silly mapToRegistry   raw: 'jackspeak',
2809 silly mapToRegistry   scope: null,
2809 silly mapToRegistry   name: 'jackspeak',
2809 silly mapToRegistry   rawSpec: '',
2809 silly mapToRegistry   spec: 'latest',
2809 silly mapToRegistry   type: 'tag'
2809 silly mapToRegistry }
2810 silly mapToRegistry uri https://registry.npmjs.org/jackspeak
2811 verbose addNameRange registry:https://registry.npmjs.org/jackspeak not in flight; fetching
2812 verbose request uri https://registry.npmjs.org/jackspeak
2813 verbose request no auth needed
2814 info attempt registry request try #1 at 2:42:34 PM
2815 verbose etag W/"27454c9b7ec4ffd525fe065605ba8e02"
2816 verbose lastModified Thu, 22 May 2025 17:16:00 GMT
2817 http request GET https://registry.npmjs.org/jackspeak
2818 http 200 https://registry.npmjs.org/jackspeak
2819 verbose headers {
2819 verbose headers   date: 'Sun, 15 Feb 2026 12:42:34 GMT',
2819 verbose headers   'content-type': 'application/json',
2819 verbose headers   'transfer-encoding': 'chunked',
2819 verbose headers   connection: 'keep-alive',
2819 verbose headers   'content-encoding': 'gzip',
2819 verbose headers   'cf-ray': '9ce4e2cc9dad5243-MXP',
2819 verbose headers   'cf-cache-status': 'HIT',
2819 verbose headers   'access-control-allow-origin': '*',
2819 verbose headers   age: '61',
2819 verbose headers   'cache-control': 'public, max-age=300',
2819 verbose headers   etag: 'W/"81b8f49ba9fdd2685be8d642d9a3609c"',
2819 verbose headers   'last-modified': 'Sat, 07 Feb 2026 05:11:24 GMT',
2819 verbose headers   vary: 'accept-encoding, accept',
2819 verbose headers   'set-cookie': [
2819 verbose headers     '_cfuvid=USWd8dAk0X1uSpdNN1jivFJIlY48bXqUziAS5rhY2JA-1771159354359-0.0.1.1-604800000; path=/; domain=.npmjs.org; HttpOnly; Secure; SameSite=None'
2819 verbose headers   ],
2819 verbose headers   server: 'cloudflare'
2819 verbose headers }
2820 silly get cb [
2820 silly get   200,
2820 silly get   {
2820 silly get     date: 'Sun, 15 Feb 2026 12:42:34 GMT',
2820 silly get     'content-type': 'application/json',
2820 silly get     'transfer-encoding': 'chunked',
2820 silly get     connection: 'keep-alive',
2820 silly get     'content-encoding': 'gzip',
2820 silly get     'cf-ray': '9ce4e2cc9dad5243-MXP',
2820 silly get     'cf-cache-status': 'HIT',
2820 silly get     'access-control-allow-origin': '*',
2820 silly get     age: '61',
2820 silly get     'cache-control': 'public, max-age=300',
2820 silly get     etag: 'W/"81b8f49ba9fdd2685be8d642d9a3609c"',
2820 silly get     'last-modified': 'Sat, 07 Feb 2026 05:11:24 GMT',
2820 silly get     vary: 'accept-encoding, accept',
2820 silly get     'set-cookie': [
2820 silly get       '_cfuvid=USWd8dAk0X1uSpdNN1jivFJIlY48bXqUziAS5rhY2JA-1771159354359-0.0.1.1-604800000; path=/; domain=.npmjs.org; HttpOnly; Secure; SameSite=None'
2820 silly get     ],
2820 silly get     server: 'cloudflare'
2820 silly get   }
2820 silly get ]
2821 verbose get saving jackspeak to /home/ahmed-wael/.npm/registry.npmjs.org/jackspeak/.cache.json
2822 verbose correctMkdir /home/ahmed-wael/.npm correctMkdir not in flight; initializing
2823 silly addNameRange number 2 { name: 'jackspeak', range: '>=4.2.3 <5.0.0', hasData: true }
2824 silly addNameRange versions [
2824 silly addNameRange   'jackspeak',
2824 silly addNameRange   [
2824 silly addNameRange     '0.0.1', '0.1.0', '1.0.0', '1.0.1', '1.1.0',
2824 silly addNameRange     '1.2.0', '1.3.0', '1.3.1', '1.3.2', '1.3.3',
2824 silly addNameRange     '1.3.4', '1.3.5', '1.3.6', '1.3.7', '1.3.8',
2824 silly addNameRange     '1.4.0', '1.4.1', '1.4.2', '2.0.0', '2.0.1',
2824 silly addNameRange     '2.0.2', '2.0.3', '2.1.0', '2.1.1', '2.1.2',
2824 silly addNameRange     '2.1.3', '2.1.4', '2.1.5', '2.2.0', '2.2.1',
2824 silly addNameRange     '2.2.2', '2.2.3', '2.3.0', '2.3.1', '2.3.2',
2824 silly addNameRange     '2.3.3', '2.3.4', '2.3.5', '2.3.6', '3.0.0',
2824 silly addNameRange     '3.1.0', '3.1.1', '3.1.2', '3.2.0', '3.2.1',
2824 silly addNameRange     '3.2.2', '3.2.3', '3.2.4', '3.2.5', '3.2.6',
2824 silly addNameRange     '3.3.0', '3.4.0', '3.4.1', '3.4.2', '4.0.0',
2824 silly addNameRange     '4.0.1', '3.4.3', '4.0.2', '4.0.3', '4.1.0',
2824 silly addNameRange     '4.1.1', '4.1.2', '4.2.0', '4.2.1', '4.2.2',
2824 silly addNameRange     '4.2.3'
2824 silly addNameRange   ]
2824 silly addNameRange ]
2825 silly addNamed jackspeak@4.2.3
2826 verbose addNamed "4.2.3" is a plain semver version for jackspeak
2827 silly mapToRegistry name jackspeak
2828 silly mapToRegistry using default registry
2829 silly mapToRegistry registry https://registry.npmjs.org/
2830 silly mapToRegistry data Result {
2830 silly mapToRegistry   raw: 'jackspeak',
2830 silly mapToRegistry   scope: null,
2830 silly mapToRegistry   name: 'jackspeak',
2830 silly mapToRegistry   rawSpec: '',
2830 silly mapToRegistry   spec: 'latest',
2830 silly mapToRegistry   type: 'tag'
2830 silly mapToRegistry }
2831 silly mapToRegistry uri https://registry.npmjs.org/jackspeak
2832 verbose addRemoteTarball https://registry.npmjs.org/jackspeak/-/jackspeak-4.2.3.tgz not in flight; adding
2833 verbose addRemoteTarball [
2833 verbose addRemoteTarball   'https://registry.npmjs.org/jackspeak/-/jackspeak-4.2.3.tgz',
2833 verbose addRemoteTarball   '27ef80f33b93412037c3bea4f8eddf80e1931483'
2833 verbose addRemoteTarball ]
2834 info retry fetch attempt 1 at 2:42:34 PM
2835 info attempt registry request try #1 at 2:42:34 PM
2836 http fetch GET https://registry.npmjs.org/jackspeak/-/jackspeak-4.2.3.tgz
2837 http fetch 200 https://registry.npmjs.org/jackspeak/-/jackspeak-4.2.3.tgz
2838 silly fetchAndShaCheck shasum 27ef80f33b93412037c3bea4f8eddf80e1931483
2839 verbose addTmpTarball /tmp/npm-9435-555b3955/registry.npmjs.org/jackspeak/-/jackspeak-4.2.3.tgz not in flight; adding
2840 verbose addTmpTarball already have metadata; skipping unpack for jackspeak@4.2.3
2841 verbose correctMkdir /home/ahmed-wael/.npm correctMkdir not in flight; initializing
2842 silly cache afterAdd jackspeak@4.2.3
2843 verbose afterAdd /home/ahmed-wael/.npm/jackspeak/4.2.3/package/package.json not in flight; writing
2844 verbose correctMkdir /home/ahmed-wael/.npm correctMkdir not in flight; initializing
2845 verbose afterAdd /home/ahmed-wael/.npm/jackspeak/4.2.3/package/package.json written
2846 silly install resolved [
2846 silly install resolved   {
2846 silly install resolved     name: 'jackspeak',
2846 silly install resolved     version: '4.2.3',
2846 silly install resolved     description: 'A very strict and proper argument parser.',
2846 silly install resolved     tshy: { main: true, exports: [Object] },
2846 silly install resolved     main: './dist/commonjs/index.js',
2846 silly install resolved     types: './dist/commonjs/index.d.ts',
2846 silly install resolved     type: 'module',
2846 silly install resolved     exports: {
2846 silly install resolved       './package.json': './package.json',
2846 silly install resolved       '.': [Object],
2846 silly install resolved       './min': [Object]
2846 silly install resolved     },
2846 silly install resolved     scripts: {
2846 silly install resolved       'build-examples': 'for i in examples/*.js ; do node $i -h > ${i/.js/.txt}; done',
2846 silly install resolved       preversion: 'npm test',
2846 silly install resolved       postversion: 'npm publish',
2846 silly install resolved       prepublishOnly: 'git push origin --follow-tags',
2846 silly install resolved       prepare: 'tshy && bash build.sh',
2846 silly install resolved       pretest: 'npm run prepare',
2846 silly install resolved       presnap: 'npm run prepare',
2846 silly install resolved       test: 'tap',
2846 silly install resolved       snap: 'tap',
2846 silly install resolved       format: 'prettier --write . --log-level warn',
2846 silly install resolved       typedoc: 'typedoc --tsconfig .tshy/esm.json ./src/*.ts'
2846 silly install resolved     },
2846 silly install resolved     license: 'BlueOak-1.0.0',
2846 silly install resolved     prettier: {
2846 silly install resolved       experimentalTernaries: true,
2846 silly install resolved       semi: false,
2846 silly install resolved       printWidth: 75,
2846 silly install resolved       tabWidth: 2,
2846 silly install resolved       useTabs: false,
2846 silly install resolved       singleQuote: true,
2846 silly install resolved       jsxSingleQuote: false,
2846 silly install resolved       bracketSameLine: true,
2846 silly install resolved       arrowParens: 'avoid',
2846 silly install resolved       endOfLine: 'lf'
2846 silly install resolved     },
2846 silly install resolved     devDependencies: {
2846 silly install resolved       '@types/node': '^25.2.0',
2846 silly install resolved       esbuild: '^0.27.3',
2846 silly install resolved       prettier: '^3.3.3',
2846 silly install resolved       tap: '^21.5.1',
2846 silly install resolved       tshy: '^3.1.3',
2846 silly install resolved       typedoc: '^0.28.16'
2846 silly install resolved     },
2846 silly install resolved     dependencies: { '@isaacs/cliui': '^9.0.0' },
2846 silly install resolved     engines: { node: '20 || >=22' },
2846 silly install resolved     funding: { url: 'https://github.com/sponsors/isaacs' },
2846 silly install resolved     repository: { type: 'git', url: 'git+https://github.com/isaacs/jackspeak.git' },
2846 silly install resolved     keywords: [
2846 silly install resolved       'argument', 'parser',
2846 silly install resolved       'args',     'option',
2846 silly install resolved       'flag',     'cli',
2846 silly install resolved       'command',  'line',
2846 silly install resolved       'parse',    'parsing'
2846 silly install resolved     ],
2846 silly install resolved     author: { name: 'Isaac Z. Schlueter', email: 'i@izs.me' },
2846 silly install resolved     tap: { typecheck: true },
2846 silly install resolved     module: './dist/esm/index.js',
2846 silly install resolved     gitHead: 'a58b42f39e2fb04b28b8169005a5ddbc3302730e',
2846 silly install resolved     _id: 'jackspeak@4.2.3',
2846 silly install resolved     bugs: { url: 'https://github.com/isaacs/jackspeak/issues' },
2846 silly install resolved     homepage: 'https://github.com/isaacs/jackspeak#readme',
2846 silly install resolved     _nodeVersion: '24.4.1',
2846 silly install resolved     _npmVersion: '11.9.0',
2846 silly install resolved     dist: {
2846 silly install resolved       integrity: 'sha512-ykkVRwrYvFm1nb2AJfKKYPr0emF6IiXDYUaFx4Zn9ZuIH7MrzEZ3sD5RlqGXNRpHtvUHJyOnCEFxOlNDtGo7wg==',
2846 silly install resolved       shasum: '27ef80f33b93412037c3bea4f8eddf80e1931483',
2846 silly install resolved       tarball: 'https://registry.npmjs.org/jackspeak/-/jackspeak-4.2.3.tgz',
2846 silly install resolved       fileCount: 17,
2846 silly install resolved       unpackedSize: 650026,
2846 silly install resolved       signatures: [Array]
2846 silly install resolved     },
2846 silly install resolved     _npmUser: { name: 'isaacs', email: 'i@izs.me' },
2846 silly install resolved     directories: {},
2846 silly install resolved     maintainers: [ [Object] ],
2846 silly install resolved     _npmOperationalInternal: {
2846 silly install resolved       host: 's3://npm-registry-packages-npm-production',
2846 silly install resolved       tmp: 'tmp/jackspeak_4.2.3_1770441082310_0.6291464108777756'
2846 silly install resolved     },
2846 silly install resolved     _hasShrinkwrap: false,
2846 silly install resolved     _shasum: '27ef80f33b93412037c3bea4f8eddf80e1931483',
2846 silly install resolved     _resolved: 'https://registry.npmjs.org/jackspeak/-/jackspeak-4.2.3.tgz',
2846 silly install resolved     _from: 'jackspeak@>=4.2.3 <5.0.0'
2846 silly install resolved   }
2846 silly install resolved ]
2847 info install jackspeak@4.2.3 into /home/ahmed-wael/ITI/Courses/Node/Tasks/4/node_modules/eslint/node_modules/minimatch/node_modules/brace-expansion/node_modules/balanced-match
2848 info installOne jackspeak@4.2.3
2849 verbose installOne of jackspeak to /home/ahmed-wael/ITI/Courses/Node/Tasks/4/node_modules/eslint/node_modules/minimatch/node_modules/brace-expansion/node_modules/balanced-match not in flight; installing
2850 verbose correctMkdir /home/ahmed-wael/.npm/_locks correctMkdir not in flight; initializing
2851 verbose lock using /home/ahmed-wael/.npm/_locks/jackspeak-93306f359fe10738.lock for /home/ahmed-wael/ITI/Courses/Node/Tasks/4/node_modules/eslint/node_modules/minimatch/node_modules/brace-expansion/node_modules/balanced-match/node_modules/jackspeak
2852 silly install write writing jackspeak 4.2.3 to /home/ahmed-wael/ITI/Courses/Node/Tasks/4/node_modules/eslint/node_modules/minimatch/node_modules/brace-expansion/node_modules/balanced-match/node_modules/jackspeak
2853 verbose unbuild node_modules/eslint/node_modules/minimatch/node_modules/brace-expansion/node_modules/balanced-match/node_modules/jackspeak
2854 silly gentlyRm /home/ahmed-wael/ITI/Courses/Node/Tasks/4/node_modules/eslint/node_modules/minimatch/node_modules/brace-expansion/node_modules/balanced-match/node_modules/jackspeak is being purged from base /home/ahmed-wael/ITI/Courses/Node/Tasks/4
2855 verbose gentlyRm don't care about contents; nuking /home/ahmed-wael/ITI/Courses/Node/Tasks/4/node_modules/eslint/node_modules/minimatch/node_modules/brace-expansion/node_modules/balanced-match/node_modules/jackspeak
2856 verbose tar unpack /home/ahmed-wael/.npm/jackspeak/4.2.3/package.tgz
2857 verbose tar unpacking to /home/ahmed-wael/ITI/Courses/Node/Tasks/4/node_modules/eslint/node_modules/minimatch/node_modules/brace-expansion/node_modules/balanced-match/node_modules/jackspeak
2858 silly gentlyRm /home/ahmed-wael/ITI/Courses/Node/Tasks/4/node_modules/eslint/node_modules/minimatch/node_modules/brace-expansion/node_modules/balanced-match/node_modules/jackspeak is being purged
2859 verbose gentlyRm don't care about contents; nuking /home/ahmed-wael/ITI/Courses/Node/Tasks/4/node_modules/eslint/node_modules/minimatch/node_modules/brace-expansion/node_modules/balanced-match/node_modules/jackspeak
2860 silly gunzTarPerm modes [ '775', '664' ]
2861 silly gunzTarPerm extractEntry dist/commonjs/index.js
2862 silly gunzTarPerm modified mode [ 'dist/commonjs/index.js', 420, 436 ]
2863 silly gunzTarPerm extractEntry dist/esm/index.js
2864 silly gunzTarPerm modified mode [ 'dist/esm/index.js', 420, 436 ]
2865 silly gunzTarPerm extractEntry dist/commonjs/index.min.js
2866 silly gunzTarPerm modified mode [ 'dist/commonjs/index.min.js', 420, 436 ]
2867 silly gunzTarPerm extractEntry dist/esm/index.min.js
2868 silly gunzTarPerm modified mode [ 'dist/esm/index.min.js', 420, 436 ]
2869 silly gunzTarPerm extractEntry dist/commonjs/package.json
2870 silly gunzTarPerm modified mode [ 'dist/commonjs/package.json', 420, 436 ]
2871 silly gunzTarPerm extractEntry dist/esm/package.json
2872 silly gunzTarPerm modified mode [ 'dist/esm/package.json', 420, 436 ]
2873 silly gunzTarPerm extractEntry package.json
2874 silly gunzTarPerm modified mode [ 'package.json', 420, 436 ]
2875 silly gunzTarPerm extractEntry dist/commonjs/index.d.ts.map
2876 silly gunzTarPerm modified mode [ 'dist/commonjs/index.d.ts.map', 420, 436 ]
2877 silly gunzTarPerm extractEntry dist/esm/index.d.ts.map
2878 silly gunzTarPerm modified mode [ 'dist/esm/index.d.ts.map', 420, 436 ]
2879 silly gunzTarPerm extractEntry dist/commonjs/index.js.map
2880 silly gunzTarPerm modified mode [ 'dist/commonjs/index.js.map', 420, 436 ]
2881 silly gunzTarPerm extractEntry dist/esm/index.js.map
2882 silly gunzTarPerm modified mode [ 'dist/esm/index.js.map', 420, 436 ]
2883 silly gunzTarPerm extractEntry dist/commonjs/index.min.js.map
2884 silly gunzTarPerm modified mode [ 'dist/commonjs/index.min.js.map', 420, 436 ]
2885 silly gunzTarPerm extractEntry dist/esm/index.min.js.map
2886 silly gunzTarPerm modified mode [ 'dist/esm/index.min.js.map', 420, 436 ]
2887 silly gunzTarPerm extractEntry LICENSE.md
2888 silly gunzTarPerm modified mode [ 'LICENSE.md', 420, 436 ]
2889 silly gunzTarPerm extractEntry README.md
2890 silly gunzTarPerm modified mode [ 'README.md', 420, 436 ]
2891 silly gunzTarPerm extractEntry dist/commonjs/index.d.ts
2892 silly gunzTarPerm modified mode [ 'dist/commonjs/index.d.ts', 420, 436 ]
2893 silly gunzTarPerm extractEntry dist/esm/index.d.ts
2894 silly gunzTarPerm modified mode [ 'dist/esm/index.d.ts', 420, 436 ]
2895 verbose write writing to /home/ahmed-wael/ITI/Courses/Node/Tasks/4/node_modules/eslint/node_modules/minimatch/node_modules/brace-expansion/node_modules/balanced-match/node_modules/jackspeak/package.json
2896 info preinstall jackspeak@4.2.3
2897 verbose readDependencies loading dependencies from /home/ahmed-wael/ITI/Courses/Node/Tasks/4/node_modules/eslint/node_modules/minimatch/node_modules/brace-expansion/node_modules/balanced-match/node_modules/jackspeak/package.json
2898 silly prepareForInstallMany adding @isaacs/cliui@^9.0.0 from jackspeak dependencies
2899 verbose readDependencies loading dependencies from /home/ahmed-wael/ITI/Courses/Node/Tasks/4/node_modules/eslint/node_modules/minimatch/node_modules/brace-expansion/node_modules/balanced-match/node_modules/jackspeak/package.json
2900 silly cache add args [ '@isaacs/cliui@^9.0.0', null ]
2901 verbose cache add spec @isaacs/cliui@^9.0.0
2902 silly cache add parsed spec Result {
2902 silly cache add   raw: '@isaacs/cliui@^9.0.0',
2902 silly cache add   scope: '@isaacs',
2902 silly cache add   name: '@isaacs/cliui',
2902 silly cache add   rawSpec: '^9.0.0',
2902 silly cache add   spec: '>=9.0.0 <10.0.0',
2902 silly cache add   type: 'range'
2902 silly cache add }
2903 silly addNamed @isaacs/cliui@>=9.0.0 <10.0.0
2904 verbose addNamed ">=9.0.0 <10.0.0" is a valid semver range for @isaacs/cliui
2905 silly addNameRange { name: '@isaacs/cliui', range: '>=9.0.0 <10.0.0', hasData: false }
2906 silly mapToRegistry name @isaacs/cliui
2907 silly mapToRegistry scope (from package name) @isaacs
2908 verbose mapToRegistry no registry URL found in name for scope @isaacs
2909 silly mapToRegistry using default registry
2910 silly mapToRegistry registry https://registry.npmjs.org/
2911 silly mapToRegistry data Result {
2911 silly mapToRegistry   raw: '@isaacs/cliui',
2911 silly mapToRegistry   scope: '@isaacs',
2911 silly mapToRegistry   name: '@isaacs/cliui',
2911 silly mapToRegistry   rawSpec: '',
2911 silly mapToRegistry   spec: 'latest',
2911 silly mapToRegistry   type: 'tag'
2911 silly mapToRegistry }
2912 silly mapToRegistry uri https://registry.npmjs.org/@isaacs%2fcliui
2913 verbose addNameRange registry:https://registry.npmjs.org/@isaacs%2fcliui not in flight; fetching
2914 verbose request uri https://registry.npmjs.org/@isaacs%2fcliui
2915 verbose request no auth needed
2916 info attempt registry request try #1 at 2:42:34 PM
2917 verbose etag W/"63edf705087f25565483641b9aa5cbb4"
2918 verbose lastModified Wed, 12 Jul 2023 19:06:06 GMT
2919 http request GET https://registry.npmjs.org/@isaacs%2fcliui
2920 http 200 https://registry.npmjs.org/@isaacs%2fcliui
2921 verbose headers {
2921 verbose headers   date: 'Sun, 15 Feb 2026 12:42:34 GMT',
2921 verbose headers   'content-type': 'application/json',
2921 verbose headers   'transfer-encoding': 'chunked',
2921 verbose headers   connection: 'keep-alive',
2921 verbose headers   'content-encoding': 'gzip',
2921 verbose headers   'cf-ray': '9ce4e2cf0ecd5243-MXP',
2921 verbose headers   'cf-cache-status': 'HIT',
2921 verbose headers   'access-control-allow-origin': '*',
2921 verbose headers   age: '149',
2921 verbose headers   'cache-control': 'public, max-age=300',
2921 verbose headers   etag: 'W/"395a5b36af2a830a087ec62d07ee2c2e"',
2921 verbose headers   'last-modified': 'Thu, 05 Feb 2026 18:40:57 GMT',
2921 verbose headers   vary: 'accept-encoding, accept',
2921 verbose headers   'set-cookie': [
2921 verbose headers     '_cfuvid=Vkk8vNdJjjRHbGxpfP3snYEXPnWH2lSEeNYkfAktkSo-1771159354755-0.0.1.1-604800000; path=/; domain=.npmjs.org; HttpOnly; Secure; SameSite=None'
2921 verbose headers   ],
2921 verbose headers   server: 'cloudflare'
2921 verbose headers }
2922 silly get cb [
2922 silly get   200,
2922 silly get   {
2922 silly get     date: 'Sun, 15 Feb 2026 12:42:34 GMT',
2922 silly get     'content-type': 'application/json',
2922 silly get     'transfer-encoding': 'chunked',
2922 silly get     connection: 'keep-alive',
2922 silly get     'content-encoding': 'gzip',
2922 silly get     'cf-ray': '9ce4e2cf0ecd5243-MXP',
2922 silly get     'cf-cache-status': 'HIT',
2922 silly get     'access-control-allow-origin': '*',
2922 silly get     age: '149',
2922 silly get     'cache-control': 'public, max-age=300',
2922 silly get     etag: 'W/"395a5b36af2a830a087ec62d07ee2c2e"',
2922 silly get     'last-modified': 'Thu, 05 Feb 2026 18:40:57 GMT',
2922 silly get     vary: 'accept-encoding, accept',
2922 silly get     'set-cookie': [
2922 silly get       '_cfuvid=Vkk8vNdJjjRHbGxpfP3snYEXPnWH2lSEeNYkfAktkSo-1771159354755-0.0.1.1-604800000; path=/; domain=.npmjs.org; HttpOnly; Secure; SameSite=None'
2922 silly get     ],
2922 silly get     server: 'cloudflare'
2922 silly get   }
2922 silly get ]
2923 verbose get saving @isaacs/cliui to /home/ahmed-wael/.npm/registry.npmjs.org/_40isaacs_252fcliui/.cache.json
2924 verbose correctMkdir /home/ahmed-wael/.npm correctMkdir not in flight; initializing
2925 silly addNameRange number 2 { name: '@isaacs/cliui', range: '>=9.0.0 <10.0.0', hasData: true }
2926 silly addNameRange versions [ '@isaacs/cliui', [ '8.0.2', '9.0.0' ] ]
2927 silly addNamed @isaacs/cliui@9.0.0
2928 verbose addNamed "9.0.0" is a plain semver version for @isaacs/cliui
2929 silly mapToRegistry name @isaacs/cliui
2930 silly mapToRegistry scope (from package name) @isaacs
2931 verbose mapToRegistry no registry URL found in name for scope @isaacs
2932 silly mapToRegistry using default registry
2933 silly mapToRegistry registry https://registry.npmjs.org/
2934 silly mapToRegistry data Result {
2934 silly mapToRegistry   raw: '@isaacs/cliui',
2934 silly mapToRegistry   scope: '@isaacs',
2934 silly mapToRegistry   name: '@isaacs/cliui',
2934 silly mapToRegistry   rawSpec: '',
2934 silly mapToRegistry   spec: 'latest',
2934 silly mapToRegistry   type: 'tag'
2934 silly mapToRegistry }
2935 silly mapToRegistry uri https://registry.npmjs.org/@isaacs%2fcliui
2936 verbose addRemoteTarball https://registry.npmjs.org/@isaacs/cliui/-/cliui-9.0.0.tgz not in flight; adding
2937 verbose addRemoteTarball [
2937 verbose addRemoteTarball   'https://registry.npmjs.org/@isaacs/cliui/-/cliui-9.0.0.tgz',
2937 verbose addRemoteTarball   '4d0a3f127058043bf2e7ee169eaf30ed901302f3'
2937 verbose addRemoteTarball ]
2938 info retry fetch attempt 1 at 2:42:34 PM
2939 info attempt registry request try #1 at 2:42:34 PM
2940 http fetch GET https://registry.npmjs.org/@isaacs/cliui/-/cliui-9.0.0.tgz
2941 http fetch 200 https://registry.npmjs.org/@isaacs/cliui/-/cliui-9.0.0.tgz
2942 silly fetchAndShaCheck shasum 4d0a3f127058043bf2e7ee169eaf30ed901302f3
2943 verbose addTmpTarball /tmp/npm-9435-555b3955/registry.npmjs.org/_40isaacs/cliui/-/cliui-9.0.0.tgz not in flight; adding
2944 verbose addTmpTarball already have metadata; skipping unpack for @isaacs/cliui@9.0.0
2945 verbose correctMkdir /home/ahmed-wael/.npm correctMkdir not in flight; initializing
2946 silly cache afterAdd @isaacs/cliui@9.0.0
2947 verbose afterAdd /home/ahmed-wael/.npm/@isaacs/cliui/9.0.0/package/package.json not in flight; writing
2948 verbose correctMkdir /home/ahmed-wael/.npm correctMkdir not in flight; initializing
2949 verbose afterAdd /home/ahmed-wael/.npm/@isaacs/cliui/9.0.0/package/package.json written
2950 silly install resolved [
2950 silly install resolved   {
2950 silly install resolved     name: '@isaacs/cliui',
2950 silly install resolved     version: '9.0.0',
2950 silly install resolved     description: 'easily create complex multi-column command-line-interfaces',
2950 silly install resolved     type: 'module',
2950 silly install resolved     main: './dist/commonjs/index.js',
2950 silly install resolved     module: './dist/esm/index.js',
2950 silly install resolved     types: './dist/commonjs/index.d.ts',
2950 silly install resolved     exports: {
2950 silly install resolved       './package.json': './package.json',
2950 silly install resolved       '.': [Object],
2950 silly install resolved       './ansi-regex': [Object],
2950 silly install resolved       './ansi-styles': [Object],
2950 silly install resolved       './eastasianwidth': [Object],
2950 silly install resolved       './emoji-regex': [Object],
2950 silly install resolved       './string-width': [Object],
2950 silly install resolved       './strip-ansi': [Object],
2950 silly install resolved       './wrap-ansi': [Object],
2950 silly install resolved       './min': [Object]
2950 silly install resolved     },
2950 silly install resolved     scripts: {
2950 silly install resolved       preversion: 'npm test',
2950 silly install resolved       postversion: 'npm publish',
2950 silly install resolved       prepublishOnly: 'git push origin --follow-tags',
2950 silly install resolved       prepare: 'tshy && bash build.sh',
2950 silly install resolved       pretest: 'npm run prepare',
2950 silly install resolved       presnap: 'npm run prepare',
2950 silly install resolved       test: 'tap',
2950 silly install resolved       snap: 'tap',
2950 silly install resolved       format: 'prettier --write . --log-level warn',
2950 silly install resolved       typedoc: 'typedoc'
2950 silly install resolved     },
2950 silly install resolved     repository: { type: 'git', url: 'git+ssh://git@github.com/isaacs/cliui.git' },
2950 silly install resolved     keywords: [
2950 silly install resolved       'cli',
2950 silly install resolved       'command-line',
2950 silly install resolved       'layout',
2950 silly install resolved       'design',
2950 silly install resolved       'console',
2950 silly install resolved       'wrap',
2950 silly install resolved       'table'
2950 silly install resolved     ],
2950 silly install resolved     license: 'BlueOak-1.0.0',
2950 silly install resolved     devDependencies: {
2950 silly install resolved       '@types/node': '^25.2.1',
2950 silly install resolved       esbuild: '^0.27.2',
2950 silly install resolved       prettier: '^3.8.1',
2950 silly install resolved       tap: '^21.5.0',
2950 silly install resolved       tshy: '^3.1.0',
2950 silly install resolved       typedoc: '^0.28.16'
2950 silly install resolved     },
2950 silly install resolved     engines: { node: '>=18' },
2950 silly install resolved     tshy: { selfLink: false, exports: [Object] },
2950 silly install resolved     gitHead: 'b33b76c344fc3e76cca1a6e8d8cf25ae09f33fc0',
2950 silly install resolved     _id: '@isaacs/cliui@9.0.0',
2950 silly install resolved     bugs: { url: 'https://github.com/isaacs/cliui/issues' },
2950 silly install resolved     homepage: 'https://github.com/isaacs/cliui#readme',
2950 silly install resolved     _nodeVersion: '24.4.1',
2950 silly install resolved     _npmVersion: '11.8.0',
2950 silly install resolved     dist: {
2950 silly install resolved       integrity: 'sha512-AokJm4tuBHillT+FpMtxQ60n8ObyXBatq7jD2/JA9dxbDDokKQm8KMht5ibGzLVU9IJDIKK4TPKgMHEYMn3lMg==',
2950 silly install resolved       shasum: '4d0a3f127058043bf2e7ee169eaf30ed901302f3',
2950 silly install resolved       tarball: 'https://registry.npmjs.org/@isaacs/cliui/-/cliui-9.0.0.tgz',
2950 silly install resolved       fileCount: 73,
2950 silly install resolved       unpackedSize: 522445,
2950 silly install resolved       signatures: [Array]
2950 silly install resolved     },
2950 silly install resolved     _npmUser: { name: 'isaacs', email: 'i@izs.me' },
2950 silly install resolved     directories: {},
2950 silly install resolved     maintainers: [ [Object] ],
2950 silly install resolved     _npmOperationalInternal: {
2950 silly install resolved       host: 's3://npm-registry-packages-npm-production',
2950 silly install resolved       tmp: 'tmp/cliui_9.0.0_1770316856095_0.0023434399762787272'
2950 silly install resolved     },
2950 silly install resolved     _hasShrinkwrap: false,
2950 silly install resolved     _shasum: '4d0a3f127058043bf2e7ee169eaf30ed901302f3',
2950 silly install resolved     _resolved: 'https://registry.npmjs.org/@isaacs/cliui/-/cliui-9.0.0.tgz',
2950 silly install resolved     _from: '@isaacs/cliui@>=9.0.0 <10.0.0'
2950 silly install resolved   }
2950 silly install resolved ]
2951 info install @isaacs/cliui@9.0.0 into /home/ahmed-wael/ITI/Courses/Node/Tasks/4/node_modules/eslint/node_modules/minimatch/node_modules/brace-expansion/node_modules/balanced-match/node_modules/jackspeak
2952 info installOne @isaacs/cliui@9.0.0
2953 verbose installOne of @isaacs/cliui to /home/ahmed-wael/ITI/Courses/Node/Tasks/4/node_modules/eslint/node_modules/minimatch/node_modules/brace-expansion/node_modules/balanced-match/node_modules/jackspeak not in flight; installing
2954 verbose correctMkdir /home/ahmed-wael/.npm/_locks correctMkdir not in flight; initializing
2955 verbose lock using /home/ahmed-wael/.npm/_locks/isaacs-cliui-8abf994ea2d6c3f6.lock for /home/ahmed-wael/ITI/Courses/Node/Tasks/4/node_modules/eslint/node_modules/minimatch/node_modules/brace-expansion/node_modules/balanced-match/node_modules/jackspeak/node_modules/@isaacs/cliui
2956 silly install write writing @isaacs/cliui 9.0.0 to /home/ahmed-wael/ITI/Courses/Node/Tasks/4/node_modules/eslint/node_modules/minimatch/node_modules/brace-expansion/node_modules/balanced-match/node_modules/jackspeak/node_modules/@isaacs/cliui
2957 verbose unbuild node_modules/eslint/node_modules/minimatch/node_modules/brace-expansion/node_modules/balanced-match/node_modules/jackspeak/node_modules/@isaacs/cliui
2958 silly gentlyRm /home/ahmed-wael/ITI/Courses/Node/Tasks/4/node_modules/eslint/node_modules/minimatch/node_modules/brace-expansion/node_modules/balanced-match/node_modules/jackspeak/node_modules/@isaacs/cliui is being purged from base /home/ahmed-wael/ITI/Courses/Node/Tasks/4
2959 verbose gentlyRm don't care about contents; nuking /home/ahmed-wael/ITI/Courses/Node/Tasks/4/node_modules/eslint/node_modules/minimatch/node_modules/brace-expansion/node_modules/balanced-match/node_modules/jackspeak/node_modules/@isaacs/cliui
2960 verbose tar unpack /home/ahmed-wael/.npm/@isaacs/cliui/9.0.0/package.tgz
2961 verbose tar unpacking to /home/ahmed-wael/ITI/Courses/Node/Tasks/4/node_modules/eslint/node_modules/minimatch/node_modules/brace-expansion/node_modules/balanced-match/node_modules/jackspeak/node_modules/@isaacs/cliui
2962 silly gentlyRm /home/ahmed-wael/ITI/Courses/Node/Tasks/4/node_modules/eslint/node_modules/minimatch/node_modules/brace-expansion/node_modules/balanced-match/node_modules/jackspeak/node_modules/@isaacs/cliui is being purged
2963 verbose gentlyRm don't care about contents; nuking /home/ahmed-wael/ITI/Courses/Node/Tasks/4/node_modules/eslint/node_modules/minimatch/node_modules/brace-expansion/node_modules/balanced-match/node_modules/jackspeak/node_modules/@isaacs/cliui
2964 silly gunzTarPerm modes [ '775', '664' ]
2965 silly gunzTarPerm extractEntry dist/commonjs/ansi-regex/index.js
2966 silly gunzTarPerm modified mode [ 'dist/commonjs/ansi-regex/index.js', 420, 436 ]
2967 silly gunzTarPerm extractEntry dist/commonjs/ansi-styles/index.js
2968 silly gunzTarPerm modified mode [ 'dist/commonjs/ansi-styles/index.js', 420, 436 ]
2969 silly gunzTarPerm extractEntry dist/commonjs/eastasianwidth/index.js
2970 silly gunzTarPerm modified mode [ 'dist/commonjs/eastasianwidth/index.js', 420, 436 ]
2971 silly gunzTarPerm extractEntry dist/commonjs/emoji-regex/index.js
2972 silly gunzTarPerm modified mode [ 'dist/commonjs/emoji-regex/index.js', 420, 436 ]
2973 silly gunzTarPerm extractEntry dist/commonjs/index.js
2974 silly gunzTarPerm modified mode [ 'dist/commonjs/index.js', 420, 436 ]
2975 silly gunzTarPerm extractEntry dist/commonjs/string-width/index.js
2976 silly gunzTarPerm modified mode [ 'dist/commonjs/string-width/index.js', 420, 436 ]
2977 silly gunzTarPerm extractEntry dist/commonjs/strip-ansi/index.js
2978 silly gunzTarPerm modified mode [ 'dist/commonjs/strip-ansi/index.js', 420, 436 ]
2979 silly gunzTarPerm extractEntry dist/commonjs/wrap-ansi/index.js
2980 silly gunzTarPerm modified mode [ 'dist/commonjs/wrap-ansi/index.js', 420, 436 ]
2981 silly gunzTarPerm extractEntry dist/esm/ansi-regex/index.js
2982 silly gunzTarPerm modified mode [ 'dist/esm/ansi-regex/index.js', 420, 436 ]
2983 silly gunzTarPerm extractEntry dist/esm/ansi-styles/index.js
2984 silly gunzTarPerm modified mode [ 'dist/esm/ansi-styles/index.js', 420, 436 ]
2985 silly gunzTarPerm extractEntry dist/esm/eastasianwidth/index.js
2986 silly gunzTarPerm modified mode [ 'dist/esm/eastasianwidth/index.js', 420, 436 ]
2987 silly gunzTarPerm extractEntry dist/esm/emoji-regex/index.js
2988 silly gunzTarPerm modified mode [ 'dist/esm/emoji-regex/index.js', 420, 436 ]
2989 silly gunzTarPerm extractEntry dist/esm/index.js
2990 silly gunzTarPerm modified mode [ 'dist/esm/index.js', 420, 436 ]
2991 silly gunzTarPerm extractEntry dist/esm/string-width/index.js
2992 silly gunzTarPerm modified mode [ 'dist/esm/string-width/index.js', 420, 436 ]
2993 silly gunzTarPerm extractEntry dist/esm/strip-ansi/index.js
2994 silly gunzTarPerm modified mode [ 'dist/esm/strip-ansi/index.js', 420, 436 ]
2995 silly gunzTarPerm extractEntry dist/esm/wrap-ansi/index.js
2996 silly gunzTarPerm modified mode [ 'dist/esm/wrap-ansi/index.js', 420, 436 ]
2997 silly gunzTarPerm extractEntry dist/commonjs/index.min.js
2998 silly gunzTarPerm modified mode [ 'dist/commonjs/index.min.js', 420, 436 ]
2999 silly gunzTarPerm extractEntry dist/esm/index.min.js
3000 silly gunzTarPerm modified mode [ 'dist/esm/index.min.js', 420, 436 ]
3001 silly gunzTarPerm extractEntry dist/commonjs/package.json
3002 silly gunzTarPerm modified mode [ 'dist/commonjs/package.json', 420, 436 ]
3003 silly gunzTarPerm extractEntry dist/esm/package.json
3004 silly gunzTarPerm modified mode [ 'dist/esm/package.json', 420, 436 ]
3005 silly gunzTarPerm extractEntry package.json
3006 silly gunzTarPerm modified mode [ 'package.json', 420, 436 ]
3007 silly gunzTarPerm extractEntry dist/commonjs/ansi-regex/index.d.ts.map
3008 silly gunzTarPerm modified mode [ 'dist/commonjs/ansi-regex/index.d.ts.map', 420, 436 ]
3009 silly gunzTarPerm extractEntry dist/commonjs/ansi-styles/index.d.ts.map
3010 silly gunzTarPerm modified mode [ 'dist/commonjs/ansi-styles/index.d.ts.map', 420, 436 ]
3011 silly gunzTarPerm extractEntry dist/commonjs/eastasianwidth/index.d.ts.map
3012 silly gunzTarPerm modified mode [ 'dist/commonjs/eastasianwidth/index.d.ts.map', 420, 436 ]
3013 silly gunzTarPerm extractEntry dist/commonjs/emoji-regex/index.d.ts.map
3014 silly gunzTarPerm modified mode [ 'dist/commonjs/emoji-regex/index.d.ts.map', 420, 436 ]
3015 silly gunzTarPerm extractEntry dist/commonjs/index.d.ts.map
3016 silly gunzTarPerm modified mode [ 'dist/commonjs/index.d.ts.map', 420, 436 ]
3017 silly gunzTarPerm extractEntry dist/commonjs/string-width/index.d.ts.map
3018 silly gunzTarPerm modified mode [ 'dist/commonjs/string-width/index.d.ts.map', 420, 436 ]
3019 silly gunzTarPerm extractEntry dist/commonjs/strip-ansi/index.d.ts.map
3020 silly gunzTarPerm modified mode [ 'dist/commonjs/strip-ansi/index.d.ts.map', 420, 436 ]
3021 silly gunzTarPerm extractEntry dist/commonjs/wrap-ansi/index.d.ts.map
3022 silly gunzTarPerm modified mode [ 'dist/commonjs/wrap-ansi/index.d.ts.map', 420, 436 ]
3023 silly gunzTarPerm extractEntry dist/esm/ansi-regex/index.d.ts.map
3024 silly gunzTarPerm modified mode [ 'dist/esm/ansi-regex/index.d.ts.map', 420, 436 ]
3025 silly gunzTarPerm extractEntry dist/esm/ansi-styles/index.d.ts.map
3026 silly gunzTarPerm modified mode [ 'dist/esm/ansi-styles/index.d.ts.map', 420, 436 ]
3027 silly gunzTarPerm extractEntry dist/esm/eastasianwidth/index.d.ts.map
3028 silly gunzTarPerm modified mode [ 'dist/esm/eastasianwidth/index.d.ts.map', 420, 436 ]
3029 silly gunzTarPerm extractEntry dist/esm/emoji-regex/index.d.ts.map
3030 silly gunzTarPerm modified mode [ 'dist/esm/emoji-regex/index.d.ts.map', 420, 436 ]
3031 silly gunzTarPerm extractEntry dist/esm/index.d.ts.map
3032 silly gunzTarPerm modified mode [ 'dist/esm/index.d.ts.map', 420, 436 ]
3033 silly gunzTarPerm extractEntry dist/esm/string-width/index.d.ts.map
3034 silly gunzTarPerm modified mode [ 'dist/esm/string-width/index.d.ts.map', 420, 436 ]
3035 silly gunzTarPerm extractEntry dist/esm/strip-ansi/index.d.ts.map
3036 silly gunzTarPerm modified mode [ 'dist/esm/strip-ansi/index.d.ts.map', 420, 436 ]
3037 silly gunzTarPerm extractEntry dist/esm/wrap-ansi/index.d.ts.map
3038 silly gunzTarPerm modified mode [ 'dist/esm/wrap-ansi/index.d.ts.map', 420, 436 ]
3039 silly gunzTarPerm extractEntry dist/commonjs/ansi-regex/index.js.map
3040 silly gunzTarPerm modified mode [ 'dist/commonjs/ansi-regex/index.js.map', 420, 436 ]
3041 silly gunzTarPerm extractEntry dist/commonjs/ansi-styles/index.js.map
3042 silly gunzTarPerm modified mode [ 'dist/commonjs/ansi-styles/index.js.map', 420, 436 ]
3043 silly gunzTarPerm extractEntry dist/commonjs/eastasianwidth/index.js.map
3044 silly gunzTarPerm modified mode [ 'dist/commonjs/eastasianwidth/index.js.map', 420, 436 ]
3045 silly gunzTarPerm extractEntry dist/commonjs/emoji-regex/index.js.map
3046 silly gunzTarPerm modified mode [ 'dist/commonjs/emoji-regex/index.js.map', 420, 436 ]
3047 silly gunzTarPerm extractEntry dist/commonjs/index.js.map
3048 silly gunzTarPerm modified mode [ 'dist/commonjs/index.js.map', 420, 436 ]
3049 silly gunzTarPerm extractEntry dist/commonjs/string-width/index.js.map
3050 silly gunzTarPerm modified mode [ 'dist/commonjs/string-width/index.js.map', 420, 436 ]
3051 silly gunzTarPerm extractEntry dist/commonjs/strip-ansi/index.js.map
3052 silly gunzTarPerm modified mode [ 'dist/commonjs/strip-ansi/index.js.map', 420, 436 ]
3053 silly gunzTarPerm extractEntry dist/commonjs/wrap-ansi/index.js.map
3054 silly gunzTarPerm modified mode [ 'dist/commonjs/wrap-ansi/index.js.map', 420, 436 ]
3055 silly gunzTarPerm extractEntry dist/esm/ansi-regex/index.js.map
3056 silly gunzTarPerm modified mode [ 'dist/esm/ansi-regex/index.js.map', 420, 436 ]
3057 silly gunzTarPerm extractEntry dist/esm/ansi-styles/index.js.map
3058 silly gunzTarPerm modified mode [ 'dist/esm/ansi-styles/index.js.map', 420, 436 ]
3059 silly gunzTarPerm extractEntry dist/esm/eastasianwidth/index.js.map
3060 silly gunzTarPerm modified mode [ 'dist/esm/eastasianwidth/index.js.map', 420, 436 ]
3061 silly gunzTarPerm extractEntry dist/esm/emoji-regex/index.js.map
3062 silly gunzTarPerm modified mode [ 'dist/esm/emoji-regex/index.js.map', 420, 436 ]
3063 silly gunzTarPerm extractEntry dist/esm/index.js.map
3064 silly gunzTarPerm modified mode [ 'dist/esm/index.js.map', 420, 436 ]
3065 silly gunzTarPerm extractEntry dist/esm/string-width/index.js.map
3066 silly gunzTarPerm modified mode [ 'dist/esm/string-width/index.js.map', 420, 436 ]
3067 silly gunzTarPerm extractEntry dist/esm/strip-ansi/index.js.map
3068 silly gunzTarPerm modified mode [ 'dist/esm/strip-ansi/index.js.map', 420, 436 ]
3069 silly gunzTarPerm extractEntry dist/esm/wrap-ansi/index.js.map
3070 silly gunzTarPerm modified mode [ 'dist/esm/wrap-ansi/index.js.map', 420, 436 ]
3071 silly gunzTarPerm extractEntry dist/commonjs/index.min.js.map
3072 silly gunzTarPerm modified mode [ 'dist/commonjs/index.min.js.map', 420, 436 ]
3073 silly gunzTarPerm extractEntry dist/esm/index.min.js.map
3074 silly gunzTarPerm modified mode [ 'dist/esm/index.min.js.map', 420, 436 ]
3075 silly gunzTarPerm extractEntry LICENSE.md
3076 silly gunzTarPerm modified mode [ 'LICENSE.md', 420, 436 ]
3077 silly gunzTarPerm extractEntry README.md
3078 silly gunzTarPerm modified mode [ 'README.md', 420, 436 ]
3079 silly gunzTarPerm extractEntry dist/commonjs/ansi-regex/index.d.ts
3080 silly gunzTarPerm modified mode [ 'dist/commonjs/ansi-regex/index.d.ts', 420, 436 ]
3081 silly gunzTarPerm extractEntry dist/commonjs/ansi-styles/index.d.ts
3082 silly gunzTarPerm modified mode [ 'dist/commonjs/ansi-styles/index.d.ts', 420, 436 ]
3083 silly gunzTarPerm extractEntry dist/commonjs/eastasianwidth/index.d.ts
3084 silly gunzTarPerm modified mode [ 'dist/commonjs/eastasianwidth/index.d.ts', 420, 436 ]
3085 silly gunzTarPerm extractEntry dist/commonjs/emoji-regex/index.d.ts
3086 silly gunzTarPerm modified mode [ 'dist/commonjs/emoji-regex/index.d.ts', 420, 436 ]
3087 silly gunzTarPerm extractEntry dist/commonjs/index.d.ts
3088 silly gunzTarPerm modified mode [ 'dist/commonjs/index.d.ts', 420, 436 ]
3089 silly gunzTarPerm extractEntry dist/commonjs/string-width/index.d.ts
3090 silly gunzTarPerm modified mode [ 'dist/commonjs/string-width/index.d.ts', 420, 436 ]
3091 silly gunzTarPerm extractEntry dist/commonjs/strip-ansi/index.d.ts
3092 silly gunzTarPerm modified mode [ 'dist/commonjs/strip-ansi/index.d.ts', 420, 436 ]
3093 silly gunzTarPerm extractEntry dist/commonjs/wrap-ansi/index.d.ts
3094 silly gunzTarPerm modified mode [ 'dist/commonjs/wrap-ansi/index.d.ts', 420, 436 ]
3095 silly gunzTarPerm extractEntry dist/esm/ansi-regex/index.d.ts
3096 silly gunzTarPerm modified mode [ 'dist/esm/ansi-regex/index.d.ts', 420, 436 ]
3097 silly gunzTarPerm extractEntry dist/esm/ansi-styles/index.d.ts
3098 silly gunzTarPerm modified mode [ 'dist/esm/ansi-styles/index.d.ts', 420, 436 ]
3099 silly gunzTarPerm extractEntry dist/esm/eastasianwidth/index.d.ts
3100 silly gunzTarPerm modified mode [ 'dist/esm/eastasianwidth/index.d.ts', 420, 436 ]
3101 silly gunzTarPerm extractEntry dist/esm/emoji-regex/index.d.ts
3102 silly gunzTarPerm modified mode [ 'dist/esm/emoji-regex/index.d.ts', 420, 436 ]
3103 silly gunzTarPerm extractEntry dist/esm/index.d.ts
3104 silly gunzTarPerm modified mode [ 'dist/esm/index.d.ts', 420, 436 ]
3105 silly gunzTarPerm extractEntry dist/esm/string-width/index.d.ts
3106 silly gunzTarPerm modified mode [ 'dist/esm/string-width/index.d.ts', 420, 436 ]
3107 silly gunzTarPerm extractEntry dist/esm/strip-ansi/index.d.ts
3108 silly gunzTarPerm modified mode [ 'dist/esm/strip-ansi/index.d.ts', 420, 436 ]
3109 silly gunzTarPerm extractEntry dist/esm/wrap-ansi/index.d.ts
3110 silly gunzTarPerm modified mode [ 'dist/esm/wrap-ansi/index.d.ts', 420, 436 ]
3111 verbose write writing to /home/ahmed-wael/ITI/Courses/Node/Tasks/4/node_modules/eslint/node_modules/minimatch/node_modules/brace-expansion/node_modules/balanced-match/node_modules/jackspeak/node_modules/@isaacs/cliui/package.json
3112 info preinstall @isaacs/cliui@9.0.0
3113 verbose readDependencies loading dependencies from /home/ahmed-wael/ITI/Courses/Node/Tasks/4/node_modules/eslint/node_modules/minimatch/node_modules/brace-expansion/node_modules/balanced-match/node_modules/jackspeak/node_modules/@isaacs/cliui/package.json
3114 verbose readDependencies loading dependencies from /home/ahmed-wael/ITI/Courses/Node/Tasks/4/node_modules/eslint/node_modules/minimatch/node_modules/brace-expansion/node_modules/balanced-match/node_modules/jackspeak/node_modules/@isaacs/cliui/package.json
3115 silly install resolved []
3116 verbose about to build /home/ahmed-wael/ITI/Courses/Node/Tasks/4/node_modules/eslint/node_modules/minimatch/node_modules/brace-expansion/node_modules/balanced-match/node_modules/jackspeak/node_modules/@isaacs/cliui
3117 info build /home/ahmed-wael/ITI/Courses/Node/Tasks/4/node_modules/eslint/node_modules/minimatch/node_modules/brace-expansion/node_modules/balanced-match/node_modules/jackspeak/node_modules/@isaacs/cliui
3118 info linkStuff @isaacs/cliui@9.0.0
3119 silly linkStuff @isaacs/cliui@9.0.0 has /home/ahmed-wael/ITI/Courses/Node/Tasks/4/node_modules/eslint/node_modules/minimatch/node_modules/brace-expansion/node_modules/balanced-match/node_modules/jackspeak/node_modules as its parent node_modules
3120 verbose linkBins @isaacs/cliui@9.0.0
3121 verbose linkMans @isaacs/cliui@9.0.0
3122 verbose rebuildBundles @isaacs/cliui@9.0.0
3123 info install @isaacs/cliui@9.0.0
3124 info postinstall @isaacs/cliui@9.0.0
3125 verbose unlock done using /home/ahmed-wael/.npm/_locks/isaacs-cliui-8abf994ea2d6c3f6.lock for /home/ahmed-wael/ITI/Courses/Node/Tasks/4/node_modules/eslint/node_modules/minimatch/node_modules/brace-expansion/node_modules/balanced-match/node_modules/jackspeak/node_modules/@isaacs/cliui
3126 verbose about to build /home/ahmed-wael/ITI/Courses/Node/Tasks/4/node_modules/eslint/node_modules/minimatch/node_modules/brace-expansion/node_modules/balanced-match/node_modules/jackspeak
3127 info build /home/ahmed-wael/ITI/Courses/Node/Tasks/4/node_modules/eslint/node_modules/minimatch/node_modules/brace-expansion/node_modules/balanced-match/node_modules/jackspeak
3128 info linkStuff jackspeak@4.2.3
3129 silly linkStuff jackspeak@4.2.3 has /home/ahmed-wael/ITI/Courses/Node/Tasks/4/node_modules/eslint/node_modules/minimatch/node_modules/brace-expansion/node_modules/balanced-match/node_modules as its parent node_modules
3130 verbose linkBins jackspeak@4.2.3
3131 verbose linkMans jackspeak@4.2.3
3132 verbose rebuildBundles jackspeak@4.2.3
3133 verbose rebuildBundles [ '@isaacs' ]
3134 info install jackspeak@4.2.3
3135 info postinstall jackspeak@4.2.3
3136 verbose unlock done using /home/ahmed-wael/.npm/_locks/jackspeak-93306f359fe10738.lock for /home/ahmed-wael/ITI/Courses/Node/Tasks/4/node_modules/eslint/node_modules/minimatch/node_modules/brace-expansion/node_modules/balanced-match/node_modules/jackspeak
3137 verbose about to build /home/ahmed-wael/ITI/Courses/Node/Tasks/4/node_modules/eslint/node_modules/minimatch/node_modules/brace-expansion/node_modules/balanced-match
3138 info build /home/ahmed-wael/ITI/Courses/Node/Tasks/4/node_modules/eslint/node_modules/minimatch/node_modules/brace-expansion/node_modules/balanced-match
3139 info linkStuff balanced-match@4.0.2
3140 silly linkStuff balanced-match@4.0.2 has /home/ahmed-wael/ITI/Courses/Node/Tasks/4/node_modules/eslint/node_modules/minimatch/node_modules/brace-expansion/node_modules as its parent node_modules
3141 verbose linkBins balanced-match@4.0.2
3142 verbose linkMans balanced-match@4.0.2
3143 verbose rebuildBundles balanced-match@4.0.2
3144 verbose rebuildBundles [ 'jackspeak' ]
3145 info install balanced-match@4.0.2
3146 info postinstall balanced-match@4.0.2
3147 verbose unlock done using /home/ahmed-wael/.npm/_locks/balanced-match-20b801244a0a379b.lock for /home/ahmed-wael/ITI/Courses/Node/Tasks/4/node_modules/eslint/node_modules/minimatch/node_modules/brace-expansion/node_modules/balanced-match
3148 verbose about to build /home/ahmed-wael/ITI/Courses/Node/Tasks/4/node_modules/eslint/node_modules/minimatch/node_modules/brace-expansion
3149 info build /home/ahmed-wael/ITI/Courses/Node/Tasks/4/node_modules/eslint/node_modules/minimatch/node_modules/brace-expansion
3150 info linkStuff brace-expansion@5.0.2
3151 silly linkStuff brace-expansion@5.0.2 has /home/ahmed-wael/ITI/Courses/Node/Tasks/4/node_modules/eslint/node_modules/minimatch/node_modules as its parent node_modules
3152 verbose linkBins brace-expansion@5.0.2
3153 verbose linkMans brace-expansion@5.0.2
3154 verbose rebuildBundles brace-expansion@5.0.2
3155 verbose rebuildBundles [ 'balanced-match' ]
3156 info install brace-expansion@5.0.2
3157 info postinstall brace-expansion@5.0.2
3158 verbose unlock done using /home/ahmed-wael/.npm/_locks/brace-expansion-8c7f299b18edc61e.lock for /home/ahmed-wael/ITI/Courses/Node/Tasks/4/node_modules/eslint/node_modules/minimatch/node_modules/brace-expansion
3159 verbose about to build /home/ahmed-wael/ITI/Courses/Node/Tasks/4/node_modules/eslint/node_modules/minimatch
3160 info build /home/ahmed-wael/ITI/Courses/Node/Tasks/4/node_modules/eslint/node_modules/minimatch
3161 info linkStuff minimatch@10.2.0
3162 silly linkStuff minimatch@10.2.0 has /home/ahmed-wael/ITI/Courses/Node/Tasks/4/node_modules/eslint/node_modules as its parent node_modules
3163 verbose linkBins minimatch@10.2.0
3164 verbose linkMans minimatch@10.2.0
3165 verbose rebuildBundles minimatch@10.2.0
3166 verbose rebuildBundles [ 'brace-expansion' ]
3167 info install minimatch@10.2.0
3168 info postinstall minimatch@10.2.0
3169 verbose unlock done using /home/ahmed-wael/.npm/_locks/minimatch-bb86d74edf467a23.lock for /home/ahmed-wael/ITI/Courses/Node/Tasks/4/node_modules/eslint/node_modules/minimatch
3170 verbose about to build /home/ahmed-wael/ITI/Courses/Node/Tasks/4/node_modules/eslint
3171 verbose unlock done using /home/ahmed-wael/.npm/_locks/eslint-abba433f0dcba765.lock for /home/ahmed-wael/ITI/Courses/Node/Tasks/4/node_modules/eslint
3172 verbose stack Error: ENOTDIR: not a directory, open '/home/ahmed-wael/ITI/Courses/Node/Tasks/4/node_modules/eslint/node_modules/eslint-scope/node_modules/@types/esrecurse/package.json'
3173 verbose cwd /home/ahmed-wael/ITI/Courses/Node/Tasks/4
3174 error Linux 6.14.0-37-generic
3175 error argv "/home/ahmed-wael/node_modules/.pnpm/node@22.21.0/node_modules/node/bin/node" "/home/ahmed-wael/node_modules/npm/bin/npm-cli.js" "install" "-D" "eslint" "@eslint/js" "globals"
3176 error node v22.21.0
3177 error npm  v2.15.12
3178 error path /home/ahmed-wael/ITI/Courses/Node/Tasks/4/node_modules/eslint/node_modules/eslint-scope/node_modules/@types/esrecurse/package.json
3179 error code ENOTDIR
3180 error errno -20
3181 error syscall open
3182 error ENOTDIR: not a directory, open '/home/ahmed-wael/ITI/Courses/Node/Tasks/4/node_modules/eslint/node_modules/eslint-scope/node_modules/@types/esrecurse/package.json'
3183 error If you need help, you may report this error at:
3183 error     <https://github.com/npm/npm/issues>
3184 verbose exit [ -20, true ]
3185 verbose unbuild node_modules/eslint/node_modules/eslint-scope/node_modules/@types/esrecurse
3186 silly gentlyRm /home/ahmed-wael/ITI/Courses/Node/Tasks/4/node_modules/eslint/node_modules/eslint-scope/node_modules/@types/esrecurse is being purged from base /home/ahmed-wael/ITI/Courses/Node/Tasks/4
3187 verbose gentlyRm don't care about contents; nuking /home/ahmed-wael/ITI/Courses/Node/Tasks/4/node_modules/eslint/node_modules/eslint-scope/node_modules/@types/esrecurse
3188 silly vacuum-fs purging /home/ahmed-wael/ITI/Courses/Node/Tasks/4/node_modules/eslint/node_modules/eslint-scope/node_modules/@types/esrecurse
3189 silly vacuum-fs removing /home/ahmed-wael/ITI/Courses/Node/Tasks/4/node_modules/eslint/node_modules/eslint-scope/node_modules/@types
3190 silly vacuum-fs removing /home/ahmed-wael/ITI/Courses/Node/Tasks/4/node_modules/eslint/node_modules/eslint-scope/node_modules
3191 silly vacuum-fs quitting because other entries in /home/ahmed-wael/ITI/Courses/Node/Tasks/4/node_modules/eslint/node_modules/eslint-scope
3192 verbose unbuild node_modules/eslint/node_modules/eslint-scope
3193 info preuninstall eslint-scope@9.1.0
3194 info uninstall eslint-scope@9.1.0
3195 verbose unbuild rmStuff eslint-scope@9.1.0 from /home/ahmed-wael/ITI/Courses/Node/Tasks/4/node_modules
3196 verbose unbuild rmStuff in /home/ahmed-wael/ITI/Courses/Node/Tasks/4/node_modules/eslint/node_modules
3197 info postuninstall eslint-scope@9.1.0
3198 silly gentlyRm /home/ahmed-wael/ITI/Courses/Node/Tasks/4/node_modules/eslint/node_modules/eslint-scope is being purged from base /home/ahmed-wael/ITI/Courses/Node/Tasks/4
3199 verbose gentlyRm don't care about contents; nuking /home/ahmed-wael/ITI/Courses/Node/Tasks/4/node_modules/eslint/node_modules/eslint-scope
3200 silly vacuum-fs purging /home/ahmed-wael/ITI/Courses/Node/Tasks/4/node_modules/eslint/node_modules/eslint-scope
3201 silly vacuum-fs quitting because other entries in /home/ahmed-wael/ITI/Courses/Node/Tasks/4/node_modules/eslint/node_modules
3202 verbose unbuild node_modules/eslint
3203 info preuninstall eslint@10.0.0
3204 info uninstall eslint@10.0.0
3205 verbose unbuild rmStuff eslint@10.0.0 from /home/ahmed-wael/ITI/Courses/Node/Tasks/4/node_modules
3206 silly gentlyRm /home/ahmed-wael/ITI/Courses/Node/Tasks/4/node_modules/.bin/eslint is being gently removed
3207 silly gentlyRm verifying /home/ahmed-wael/ITI/Courses/Node/Tasks/4 is an npm working directory
3208 silly gentlyRm containing path /home/ahmed-wael/ITI/Courses/Node/Tasks/4 is under npm's control, in /home/ahmed-wael/ITI/Courses/Node/Tasks/4
3209 silly gentlyRm deletion target /home/ahmed-wael/ITI/Courses/Node/Tasks/4/node_modules/.bin/eslint is under /home/ahmed-wael/ITI/Courses/Node/Tasks/4
3210 verbose gentlyRm vacuuming from /home/ahmed-wael/ITI/Courses/Node/Tasks/4/node_modules/.bin/eslint up to /home/ahmed-wael/ITI/Courses/Node/Tasks/4
3211 info postuninstall eslint@10.0.0
3212 silly gentlyRm /home/ahmed-wael/ITI/Courses/Node/Tasks/4/node_modules/eslint is being purged from base /home/ahmed-wael/ITI/Courses/Node/Tasks/4
3213 verbose gentlyRm don't care about contents; nuking /home/ahmed-wael/ITI/Courses/Node/Tasks/4/node_modules/eslint
3214 silly vacuum-fs purging /home/ahmed-wael/ITI/Courses/Node/Tasks/4/node_modules/eslint
3215 silly vacuum-fs quitting because other entries in /home/ahmed-wael/ITI/Courses/Node/Tasks/4/node_modules
